latitude,longitude,elevation,utc_offset_seconds,timezone,timezone_abbreviation
26.959578,75.81576,438.0,19800,Asia/Kolkata,GMT+5:30

time,weather_code (wmo code),temperature_2m_mean (°C),temperature_2m_max (°C),temperature_2m_min (°C),precipitation_sum (mm),rain_sum (mm),wind_speed_10m_max (km/h),relative_humidity_2m_max (%),relative_humidity_2m_min (%),relative_humidity_2m_mean (%),wind_speed_10m_min (km/h),wind_speed_10m_mean (km/h)
2015-01-19,1,13.8,20.6,7.0,0.00,0.00,8.9,93,38,68,2.6,6.7
2015-01-20,3,14.1,20.7,8.3,0.00,0.00,18.3,94,39,68,7.8,11.9
2015-01-21,51,15.5,21.2,11.4,0.50,0.50,16.9,90,57,76,7.0,13.0
2015-01-22,61,15.2,19.0,12.6,8.00,8.00,14.1,96,72,87,2.2,6.9
2015-01-23,51,14.7,18.0,12.0,0.50,0.50,8.3,99,64,87,2.1,5.5
2015-01-24,3,13.2,18.0,9.5,0.00,0.00,8.5,98,48,76,2.5,6.0
2015-01-25,3,13.7,18.9,7.7,0.00,0.00,9.4,93,50,72,2.0,6.5
2015-01-26,3,14.1,17.8,11.6,0.00,0.00,9.2,89,51,74,2.6,5.7
2015-01-27,3,13.2,18.0,9.2,0.00,0.00,9.8,96,40,68,1.1,6.6
2015-01-28,1,11.3,16.7,6.7,0.00,0.00,11.0,91,38,66,5.7,8.5
2015-01-29,0,11.1,18.5,4.2,0.00,0.00,9.3,93,35,65,1.6,6.9
2015-01-30,0,11.8,19.1,5.1,0.00,0.00,9.7,89,30,59,3.2,7.3
2015-01-31,0,13.6,21.3,5.4,0.00,0.00,8.9,80,30,53,1.3,6.3
2015-02-01,1,15.3,22.8,7.8,0.00,0.00,16.3,81,38,59,7.2,10.8
2015-02-02,1,17.0,23.4,11.7,0.00,0.00,17.3,84,46,69,6.1,13.8
2015-02-03,0,16.4,23.4,11.3,0.00,0.00,17.7,96,39,71,4.8,9.9
2015-02-04,0,14.5,22.2,8.2,0.00,0.00,12.6,95,28,65,6.5,9.6
2015-02-05,2,13.6,21.6,6.6,0.00,0.00,8.9,97,27,63,1.3,5.8
2015-02-06,3,15.2,22.8,8.2,0.00,0.00,13.7,83,34,59,6.6,9.5
2015-02-07,61,16.5,22.9,12.1,2.20,2.20,14.8,88,48,68,7.6,11.0
2015-02-08,51,17.3,23.4,12.2,0.10,0.10,13.8,96,42,70,0.7,8.1
2015-02-09,1,17.3,23.6,11.9,0.00,0.00,12.0,81,32,57,2.9,8.5
2015-02-10,1,17.2,23.8,10.9,0.00,0.00,9.7,80,28,53,0.4,5.8
2015-02-11,0,16.9,23.9,9.9,0.00,0.00,9.6,84,33,56,2.8,6.7
2015-02-12,0,16.7,23.9,10.7,0.00,0.00,10.6,80,22,49,2.9,8.6
2015-02-13,0,17.5,26.5,8.5,0.00,0.00,14.1,68,24,44,1.4,8.2
2015-02-14,0,20.8,29.4,13.4,0.00,0.00,19.5,58,25,43,8.3,12.6
2015-02-15,3,20.9,28.7,13.0,0.00,0.00,10.2,88,25,53,1.6,6.3
2015-02-16,3,21.4,29.1,14.2,0.00,0.00,17.0,80,31,54,7.7,11.4
2015-02-17,0,21.7,29.6,14.2,0.00,0.00,12.2,95,30,61,0.7,7.5
2015-02-18,61,21.2,27.7,15.2,2.20,2.20,9.9,94,38,67,4.3,7.1
2015-02-19,53,22.7,30.4,15.6,0.70,0.70,13.4,85,22,47,5.4,9.7
2015-02-20,1,22.7,30.5,15.4,0.00,0.00,11.5,86,19,43,1.9,7.2
2015-02-21,0,22.7,31.0,14.2,0.00,0.00,15.5,70,21,43,4.5,9.4
2015-02-22,3,23.1,31.3,16.0,0.00,0.00,15.4,72,22,46,7.6,11.7
2015-02-23,3,23.2,30.9,15.5,0.00,0.00,9.4,76,26,47,1.1,6.2
2015-02-24,3,23.7,31.3,16.2,0.00,0.00,15.5,79,26,48,5.9,9.8
2015-02-25,3,23.5,29.2,17.7,0.00,0.00,22.1,56,18,34,1.5,11.5
2015-02-26,3,18.7,25.1,12.3,0.00,0.00,11.7,23,14,19,2.3,9.5
2015-02-27,0,18.7,25.5,12.0,0.00,0.00,12.2,41,16,26,1.0,7.7
2015-02-28,61,19.6,26.7,14.1,3.50,3.50,22.1,80,25,45,10.4,16.5
2015-03-01,63,17.6,21.2,15.4,32.40,32.40,21.5,97,58,83,9.0,14.3
2015-03-02,63,16.6,20.8,14.4,12.40,12.40,13.8,96,60,83,5.8,10.4
2015-03-03,2,15.9,21.5,10.7,0.00,0.00,11.8,97,35,66,5.1,8.4
2015-03-04,1,16.2,22.4,10.2,0.00,0.00,12.3,86,36,60,2.9,7.2
2015-03-05,1,17.8,24.2,11.4,0.00,0.00,13.9,77,34,55,3.3,9.4
2015-03-06,53,19.2,25.7,12.7,0.50,0.50,9.3,78,34,54,4.7,7.7
2015-03-07,53,19.8,26.5,15.0,1.00,1.00,16.3,83,34,59,5.5,11.0
2015-03-08,1,19.6,26.1,14.0,0.00,0.00,18.4,94,31,61,0.8,7.8
2015-03-09,0,17.3,24.0,11.4,0.00,0.00,18.3,50,21,35,8.6,13.6
2015-03-10,3,16.5,23.7,9.6,0.00,0.00,12.1,86,29,53,3.9,7.7
2015-03-11,3,18.8,27.0,10.2,0.00,0.00,12.8,82,26,48,1.0,6.9
2015-03-12,61,20.8,28.0,14.4,4.40,4.40,12.8,88,32,53,3.6,8.1
2015-03-13,61,20.8,28.4,16.2,3.90,3.90,17.3,84,36,64,1.4,8.4
2015-03-14,51,19.5,25.1,15.7,0.60,0.60,14.3,91,45,72,1.3,7.5
2015-03-15,61,18.4,23.0,14.8,4.20,4.20,25.2,97,63,83,6.3,15.9
2015-03-16,53,18.7,24.1,15.3,0.80,0.80,13.0,97,54,79,2.5,9.6
2015-03-17,3,19.5,26.1,13.7,0.00,0.00,16.1,97,32,66,4.5,9.7
2015-03-18,0,19.1,26.0,12.7,0.00,0.00,15.8,92,29,58,7.1,10.5
2015-03-19,3,20.3,28.0,12.3,0.00,0.00,9.4,85,31,56,2.3,7.0
2015-03-20,2,22.7,30.4,14.6,0.00,0.00,10.2,82,28,52,5.4,8.1
2015-03-21,51,24.7,31.7,18.5,0.10,0.10,11.2,69,29,49,2.2,8.4
2015-03-22,3,25.7,32.9,18.4,0.00,0.00,18.3,71,25,45,1.9,9.5
2015-03-23,1,25.8,33.4,17.4,0.00,0.00,18.9,76,24,45,1.8,9.1
2015-03-24,0,27.4,35.7,19.2,0.00,0.00,13.9,56,18,36,6.0,9.1
2015-03-25,51,28.4,35.8,20.6,0.30,0.30,15.0,55,20,37,1.3,8.2
2015-03-26,51,28.3,35.1,21.8,0.10,0.10,13.4,59,22,40,3.3,9.3
2015-03-27,3,28.7,34.8,22.5,0.00,0.00,11.1,56,23,38,2.2,6.2
2015-03-28,3,28.3,35.6,20.1,0.00,0.00,10.2,62,21,36,5.0,7.9
2015-03-29,61,26.9,33.8,22.5,2.20,2.20,14.2,51,22,37,4.4,9.6
2015-03-30,3,26.0,32.3,19.7,0.00,0.00,21.5,84,19,42,7.8,12.2
2015-03-31,3,24.9,31.8,18.1,0.00,0.00,15.1,92,25,56,3.9,8.9
2015-04-01,2,26.7,34.1,18.2,0.00,0.00,12.8,90,21,49,6.1,9.3
2015-04-02,51,27.7,34.8,19.6,0.40,0.40,13.7,54,27,39,6.6,8.9
2015-04-03,51,27.5,33.6,22.7,0.40,0.40,23.1,68,27,45,6.3,13.3
2015-04-04,53,23.8,28.2,19.4,1.70,1.70,19.0,89,43,63,4.2,9.6
2015-04-05,51,23.8,29.1,18.8,0.40,0.40,11.3,83,44,61,2.4,7.4
2015-04-06,2,25.0,31.1,17.8,0.00,0.00,10.2,84,26,49,2.8,5.8
2015-04-07,2,25.6,30.8,19.7,0.00,0.00,10.6,55,25,39,1.8,6.6
2015-04-08,0,25.7,32.7,19.4,0.00,0.00,12.9,72,18,42,2.5,9.0
2015-04-09,0,25.7,33.3,17.5,0.00,0.00,12.1,62,16,35,1.8,8.6
2015-04-10,3,26.9,34.7,17.6,0.00,0.00,12.0,61,14,32,1.5,8.0
2015-04-11,51,27.8,35.1,21.2,0.40,0.40,13.2,48,15,31,2.1,7.4
2015-04-12,63,22.7,28.4,19.6,8.50,8.50,14.1,81,43,66,0.5,7.5
2015-04-13,61,22.4,28.9,18.4,2.80,2.80,17.2,88,46,72,5.9,11.5
2015-04-14,51,23.4,28.3,18.3,0.10,0.10,15.1,94,41,66,5.6,10.4
2015-04-15,51,24.8,30.0,19.0,0.10,0.10,12.6,87,40,61,5.8,8.4
2015-04-16,2,26.3,32.9,19.4,0.00,0.00,12.6,90,32,56,5.6,8.3
2015-04-17,3,28.3,36.9,20.0,0.00,0.00,15.9,77,19,44,6.4,9.9
2015-04-18,0,30.2,38.9,20.2,0.00,0.00,17.5,62,15,32,1.8,9.3
2015-04-19,1,31.6,39.7,22.5,0.00,0.00,9.9,56,14,30,3.4,8.2
2015-04-20,0,32.0,40.2,24.8,0.00,0.00,20.2,42,8,21,8.8,13.2
2015-04-21,1,31.3,38.5,24.2,0.00,0.00,21.9,36,10,20,9.8,13.1
2015-04-22,2,31.0,38.7,22.6,0.00,0.00,13.7,43,11,20,0.8,8.2
2015-04-23,2,30.6,38.1,22.8,0.00,0.00,8.9,43,10,21,2.3,6.3
2015-04-24,0,31.1,39.2,23.5,0.00,0.00,17.9,24,7,16,6.6,11.5
2015-04-25,1,31.1,39.7,22.3,0.00,0.00,22.7,30,8,18,1.1,12.7
2015-04-26,2,30.4,37.4,23.2,0.00,0.00,19.7,60,22,38,1.3,10.5
2015-04-27,51,31.9,39.7,24.7,0.20,0.20,15.7,59,15,37,3.4,11.1
2015-04-28,1,32.6,40.4,24.4,0.00,0.00,16.8,49,9,25,6.6,12.0
2015-04-29,2,31.4,38.2,23.9,0.00,0.00,12.4,55,12,30,1.8,7.4
2015-04-30,1,32.7,41.3,24.6,0.00,0.00,21.9,45,6,22,10.2,14.6
2015-05-01,0,31.5,38.5,23.9,0.00,0.00,18.1,42,10,21,8.0,11.8
2015-05-02,1,30.8,37.5,22.8,0.00,0.00,11.2,44,13,24,2.7,7.8
2015-05-03,2,31.7,38.7,24.1,0.00,0.00,14.9,30,9,19,6.5,10.2
2015-05-04,0,32.0,39.6,24.0,0.00,0.00,11.8,31,8,18,5.4,9.6
2015-05-05,2,32.7,40.4,25.4,0.00,0.00,10.8,44,8,18,1.5,6.8
2015-05-06,0,33.0,41.3,24.7,0.00,0.00,17.0,23,7,14,8.6,13.1
2015-05-07,1,34.5,41.3,27.9,0.00,0.00,20.0,20,9,14,7.2,15.7
2015-05-08,3,33.6,40.2,26.8,0.00,0.00,18.8,24,11,17,8.4,13.5
2015-05-09,3,33.6,40.2,27.6,0.00,0.00,18.0,28,9,17,9.1,13.9
2015-05-10,51,32.9,39.7,26.0,0.10,0.10,15.5,29,15,21,8.2,11.5
2015-05-11,53,32.5,38.6,26.3,0.90,0.90,15.5,45,22,32,5.8,9.3
2015-05-12,3,31.7,37.4,25.8,0.00,0.00,18.9,61,24,40,1.5,7.5
2015-05-13,53,30.2,36.7,24.9,1.00,1.00,15.9,64,25,45,3.6,7.7
2015-05-14,1,30.5,36.2,24.5,0.00,0.00,9.7,72,25,43,3.2,6.2
2015-05-15,1,31.4,37.9,24.1,0.00,0.00,14.9,65,19,37,2.8,7.9
2015-05-16,0,32.1,39.5,24.2,0.00,0.00,16.7,59,18,34,3.6,10.1
2015-05-17,1,33.6,41.2,26.0,0.00,0.00,18.6,53,16,32,6.3,11.0
2015-05-18,1,34.6,43.0,25.4,0.00,0.00,19.2,61,11,28,1.9,11.6
2015-05-19,51,35.4,42.7,29.1,0.30,0.30,23.7,38,17,25,6.1,14.9
2015-05-20,61,33.2,40.4,25.8,1.60,1.60,17.7,58,22,37,6.2,11.3
2015-05-21,3,33.9,41.4,25.6,0.00,0.00,20.7,42,12,26,7.6,14.4
2015-05-22,2,35.2,42.1,28.6,0.00,0.00,24.9,37,10,23,12.4,17.7
2015-05-23,2,35.3,42.1,29.7,0.00,0.00,26.1,32,10,22,12.8,20.0
2015-05-24,1,35.2,41.1,30.6,0.00,0.00,27.7,35,13,26,9.8,18.7
2015-05-25,3,35.5,42.3,29.3,0.00,0.00,27.0,46,11,27,10.8,19.4
2015-05-26,2,35.4,42.0,30.2,0.00,0.00,23.8,46,11,27,10.9,17.7
2015-05-27,0,33.3,41.4,23.9,0.00,0.00,13.8,21,4,12,4.1,9.1
2015-05-28,53,33.8,41.3,28.2,0.90,0.90,20.8,42,16,29,6.8,11.9
2015-05-29,0,34.0,40.8,25.9,0.00,0.00,16.7,45,15,28,5.4,10.3
2015-05-30,2,34.5,41.1,26.8,0.00,0.00,17.2,37,14,23,4.1,10.5
2015-05-31,1,34.4,41.0,26.5,0.00,0.00,14.8,40,11,23,5.4,8.7
2015-06-01,53,33.2,39.6,26.7,0.80,0.80,17.6,32,16,24,2.4,9.7
2015-06-02,51,32.0,37.7,26.9,0.80,0.80,16.7,51,22,33,3.1,8.4
2015-06-03,61,30.7,36.7,25.7,1.40,1.40,19.9,51,24,37,2.0,8.7
2015-06-04,51,29.3,34.4,23.3,0.60,0.60,14.7,72,35,50,3.0,5.8
2015-06-05,1,31.0,37.4,23.8,0.00,0.00,12.0,70,20,39,2.8,6.9
2015-06-06,1,32.2,38.4,25.7,0.00,0.00,17.3,48,18,31,5.4,11.1
2015-06-07,1,33.6,40.8,24.8,0.00,0.00,15.1,55,13,28,1.6,9.2
2015-06-08,2,35.6,42.2,28.1,0.00,0.00,18.9,32,12,21,3.5,10.2
2015-06-09,3,32.8,36.7,29.7,0.00,0.00,28.6,48,31,38,10.2,20.2
2015-06-10,2,32.7,38.4,28.2,0.00,0.00,22.7,61,31,44,6.7,14.4
2015-06-11,3,32.4,36.3,28.5,0.00,0.00,18.2,58,36,46,7.8,12.3
2015-06-12,51,31.8,37.5,26.9,0.80,0.80,14.6,75,34,53,5.8,10.3
2015-06-13,53,32.9,38.2,28.4,0.90,0.90,17.8,60,29,44,6.9,10.9
2015-06-14,55,30.4,36.4,26.2,2.50,2.50,14.0,75,37,59,3.4,9.3
2015-06-15,53,30.4,35.7,25.7,1.80,1.80,17.6,80,41,60,5.0,10.7
2015-06-16,2,31.5,36.9,26.9,0.00,0.00,13.7,71,36,53,3.3,7.4
2015-06-17,55,31.6,36.4,26.2,1.50,1.50,9.4,81,37,55,4.3,6.5
2015-06-18,1,33.3,38.8,27.7,0.00,0.00,8.7,68,25,43,2.8,6.7
2015-06-19,1,34.0,38.8,28.1,0.00,0.00,11.0,58,26,38,1.8,6.1
2015-06-20,2,34.6,39.8,28.7,0.00,0.00,13.3,57,29,41,5.4,9.1
2015-06-21,51,33.6,38.1,29.6,0.30,0.30,16.7,61,36,49,9.7,13.1
2015-06-22,51,32.8,37.5,28.6,0.30,0.30,14.3,68,35,51,4.1,8.9
2015-06-23,61,31.8,38.0,27.9,2.40,2.40,12.6,77,36,58,3.1,6.6
2015-06-24,61,29.6,34.3,25.8,8.30,8.30,8.7,94,48,70,2.3,5.6
2015-06-25,53,28.4,33.7,25.4,3.10,3.10,19.1,95,47,74,0.8,9.2
2015-06-26,51,30.1,34.8,25.6,0.30,0.30,22.6,82,44,62,4.8,12.8
2015-06-27,51,31.4,36.3,26.7,0.20,0.20,16.9,70,39,56,4.3,11.1
2015-06-28,2,32.4,37.5,27.6,0.00,0.00,18.0,65,32,49,5.8,11.0
2015-06-29,63,31.0,36.9,26.2,15.20,15.20,14.7,94,37,59,3.5,8.5
2015-06-30,63,28.1,33.6,24.5,9.70,9.70,11.1,98,53,79,1.5,7.7
2015-07-01,55,29.7,34.9,25.0,1.20,1.20,18.5,95,44,67,3.7,9.8
2015-07-02,51,30.1,34.6,25.7,0.60,0.60,16.6,84,45,62,1.4,8.6
2015-07-03,51,31.2,35.0,27.3,0.20,0.20,18.1,64,44,53,5.4,12.0
2015-07-04,1,31.8,36.1,28.3,0.00,0.00,23.0,62,38,49,6.5,16.6
2015-07-05,2,32.2,36.7,27.8,0.00,0.00,23.9,64,36,48,14.9,19.4
2015-07-06,3,31.9,35.7,28.0,0.00,0.00,24.2,66,36,50,6.4,15.2
2015-07-07,53,30.6,34.4,26.2,3.00,3.00,17.7,87,46,60,1.8,9.4
2015-07-08,63,28.8,33.4,25.5,19.00,19.00,13.2,92,51,74,4.0,8.7
2015-07-09,65,26.9,30.1,24.9,23.90,23.90,21.3,93,69,84,2.1,12.5
2015-07-10,61,26.8,30.3,24.5,14.70,14.70,11.3,96,65,84,0.7,6.1
2015-07-11,53,25.4,28.6,23.5,7.00,7.00,9.7,97,73,87,4.9,7.0
2015-07-12,51,27.1,31.0,23.5,0.30,0.30,24.2,93,58,76,4.8,13.2
2015-07-13,51,28.3,33.3,24.9,0.20,0.20,16.6,89,54,75,7.7,11.4
2015-07-14,51,29.6,33.9,26.1,0.30,0.30,19.9,88,52,68,5.9,12.8
2015-07-15,3,30.7,34.5,27.6,0.00,0.00,22.7,68,44,55,8.7,15.9
2015-07-16,3,30.2,33.9,27.4,0.00,0.00,21.0,65,45,55,9.4,14.3
2015-07-17,53,28.7,31.2,26.5,2.90,2.90,10.8,83,57,67,1.1,4.9
2015-07-18,61,28.1,31.4,24.4,5.60,5.60,8.9,91,59,77,1.9,6.5
2015-07-19,61,27.2,31.3,24.5,8.50,8.50,8.0,96,63,84,2.7,6.1
2015-07-20,63,26.6,29.4,24.4,12.40,12.40,9.8,96,68,84,2.0,5.8
2015-07-21,61,26.8,30.6,24.7,8.90,8.90,10.7,94,67,85,2.3,5.5
2015-07-22,61,27.7,31.6,24.6,4.30,4.30,10.5,96,63,82,3.2,7.9
2015-07-23,61,28.0,32.0,25.2,5.50,5.50,14.8,94,62,81,2.9,9.0
2015-07-24,63,27.4,30.6,24.9,14.30,14.30,9.4,96,69,85,2.3,6.1
2015-07-25,63,26.7,30.4,24.5,10.70,10.70,11.4,97,66,85,3.4,7.3
2015-07-26,61,25.1,26.6,23.2,5.10,5.10,20.9,94,76,87,11.2,16.6
2015-07-27,55,24.9,28.1,22.6,3.00,3.00,29.1,97,70,84,18.8,23.7
2015-07-28,63,24.9,26.8,23.0,4.60,4.60,29.0,89,71,81,14.8,23.0
2015-07-29,63,23.9,26.7,21.1,11.60,11.60,26.7,97,80,88,13.9,21.0
2015-07-30,53,25.3,28.3,23.4,5.30,5.30,25.5,94,72,85,14.8,20.0
2015-07-31,53,25.6,27.6,24.0,2.10,2.10,26.9,90,68,79,12.7,17.6
2015-08-01,51,25.7,27.6,24.4,1.10,1.10,18.8,84,69,78,7.5,13.3
2015-08-02,51,26.3,29.5,23.7,0.60,0.60,14.7,91,61,77,6.1,10.1
2015-08-03,51,27.0,30.4,23.7,0.50,0.50,15.3,89,63,76,7.1,9.9
2015-08-04,53,27.5,31.7,24.4,1.20,1.20,13.9,87,63,78,5.2,10.7
2015-08-05,61,27.3,31.0,24.9,3.90,3.90,10.6,95,67,82,1.1,6.3
2015-08-06,53,27.4,30.1,24.6,3.10,3.10,13.6,94,68,80,3.6,8.8
2015-08-07,3,27.9,31.3,24.8,0.00,0.00,13.3,85,63,75,3.6,8.9
2015-08-08,55,27.7,30.9,25.9,2.30,2.30,11.5,91,62,77,1.9,8.0
2015-08-09,51,27.9,31.7,25.3,1.00,1.00,11.4,91,60,77,2.9,8.5
2015-08-10,51,28.2,31.9,25.4,0.20,0.20,10.8,91,60,77,5.0,7.7
2015-08-11,61,27.3,29.7,25.3,6.80,6.80,11.6,95,74,86,2.7,7.6
2015-08-12,53,26.6,30.7,24.0,4.70,4.70,8.2,99,68,88,1.3,3.5
2015-08-13,61,27.5,31.4,24.4,3.00,3.00,8.0,98,66,85,1.0,4.6
2015-08-14,63,26.8,30.9,24.4,12.20,12.20,8.8,97,69,87,0.7,4.1
2015-08-15,55,27.0,30.9,24.4,3.60,3.60,11.5,97,66,85,2.5,7.9
2015-08-16,61,25.7,29.1,24.1,6.90,6.90,14.6,96,72,88,7.6,10.9
2015-08-17,51,27.1,30.7,24.1,1.10,1.10,12.2,94,68,83,6.2,10.0
2015-08-18,3,28.2,32.2,24.8,0.00,0.00,17.9,92,63,77,8.8,13.2
2015-08-19,2,27.5,31.3,24.0,0.00,0.00,23.7,89,59,74,11.5,16.0
2015-08-20,3,27.2,30.3,24.7,0.00,0.00,23.0,82,56,70,12.7,16.8
2015-08-21,2,26.9,30.5,24.3,0.00,0.00,23.7,82,52,69,9.5,15.7
2015-08-22,2,27.1,31.1,24.2,0.00,0.00,20.0,80,54,70,10.2,13.9
2015-08-23,51,27.6,31.4,24.3,0.80,0.80,19.9,83,59,71,9.7,13.7
2015-08-24,51,27.4,31.6,24.0,0.50,0.50,19.5,86,52,69,10.0,13.1
2015-08-25,1,28.0,32.5,23.8,0.00,0.00,18.2,83,53,69,9.1,13.8
2015-08-26,0,28.6,33.4,24.0,0.00,0.00,13.8,83,50,66,5.9,11.2
2015-08-27,2,29.2,33.3,24.7,0.00,0.00,13.4,79,48,63,2.2,8.3
2015-08-28,3,29.5,33.5,25.4,0.00,0.00,15.0,76,46,61,1.6,9.5
2015-08-29,51,30.1,34.5,26.4,0.10,0.10,16.8,72,46,60,6.9,12.5
2015-08-30,1,29.9,34.3,25.5,0.00,0.00,17.3,75,43,59,6.3,12.4
2015-08-31,1,29.6,34.7,24.7,0.00,0.00,16.7,77,37,57,9.4,12.8
2015-09-01,1,29.0,33.4,24.5,0.00,0.00,17.0,73,38,56,10.1,14.0
2015-09-02,1,28.6,33.7,23.4,0.00,0.00,16.6,74,33,52,8.3,12.4
2015-09-03,1,28.8,33.7,23.4,0.00,0.00,12.7,72,31,50,3.6,8.8
2015-09-04,1,29.5,34.9,23.8,0.00,0.00,14.3,69,28,47,7.4,9.7
2015-09-05,1,30.1,35.1,25.0,0.00,0.00,18.0,63,28,43,7.2,11.8
2015-09-06,2,29.6,34.0,25.0,0.00,0.00,16.5,63,32,45,6.1,11.6
2015-09-07,2,29.4,33.6,24.5,0.00,0.00,13.4,62,34,46,5.2,8.8
2015-09-08,1,29.8,35.0,23.7,0.00,0.00,11.8,67,30,44,6.6,9.3
2015-09-09,1,30.2,35.0,25.0,0.00,0.00,14.2,59,29,42,9.8,11.5
2015-09-10,2,30.6,35.3,25.1,0.00,0.00,12.0,60,28,41,7.4,9.7
2015-09-11,1,31.5,37.7,24.3,0.00,0.00,13.5,60,20,35,4.1,8.8
2015-09-12,1,31.4,37.5,23.9,0.00,0.00,14.7,67,24,39,1.8,8.0
2015-09-13,3,31.5,37.6,24.9,0.00,0.00,10.8,86,25,49,3.0,6.1
2015-09-14,3,32.0,38.4,24.3,0.00,0.00,13.1,82,22,43,0.4,6.7
2015-09-15,2,31.8,36.9,24.5,0.00,0.00,12.6,68,26,39,0.8,6.5
2015-09-16,2,31.3,36.9,25.0,0.00,0.00,10.7,74,30,46,3.8,6.5
2015-09-17,3,31.1,36.4,26.3,0.00,0.00,15.8,73,30,51,4.1,11.3
2015-09-18,61,28.9,33.7,25.9,3.80,3.80,19.8,85,46,67,10.4,15.1
2015-09-19,51,29.0,33.5,24.8,0.20,0.20,20.5,92,48,70,11.9,15.8
2015-09-20,1,30.3,35.2,25.4,0.00,0.00,14.8,78,38,55,5.8,10.3
2015-09-21,3,29.9,35.0,26.4,0.00,0.00,16.2,76,38,57,6.0,11.8
2015-09-22,3,28.3,30.6,25.4,0.00,0.00,25.1,75,53,61,9.0,16.1
2015-09-23,1,28.0,33.1,23.0,0.00,0.00,14.1,88,40,61,4.6,9.7
2015-09-24,2,27.9,34.0,21.9,0.00,0.00,18.6,76,18,42,7.6,13.6
2015-09-25,2,28.4,34.1,21.9,0.00,0.00,16.0,73,24,42,6.1,11.6
2015-09-26,1,28.8,34.2,22.7,0.00,0.00,15.4,71,26,44,6.1,11.0
2015-09-27,1,29.2,34.6,23.5,0.00,0.00,16.3,68,26,43,5.2,9.2
2015-09-28,1,29.2,34.8,22.5,0.00,0.00,12.3,72,25,42,1.3,6.0
2015-09-29,1,29.9,36.0,22.9,0.00,0.00,14.2,65,20,37,5.0,9.0
2015-09-30,0,29.5,36.6,22.1,0.00,0.00,15.3,68,14,35,6.1,10.7
2015-10-01,0,29.0,36.4,21.4,0.00,0.00,10.3,62,14,33,4.6,7.3
2015-10-02,0,29.5,37.1,20.9,0.00,0.00,8.2,56,13,28,2.4,6.0
2015-10-03,0,30.3,37.9,23.2,0.00,0.00,14.0,45,13,25,3.6,8.8
2015-10-04,0,30.0,37.9,21.5,0.00,0.00,9.0,48,12,23,4.7,7.2
2015-10-05,0,30.0,37.6,22.2,0.00,0.00,11.9,36,14,24,4.7,8.5
2015-10-06,1,30.0,37.0,22.7,0.00,0.00,16.6,44,17,29,6.1,9.9
2015-10-07,0,29.6,36.8,21.5,0.00,0.00,16.8,61,18,33,3.4,9.3
2015-10-08,0,29.7,37.0,23.0,0.00,0.00,15.6,54,15,31,5.8,9.9
2015-10-09,0,29.2,36.6,21.6,0.00,0.00,19.8,52,14,29,5.7,11.0
2015-10-10,0,29.8,36.9,23.2,0.00,0.00,18.4,42,16,27,8.3,13.4
2015-10-11,0,29.6,36.7,22.9,0.00,0.00,16.2,46,15,28,7.2,11.8
2015-10-12,0,29.5,36.2,22.8,0.00,0.00,16.5,43,19,30,7.3,11.9
2015-10-13,0,29.6,36.2,23.6,0.00,0.00,15.6,51,18,33,7.9,11.7
2015-10-14,0,28.8,36.3,20.8,0.00,0.00,12.9,67,18,34,6.3,9.2
2015-10-15,1,28.7,34.9,22.2,0.00,0.00,11.7,78,22,45,2.5,7.2
2015-10-16,1,28.9,34.5,22.9,0.00,0.00,11.4,65,24,40,3.0,6.7
2015-10-17,0,29.1,36.3,21.6,0.00,0.00,13.1,69,19,37,4.4,8.4
2015-10-18,1,29.5,35.7,23.3,0.00,0.00,10.5,69,22,40,4.7,7.8
2015-10-19,2,29.6,35.4,24.2,0.00,0.00,11.5,65,22,38,5.5,8.3
2015-10-20,2,29.0,35.4,22.7,0.00,0.00,12.2,58,22,34,4.8,7.2
2015-10-21,2,28.0,34.3,22.1,0.00,0.00,11.9,50,22,35,1.8,7.5
2015-10-22,1,27.6,33.4,22.6,0.00,0.00,10.9,46,20,32,2.0,8.3
2015-10-23,3,26.2,33.3,19.1,0.00,0.00,12.1,51,15,27,3.3,7.4
2015-10-24,3,26.7,33.5,19.1,0.00,0.00,8.8,52,17,29,0.5,5.6
2015-10-25,2,26.6,33.4,19.5,0.00,0.00,13.1,58,18,35,3.3,8.3
2015-10-26,1,26.1,32.4,19.9,0.00,0.00,12.7,66,23,43,2.3,7.4
2015-10-27,55,24.2,30.3,20.2,1.30,1.30,8.7,81,36,59,1.6,5.8
2015-10-28,63,20.1,25.4,16.3,7.70,7.70,15.0,85,40,67,2.2,7.4
2015-10-29,2,20.1,25.4,14.8,0.00,0.00,12.8,85,40,62,5.4,9.1
2015-10-30,2,20.5,26.4,15.1,0.00,0.00,14.0,94,39,66,5.2,8.0
2015-10-31,1,21.1,26.9,15.5,0.00,0.00,14.5,90,40,64,5.1,8.5
2015-11-01,1,23.0,28.7,17.7,0.00,0.00,13.6,77,39,59,5.8,9.0
2015-11-02,2,24.2,29.3,19.1,0.00,0.00,10.2,77,38,57,5.3,7.6
2015-11-03,2,24.4,29.7,19.8,0.00,0.00,11.4,76,32,55,5.4,8.3
2015-11-04,2,25.9,31.6,20.5,0.00,0.00,10.1,73,26,48,4.8,7.8
2015-11-05,1,24.9,30.4,20.0,0.00,0.00,12.6,66,29,45,2.5,7.6
2015-11-06,1,23.9,30.0,18.6,0.00,0.00,13.7,85,27,52,3.0,7.2
2015-11-07,1,23.6,29.0,18.6,0.00,0.00,12.9,70,33,49,5.2,9.8
2015-11-08,51,24.0,30.0,18.9,0.20,0.20,15.2,85,35,58,6.5,10.4
2015-11-09,51,23.8,30.0,19.8,0.20,0.20,14.4,81,38,62,4.7,11.2
2015-11-10,51,23.9,29.9,19.9,0.30,0.30,11.9,78,40,62,2.5,8.0
2015-11-11,0,23.7,29.8,18.4,0.00,0.00,10.6,86,33,58,3.2,7.7
2015-11-12,3,23.0,29.9,16.4,0.00,0.00,9.4,71,28,47,0.8,6.8
2015-11-13,3,23.7,31.1,16.9,0.00,0.00,10.3,77,25,49,1.4,6.5
2015-11-14,3,23.8,30.4,17.7,0.00,0.00,9.4,71,30,50,1.5,6.6
2015-11-15,0,24.3,30.8,18.8,0.00,0.00,10.6,72,29,50,5.1,7.9
2015-11-16,1,23.0,29.5,17.5,0.00,0.00,15.0,70,28,47,6.8,10.6
2015-11-17,0,21.3,27.7,16.1,0.00,0.00,11.5,47,16,32,7.1,9.2
2015-11-18,0,19.7,27.5,12.3,0.00,0.00,8.4,53,16,34,1.8,6.1
2015-11-19,1,20.0,27.3,13.4,0.00,0.00,8.0,58,22,40,1.0,6.4
2015-11-20,0,19.9,27.3,13.3,0.00,0.00,8.9,67,23,44,5.2,6.7
2015-11-21,3,19.7,27.3,12.4,0.00,0.00,8.2,78,25,50,4.0,6.2
2015-11-22,3,20.0,27.3,13.5,0.00,0.00,8.4,79,28,53,4.2,6.5
2015-11-23,2,20.4,27.2,14.1,0.00,0.00,10.3,78,28,52,3.3,7.2
2015-11-24,3,21.1,28.0,15.6,0.00,0.00,9.1,70,28,50,5.6,7.7
2015-11-25,3,21.2,27.6,15.7,0.00,0.00,10.7,61,27,45,0.8,6.3
2015-11-26,3,21.5,28.2,16.1,0.00,0.00,15.5,58,28,43,6.1,10.2
2015-11-27,3,18.2,24.4,11.9,0.00,0.00,15.0,48,23,34,8.6,11.6
2015-11-28,3,18.6,24.0,14.1,0.00,0.00,9.8,73,39,51,1.3,6.4
2015-11-29,3,19.1,25.3,13.3,0.00,0.00,7.5,78,33,57,1.1,5.0
2015-11-30,2,20.9,27.1,14.9,0.00,0.00,10.0,86,48,67,2.4,6.6
2015-12-01,55,20.3,25.9,17.1,2.60,2.60,9.8,95,58,81,2.7,6.2
2015-12-02,3,19.3,24.5,15.4,0.00,0.00,9.4,97,39,68,4.7,7.6
2015-12-03,0,17.8,24.2,12.2,0.00,0.00,9.2,83,32,57,2.3,7.2
2015-12-04,0,17.9,25.5,9.9,0.00,0.00,10.1,93,29,58,3.0,6.8
2015-12-05,3,19.2,26.4,11.9,0.00,0.00,7.9,75,29,51,0.4,4.7
2015-12-06,3,17.9,26.5,9.9,0.00,0.00,8.3,83,27,55,0.8,4.6
2015-12-07,3,18.7,26.3,11.2,0.00,0.00,10.2,87,30,58,1.5,6.3
2015-12-08,3,19.3,26.4,13.9,0.00,0.00,10.5,77,28,53,1.8,6.6
2015-12-09,51,19.4,26.4,11.8,0.50,0.50,12.1,82,31,55,3.3,8.3
2015-12-10,3,20.1,26.9,14.9,0.00,0.00,14.3,80,34,57,6.3,9.0
2015-12-11,0,16.5,22.2,10.9,0.00,0.00,18.9,90,24,51,6.6,11.3
2015-12-12,0,13.8,20.1,8.9,0.00,0.00,12.3,75,32,52,6.9,9.3
2015-12-13,0,13.0,19.8,6.9,0.00,0.00,8.2,86,23,54,2.8,6.1
2015-12-14,0,12.9,20.2,7.1,0.00,0.00,11.3,59,21,42,7.2,8.7
2015-12-15,1,13.2,20.7,7.0,0.00,0.00,9.9,63,26,46,4.0,6.9
2015-12-16,3,13.9,20.8,5.6,0.00,0.00,11.1,80,26,48,2.8,7.2
2015-12-17,1,14.0,21.1,7.9,0.00,0.00,9.6,75,28,52,3.6,6.9
2015-12-18,1,13.7,20.7,7.1,0.00,0.00,8.7,88,28,55,3.7,6.3
2015-12-19,3,13.4,20.4,6.8,0.00,0.00,10.5,78,28,52,2.5,6.8
2015-12-20,2,13.4,20.5,6.8,0.00,0.00,9.4,80,27,53,3.3,7.0
2015-12-21,3,13.2,19.9,6.8,0.00,0.00,8.3,78,28,53,2.6,6.3
2015-12-22,3,13.1,19.5,7.1,0.00,0.00,10.2,83,31,57,0.5,6.2
2015-12-23,2,13.1,19.9,6.5,0.00,0.00,10.5,90,32,59,2.3,5.5
2015-12-24,2,13.0,18.8,8.4,0.00,0.00,12.8,69,25,50,7.0,9.8
2015-12-25,1,12.0,19.8,4.9,0.00,0.00,8.2,71,19,45,3.3,5.8
2015-12-26,3,13.5,21.9,5.7,0.00,0.00,9.0,74,20,46,2.3,5.6
2015-12-27,3,15.8,24.7,8.9,0.00,0.00,9.4,57,19,42,3.4,6.7
2015-12-28,3,17.1,26.1,10.2,0.00,0.00,9.5,67,24,48,5.2,7.7
2015-12-29,3,17.8,26.0,11.3,0.00,0.00,9.8,73,28,53,5.6,7.3
2015-12-30,3,18.1,25.5,11.3,0.00,0.00,10.0,77,32,56,3.3,6.5
2015-12-31,3,18.0,25.0,13.1,0.00,0.00,12.9,73,32,53,6.9,9.0
2016-01-01,3,17.3,24.6,11.1,0.00,0.00,10.1,65,31,50,0.8,6.3
2016-01-02,1,17.0,24.2,10.8,0.00,0.00,9.1,83,31,56,1.8,6.5
2016-01-03,0,16.7,25.0,9.0,0.00,0.00,8.2,69,20,44,4.1,6.1
2016-01-04,3,18.3,25.8,10.7,0.00,0.00,9.2,62,33,49,2.8,6.4
2016-01-05,3,19.3,26.1,12.7,0.00,0.00,10.0,86,31,57,1.5,6.4
2016-01-06,3,19.2,25.9,13.2,0.00,0.00,10.1,78,31,54,2.0,5.3
2016-01-07,51,19.0,25.6,14.4,0.10,0.10,9.7,90,31,63,1.1,6.4
2016-01-08,1,17.8,24.6,12.4,0.00,0.00,14.6,94,33,65,1.1,8.6
2016-01-09,0,16.1,23.2,10.1,0.00,0.00,14.2,90,26,57,6.9,9.3
2016-01-10,0,16.3,23.9,8.2,0.00,0.00,7.9,85,26,51,1.1,4.9
2016-01-11,0,16.7,24.6,8.8,0.00,0.00,9.4,80,29,52,3.1,5.8
2016-01-12,0,17.5,24.4,11.7,0.00,0.00,10.6,72,28,50,3.6,7.3
2016-01-13,0,16.5,23.3,11.1,0.00,0.00,12.6,65,34,50,4.7,9.3
2016-01-14,3,15.3,21.8,8.8,0.00,0.00,11.5,91,42,63,0.4,7.4
2016-01-15,0,14.6,21.4,9.3,0.00,0.00,11.1,90,34,64,3.3,8.1
2016-01-16,0,12.9,19.9,6.8,0.00,0.00,9.5,92,34,66,4.7,7.3
2016-01-17,0,12.9,19.9,7.3,0.00,0.00,11.1,93,36,67,4.8,8.2
2016-01-18,1,13.5,20.5,7.5,0.00,0.00,9.9,91,39,65,4.4,7.9
2016-01-19,51,14.0,19.4,10.1,0.40,0.40,8.6,90,44,68,4.4,6.9
2016-01-20,1,12.5,18.2,7.2,0.00,0.00,8.2,93,42,69,4.1,6.6
2016-01-21,0,12.3,19.7,5.8,0.00,0.00,7.6,94,31,64,1.1,5.5
2016-01-22,0,12.5,20.2,4.4,0.00,0.00,10.9,92,31,59,3.0,6.7
2016-01-23,2,14.3,21.7,7.2,0.00,0.00,10.7,76,25,51,3.6,7.6
2016-01-24,2,14.0,21.7,7.3,0.00,0.00,10.8,94,30,64,3.4,7.3
2016-01-25,3,14.2,21.3,7.7,0.00,0.00,9.7,94,35,67,2.7,7.1
2016-01-26,3,15.5,22.7,8.9,0.00,0.00,11.2,93,36,65,6.5,9.1
2016-01-27,0,16.7,24.0,9.8,0.00,0.00,10.9,92,38,65,4.2,7.5
2016-01-28,0,17.6,24.5,11.0,0.00,0.00,10.5,90,37,62,2.5,6.6
2016-01-29,0,19.2,27.5,12.0,0.00,0.00,11.7,86,33,61,5.5,8.2
2016-01-30,1,20.1,27.3,12.4,0.00,0.00,12.4,91,35,61,1.8,8.5
2016-01-31,3,19.5,25.5,15.2,0.00,0.00,16.3,85,32,58,5.4,10.1
2016-02-01,3,17.8,23.4,13.1,0.00,0.00,12.7,71,27,48,1.8,8.0
2016-02-02,3,16.0,22.6,10.5,0.00,0.00,10.3,54,17,37,4.7,8.3
2016-02-03,0,14.9,22.6,7.8,0.00,0.00,12.1,58,20,39,4.6,8.4
2016-02-04,0,15.2,23.7,7.1,0.00,0.00,9.0,66,19,42,5.4,7.5
2016-02-05,1,15.8,23.6,7.6,0.00,0.00,9.1,71,23,45,3.0,6.2
2016-02-06,1,17.5,25.2,10.1,0.00,0.00,18.5,63,32,48,7.6,12.3
2016-02-07,1,17.5,24.4,11.7,0.00,0.00,15.0,82,29,55,6.6,10.1
2016-02-08,0,16.6,23.7,9.5,0.00,0.00,10.3,93,24,55,4.3,7.0
2016-02-09,0,16.9,24.1,8.8,0.00,0.00,8.7,91,27,54,0.7,4.5
2016-02-10,0,17.7,25.5,9.7,0.00,0.00,10.5,84,24,50,4.7,8.2
2016-02-11,0,17.4,25.2,10.0,0.00,0.00,13.7,72,16,39,5.4,8.7
2016-02-12,1,18.4,25.5,12.1,0.00,0.00,12.3,51,23,31,1.6,9.0
2016-02-13,0,18.0,25.4,10.7,0.00,0.00,13.6,89,19,52,2.3,8.9
2016-02-14,0,17.3,24.1,11.2,0.00,0.00,12.7,81,19,48,1.9,9.2
2016-02-15,2,17.6,24.2,12.0,0.00,0.00,14.2,56,26,41,4.2,10.6
2016-02-16,3,17.8,23.8,13.3,0.00,0.00,15.3,50,28,41,8.9,12.4
2016-02-17,2,19.2,24.9,14.5,0.00,0.00,14.8,61,35,46,9.3,12.2
2016-02-18,53,20.4,25.4,15.8,0.90,0.90,16.3,77,41,60,7.6,12.0
2016-02-19,3,23.3,30.0,16.9,0.00,0.00,12.5,84,41,64,3.2,9.0
2016-02-20,51,22.9,28.4,17.6,0.10,0.10,19.4,84,30,59,3.3,10.5
2016-02-21,1,19.4,26.8,13.5,0.00,0.00,13.8,92,18,52,8.1,10.8
2016-02-22,0,19.1,28.0,11.6,0.00,0.00,15.8,65,14,37,8.0,11.0
2016-02-23,0,20.0,29.2,11.9,0.00,0.00,14.8,65,11,33,7.1,10.3
2016-02-24,3,20.3,29.2,10.5,0.00,0.00,9.8,49,10,26,1.5,5.6
2016-02-25,3,21.0,29.5,12.0,0.00,0.00,11.5,61,13,33,3.2,7.6
2016-02-26,3,21.8,29.1,15.0,0.00,0.00,11.8,59,20,38,4.3,8.2
2016-02-27,0,21.6,28.9,14.1,0.00,0.00,9.9,75,24,45,1.6,6.8
2016-02-28,1,22.3,29.9,14.2,0.00,0.00,10.7,73,24,45,3.6,7.8
2016-02-29,1,23.4,30.4,16.6,0.00,0.00,11.2,71,24,45,1.9,7.6
2016-03-01,3,23.8,30.8,16.5,0.00,0.00,10.4,68,24,43,0.8,6.8
2016-03-02,3,25.2,32.7,18.1,0.00,0.00,11.8,61,18,38,3.3,7.9
2016-03-03,53,26.0,33.6,19.4,0.70,0.70,11.7,54,19,37,2.6,8.5
2016-03-04,3,25.0,32.7,16.8,0.00,0.00,12.8,48,15,30,2.7,6.9
2016-03-05,61,23.1,30.3,17.8,2.60,2.60,17.1,80,24,49,4.3,12.8
2016-03-06,3,21.7,28.4,16.2,0.00,0.00,14.8,88,27,61,3.3,10.4
2016-03-07,3,22.3,28.5,16.8,0.00,0.00,16.8,78,29,56,1.6,9.3
2016-03-08,1,22.1,28.5,15.8,0.00,0.00,10.8,92,27,57,5.1,8.0
2016-03-09,2,22.9,29.8,16.4,0.00,0.00,10.6,73,21,45,3.9,8.1
2016-03-10,3,24.5,31.0,16.7,0.00,0.00,9.5,68,24,41,6.9,8.1
2016-03-11,2,25.7,33.1,18.8,0.00,0.00,23.5,63,18,37,5.7,11.0
2016-03-12,51,24.5,31.9,17.3,1.10,1.10,20.7,77,21,40,4.5,10.6
2016-03-13,3,22.8,29.4,14.6,0.00,0.00,11.8,78,18,38,2.3,6.4
2016-03-14,1,22.8,29.6,16.9,0.00,0.00,13.0,58,19,37,2.6,9.6
2016-03-15,3,22.3,29.1,15.2,0.00,0.00,10.5,87,20,47,1.1,6.5
2016-03-16,2,23.1,30.4,15.5,0.00,0.00,9.4,61,17,35,1.5,5.7
2016-03-17,3,25.3,32.5,17.6,0.00,0.00,19.4,49,19,32,6.5,11.2
2016-03-18,3,26.7,32.9,20.6,0.00,0.00,11.9,59,24,38,4.2,7.8
2016-03-19,1,26.9,33.8,20.7,0.00,0.00,13.3,58,18,36,3.6,8.9
2016-03-20,0,26.5,34.8,18.2,0.00,0.00,15.0,81,10,37,6.5,10.6
2016-03-21,0,26.3,33.2,19.6,0.00,0.00,16.9,57,14,31,6.7,12.0
2016-03-22,0,24.1,31.7,17.4,0.00,0.00,20.2,46,8,24,8.7,15.1
2016-03-23,0,25.4,34.6,16.4,0.00,0.00,16.2,44,11,25,7.1,10.5
2016-03-24,2,27.9,36.7,18.4,0.00,0.00,12.2,39,11,24,4.3,8.4
2016-03-25,3,29.6,37.4,21.7,0.00,0.00,15.7,44,11,25,2.3,9.5
2016-03-26,3,26.8,32.7,21.2,0.00,0.00,20.3,50,24,36,7.4,13.1
2016-03-27,3,25.9,33.0,19.9,0.00,0.00,15.5,55,16,32,7.1,11.8
2016-03-28,3,25.7,33.6,16.9,0.00,0.00,13.5,40,10,23,0.0,8.2
2016-03-29,2,26.5,34.6,17.7,0.00,0.00,13.6,46,14,28,0.5,8.1
2016-03-30,3,28.1,36.0,20.5,0.00,0.00,11.8,45,13,28,2.3,7.3
2016-03-31,3,29.2,37.1,22.0,0.00,0.00,14.1,36,10,22,3.6,8.8
2016-04-01,3,29.9,38.2,20.7,0.00,0.00,13.5,39,16,24,6.3,9.6
2016-04-02,3,31.1,39.0,22.0,0.00,0.00,10.1,51,17,31,1.0,5.8
2016-04-03,3,32.0,38.6,25.2,0.00,0.00,17.3,42,16,27,7.9,11.2
2016-04-04,3,30.3,36.4,24.4,0.00,0.00,16.9,39,19,28,7.0,13.2
2016-04-05,51,29.5,36.4,22.5,0.10,0.10,14.0,45,16,30,0.8,7.8
2016-04-06,3,28.7,36.2,22.4,0.00,0.00,22.5,43,13,26,2.8,10.8
2016-04-07,3,27.9,34.5,21.5,0.00,0.00,15.7,52,13,26,7.6,11.5
2016-04-08,2,28.9,35.3,21.8,0.00,0.00,14.6,31,11,19,2.5,9.6
2016-04-09,3,29.6,36.1,22.4,0.00,0.00,12.6,30,13,19,1.0,6.8
2016-04-10,3,29.5,36.9,22.2,0.00,0.00,14.4,38,14,24,5.4,10.1
2016-04-11,3,28.4,35.0,21.6,0.00,0.00,18.7,41,16,27,6.2,13.3
2016-04-12,3,27.8,34.2,21.2,0.00,0.00,21.1,50,15,28,8.6,14.5
2016-04-13,0,29.2,36.9,20.7,0.00,0.00,22.4,43,13,24,7.1,13.2
2016-04-14,1,31.2,39.1,22.0,0.00,0.00,20.3,33,12,21,7.2,12.0
2016-04-15,3,33.2,40.2,26.0,0.00,0.00,20.7,27,12,18,7.4,14.2
2016-04-16,3,33.6,40.4,26.4,0.00,0.00,16.8,29,14,21,6.6,11.8
2016-04-17,3,32.7,38.2,27.4,0.00,0.00,18.2,35,14,23,8.9,13.7
2016-04-18,3,31.9,38.0,25.2,0.00,0.00,15.5,31,10,17,7.8,11.3
2016-04-19,51,31.4,37.6,26.1,0.10,0.10,14.7,29,13,21,8.9,12.2
2016-04-20,3,31.1,38.0,24.4,0.00,0.00,17.4,26,11,18,8.9,12.4
2016-04-21,3,31.6,38.5,24.5,0.00,0.00,19.8,38,12,22,8.0,12.8
2016-04-22,1,31.8,38.6,25.1,0.00,0.00,22.4,29,14,22,8.1,15.5
2016-04-23,0,29.9,36.6,22.7,0.00,0.00,15.7,33,5,15,7.5,11.9
2016-04-24,3,29.8,37.7,20.4,0.00,0.00,12.4,17,5,9,6.8,9.3
2016-04-25,3,30.6,37.9,20.8,0.00,0.00,11.0,26,8,14,4.8,8.2
2016-04-26,2,32.2,39.0,24.0,0.00,0.00,9.2,24,10,16,1.3,5.4
2016-04-27,2,31.5,39.1,23.7,0.00,0.00,12.0,29,9,17,2.6,8.5
2016-04-28,1,31.6,39.7,22.0,0.00,0.00,12.9,30,8,16,1.4,8.2
2016-04-29,2,32.4,40.3,23.1,0.00,0.00,16.1,26,6,13,4.9,9.5
2016-04-30,2,32.6,41.1,22.6,0.00,0.00,18.6,26,7,13,2.6,9.9
2016-05-01,1,33.2,42.1,22.8,0.00,0.00,16.1,27,6,14,3.8,10.7
2016-05-02,3,33.6,41.4,26.2,0.00,0.00,27.1,25,10,18,6.4,12.9
2016-05-03,3,33.6,40.4,26.9,0.00,0.00,15.9,32,9,18,1.8,10.4
2016-05-04,1,33.3,40.3,24.8,0.00,0.00,17.7,35,10,19,3.7,12.2
2016-05-05,53,30.9,37.9,24.0,0.80,0.80,24.4,49,14,26,6.5,9.7
2016-05-06,53,29.4,35.4,23.0,0.90,0.90,8.2,70,24,42,4.4,6.6
2016-05-07,1,31.5,38.0,23.6,0.00,0.00,10.6,53,16,30,2.8,6.3
2016-05-08,3,33.6,40.4,25.7,0.00,0.00,15.9,37,13,23,5.9,10.5
2016-05-09,3,34.0,41.7,25.9,0.00,0.00,15.3,40,13,24,2.6,10.1
2016-05-10,53,33.5,41.8,26.4,1.60,1.60,26.1,48,15,30,1.1,12.4
2016-05-11,2,33.3,41.0,25.8,0.00,0.00,18.2,57,15,32,1.1,8.2
2016-05-12,53,33.8,41.7,25.6,0.50,0.50,21.2,61,13,31,1.5,10.5
2016-05-13,2,34.8,41.7,26.8,0.00,0.00,18.1,42,12,23,4.4,11.6
2016-05-14,2,35.7,42.1,28.8,0.00,0.00,12.6,28,13,20,3.1,9.3
2016-05-15,3,35.0,42.7,28.3,0.00,0.00,11.5,32,11,22,2.0,8.4
2016-05-16,3,35.4,42.8,27.6,0.00,0.00,15.6,41,11,23,2.3,7.5
2016-05-17,0,35.4,43.5,26.0,0.00,0.00,20.1,38,10,20,5.8,12.3
2016-05-18,0,36.1,44.4,27.3,0.00,0.00,14.4,39,9,19,1.1,7.6
2016-05-19,1,37.7,45.9,28.8,0.00,0.00,14.9,34,8,20,6.3,9.7
2016-05-20,2,37.5,45.7,30.2,0.00,0.00,22.7,42,8,25,2.6,11.5
2016-05-21,53,36.9,44.8,28.9,1.40,1.40,27.3,39,12,24,4.8,19.1
2016-05-22,51,36.7,43.0,30.8,0.20,0.20,25.9,51,15,31,11.3,20.0
2016-05-23,53,35.3,42.4,30.1,1.10,1.10,23.6,53,17,36,2.1,15.0
2016-05-24,3,33.8,38.9,29.3,0.00,0.00,19.5,50,25,37,6.9,14.0
2016-05-25,53,34.1,40.4,29.7,1.00,1.00,28.9,52,15,35,7.6,20.1
2016-05-26,0,34.4,40.0,29.1,0.00,0.00,24.7,50,21,33,12.2,20.7
2016-05-27,51,35.1,40.9,30.1,0.20,0.20,25.9,50,16,32,13.4,20.5
2016-05-28,0,34.5,39.8,30.1,0.00,0.00,25.2,50,20,35,11.9,18.7
2016-05-29,51,34.5,40.1,29.9,0.20,0.20,19.0,50,22,35,1.5,11.2
2016-05-30,51,33.0,39.3,27.3,0.40,0.40,16.6,63,22,43,5.6,11.8
2016-05-31,1,33.6,40.3,26.4,0.00,0.00,16.6,69,19,39,5.7,10.1
2016-06-01,0,34.4,40.9,27.1,0.00,0.00,15.8,56,15,32,5.6,10.8
2016-06-02,1,35.2,40.8,28.9,0.00,0.00,17.1,44,18,29,6.9,11.6
2016-06-03,1,35.9,41.9,29.9,0.00,0.00,14.0,41,17,28,7.2,10.1
2016-06-04,0,36.6,43.5,29.5,0.00,0.00,19.9,29,11,19,9.3,13.0
2016-06-05,3,36.8,43.7,29.8,0.00,0.00,11.7,40,13,24,4.9,8.0
2016-06-06,2,37.4,43.6,31.5,0.00,0.00,18.3,43,12,25,4.0,10.2
2016-06-07,1,37.0,43.8,30.4,0.00,0.00,19.4,44,10,25,5.7,10.7
2016-06-08,51,36.8,43.2,29.8,0.10,0.10,15.0,39,13,23,3.4,8.9
2016-06-09,1,36.4,42.9,29.8,0.00,0.00,17.7,37,13,25,7.3,12.4
2016-06-10,1,36.1,42.3,31.0,0.00,0.00,21.1,50,18,34,9.3,15.3
2016-06-11,51,35.2,39.9,30.8,0.10,0.10,19.2,52,27,39,1.3,10.8
2016-06-12,51,34.1,39.8,29.8,0.10,0.10,18.6,62,26,42,1.8,10.5
2016-06-13,2,34.2,38.9,30.4,0.00,0.00,20.7,53,28,41,9.3,15.8
2016-06-14,1,33.7,37.8,30.0,0.00,0.00,24.5,55,30,42,13.1,18.2
2016-06-15,0,33.5,38.1,29.3,0.00,0.00,26.1,57,29,41,8.6,16.8
2016-06-16,3,34.2,39.1,29.6,0.00,0.00,18.1,51,27,38,2.5,11.5
2016-06-17,2,35.2,40.6,29.4,0.00,0.00,14.5,51,25,37,1.9,9.1
2016-06-18,3,35.4,40.4,30.5,0.00,0.00,18.7,55,26,40,3.9,9.2
2016-06-19,51,34.4,39.2,30.6,0.20,0.20,17.2,59,31,45,8.9,12.4
2016-06-20,53,33.9,38.7,30.2,1.30,1.30,15.9,63,36,51,1.9,9.1
2016-06-21,53,32.2,37.1,28.1,1.20,1.20,13.4,80,39,59,2.5,8.1
2016-06-22,53,29.4,35.5,25.3,5.60,5.60,12.1,96,48,74,2.5,6.8
2016-06-23,53,32.7,39.0,27.5,0.70,0.70,15.6,82,33,56,4.5,10.6
2016-06-24,61,31.6,38.2,26.1,9.60,9.60,13.7,86,36,61,3.0,10.2
2016-06-25,2,33.2,38.2,29.2,0.00,0.00,14.7,67,37,53,3.2,9.5
2016-06-26,51,32.1,37.5,27.0,0.50,0.50,7.8,84,38,59,2.7,5.4
2016-06-27,63,31.0,36.1,27.9,9.30,9.30,11.2,85,47,66,1.8,6.9
2016-06-28,63,29.3,33.7,25.5,16.10,16.10,10.4,94,56,76,2.7,6.5
2016-06-29,61,31.1,35.7,26.0,4.50,4.50,13.7,93,48,68,5.4,9.2
2016-06-30,3,32.7,36.8,28.5,0.00,0.00,5.6,76,43,59,0.5,3.5
2016-07-01,63,29.4,32.9,26.6,10.40,10.40,20.5,91,61,76,6.0,11.2
2016-07-02,61,28.4,33.0,26.3,12.50,12.50,11.7,92,57,80,1.8,8.5
2016-07-03,63,26.6,30.4,24.6,28.50,28.50,11.8,97,72,89,0.8,6.0
2016-07-04,51,28.2,33.4,25.1,2.20,2.20,16.2,94,58,82,6.7,11.6
2016-07-05,53,29.3,34.4,25.5,3.70,3.70,22.2,92,54,76,5.6,14.0
2016-07-06,51,30.0,34.0,27.7,0.80,0.80,21.1,83,53,67,2.3,10.0
2016-07-07,3,30.4,34.0,27.3,0.00,0.00,14.8,81,51,65,5.8,9.8
2016-07-08,51,30.0,34.7,27.0,1.10,1.10,17.8,89,53,68,3.3,11.3
2016-07-09,53,29.7,34.2,26.0,1.70,1.70,10.5,96,53,75,2.3,6.2
2016-07-10,51,29.9,34.6,26.0,1.20,1.20,12.1,93,53,73,1.4,7.1
2016-07-11,53,28.4,32.2,26.1,3.70,3.70,8.9,92,61,80,1.9,5.1
2016-07-12,53,28.3,31.7,25.5,3.90,3.90,9.4,93,63,80,0.4,4.2
2016-07-13,63,27.7,32.1,25.3,25.50,25.50,7.9,96,65,85,1.1,3.5
2016-07-14,61,27.5,31.7,25.1,7.70,7.70,13.3,96,63,85,5.4,9.4
2016-07-15,63,26.8,29.9,25.4,23.70,23.70,16.8,94,74,88,6.2,10.7
2016-07-16,63,25.3,26.6,24.9,29.00,29.00,17.5,96,85,93,7.4,12.6
2016-07-17,55,26.2,28.4,24.4,11.10,11.10,16.9,96,77,87,8.2,12.9
2016-07-18,53,28.0,31.7,25.0,1.30,1.30,23.3,85,63,75,6.5,15.2
2016-07-19,53,28.4,31.8,25.3,0.80,0.80,20.5,85,60,71,8.9,15.0
2016-07-20,53,29.0,33.1,25.5,0.70,0.70,19.5,80,57,69,7.1,13.8
2016-07-21,51,29.6,34.0,25.7,0.20,0.20,16.6,76,53,66,2.8,11.0
2016-07-22,51,29.2,33.2,25.3,0.30,0.30,16.6,75,52,66,3.6,10.1
2016-07-23,51,29.2,33.2,25.4,0.10,0.10,9.9,84,52,68,2.7,6.6
2016-07-24,61,28.6,33.1,25.5,2.70,2.70,10.5,93,53,77,1.5,4.8
2016-07-25,55,29.1,32.9,25.7,2.50,2.50,7.4,95,58,76,1.0,3.7
2016-07-26,61,28.7,33.7,25.9,10.20,10.20,13.6,95,56,81,1.9,6.3
2016-07-27,63,25.7,29.7,24.4,36.00,36.00,9.8,99,70,92,2.9,6.8
2016-07-28,61,25.7,28.9,24.2,15.00,15.00,6.9,96,71,89,2.0,4.3
2016-07-29,63,25.5,28.8,23.8,18.80,18.80,10.5,98,75,91,3.5,7.4
2016-07-30,63,25.6,28.5,23.9,13.80,13.80,10.8,98,79,91,3.9,7.1
2016-07-31,61,26.6,30.6,24.1,4.40,4.40,10.9,98,68,87,1.8,6.9
2016-08-01,53,27.4,32.5,24.6,1.70,1.70,12.4,96,60,83,2.4,7.9
2016-08-02,63,25.7,28.6,24.4,17.10,17.10,12.4,98,78,91,0.5,5.7
2016-08-03,63,26.7,30.8,24.0,10.60,10.60,13.8,96,66,85,5.5,9.5
2016-08-04,63,26.6,29.6,24.3,5.60,5.60,13.1,92,69,83,4.7,9.9
2016-08-05,61,27.1,30.9,24.0,4.40,4.40,12.6,96,69,85,4.0,8.7
2016-08-06,53,27.9,31.7,25.5,1.20,1.20,16.7,94,65,82,5.4,10.2
2016-08-07,63,27.1,29.9,24.9,7.20,7.20,13.1,95,73,85,1.1,9.1
2016-08-08,63,26.5,29.7,25.0,10.60,10.60,15.6,95,72,87,1.8,8.7
2016-08-09,61,26.4,29.7,24.3,8.00,8.00,13.5,96,73,87,0.4,6.4
2016-08-10,63,26.2,30.4,24.3,21.50,21.50,10.6,99,68,89,1.1,5.6
2016-08-11,63,24.9,27.6,23.7,21.80,21.80,14.2,99,81,94,5.4,10.4
2016-08-12,55,26.3,30.6,24.0,6.10,6.10,16.2,96,66,86,4.6,11.4
2016-08-13,51,27.0,30.6,24.4,2.90,2.90,14.5,94,68,84,4.5,10.0
2016-08-14,51,26.9,29.8,24.0,1.60,1.60,16.0,92,70,81,4.8,9.8
2016-08-15,3,27.2,31.2,23.7,0.00,0.00,17.9,84,62,73,9.8,14.6
2016-08-16,3,26.6,30.9,23.1,0.00,0.00,21.3,89,59,74,11.4,14.7
2016-08-17,3,26.2,29.7,22.5,0.00,0.00,16.7,90,62,76,5.4,9.5
2016-08-18,61,25.4,27.0,24.2,9.30,9.30,16.8,94,73,82,8.2,12.2
2016-08-19,63,26.4,30.1,23.9,13.90,13.90,13.0,95,69,85,5.8,8.9
2016-08-20,61,26.6,28.8,24.8,3.80,3.80,20.9,94,69,82,6.8,15.3
2016-08-21,55,24.9,26.3,23.4,4.40,4.40,18.6,91,73,83,7.9,14.3
2016-08-22,55,25.8,28.5,23.9,4.30,4.30,14.5,94,73,85,5.2,9.8
2016-08-23,63,26.3,30.5,23.8,11.50,11.50,17.3,96,69,85,4.0,10.7
2016-08-24,63,25.7,28.3,23.8,12.30,12.30,16.5,96,73,87,4.5,11.3
2016-08-25,3,26.2,29.1,24.1,0.00,0.00,15.6,94,64,80,5.5,10.6
2016-08-26,3,26.9,30.9,22.7,0.00,0.00,9.8,96,61,80,3.1,6.0
2016-08-27,63,26.6,30.7,23.8,7.70,7.70,13.7,98,68,85,6.2,9.1
2016-08-28,63,25.8,29.6,24.0,19.00,19.00,13.8,97,72,90,1.1,7.5
2016-08-29,63,25.9,29.5,23.7,13.20,13.20,9.8,98,72,89,1.8,5.6
2016-08-30,63,26.3,29.4,23.9,9.90,9.90,10.3,96,72,87,0.7,5.7
2016-08-31,55,26.4,30.3,23.6,7.10,7.10,13.6,98,68,86,3.1,7.1
2016-09-01,61,25.9,29.3,23.7,8.50,8.50,14.8,98,72,88,3.6,9.4
2016-09-02,51,26.6,30.5,23.3,0.10,0.10,20.0,94,65,81,10.8,14.4
2016-09-03,51,26.1,30.0,22.6,0.60,0.60,19.8,86,61,75,9.8,14.6
2016-09-04,1,25.7,30.1,21.9,0.00,0.00,18.7,89,55,73,8.9,12.9
2016-09-05,3,25.3,28.9,22.0,0.00,0.00,21.7,90,61,74,9.3,13.5
2016-09-06,2,25.5,28.8,22.7,0.00,0.00,22.0,89,60,74,8.8,14.0
2016-09-07,1,25.6,29.3,22.3,0.00,0.00,16.5,85,60,73,8.4,12.0
2016-09-08,51,26.0,29.9,22.1,0.20,0.20,13.2,82,59,72,6.5,10.7
2016-09-09,1,26.4,30.3,22.6,0.00,0.00,14.1,83,57,72,6.5,10.8
2016-09-10,2,26.4,30.8,22.6,0.00,0.00,15.5,81,55,70,8.8,12.1
2016-09-11,1,26.2,30.4,22.5,0.00,0.00,14.1,79,56,70,7.9,10.5
2016-09-12,1,26.2,30.7,21.8,0.00,0.00,13.9,83,53,70,5.5,9.2
2016-09-13,51,27.1,31.7,23.2,0.20,0.20,11.0,83,51,69,4.2,7.8
2016-09-14,1,27.2,32.1,22.8,0.00,0.00,10.4,92,50,72,5.4,7.6
2016-09-15,51,27.3,32.1,22.8,0.20,0.20,9.4,95,57,77,4.5,6.0
2016-09-16,1,28.4,32.7,22.9,0.00,0.00,10.4,91,47,68,0.5,4.2
2016-09-17,1,28.1,33.4,22.6,0.00,0.00,7.3,87,41,65,0.8,4.3
2016-09-18,1,28.0,32.4,23.0,0.00,0.00,7.9,84,48,67,2.1,4.9
2016-09-19,1,28.1,33.1,22.9,0.00,0.00,8.9,94,44,68,0.8,5.4
2016-09-20,2,28.6,33.6,24.1,0.00,0.00,12.3,85,46,66,3.4,7.9
2016-09-21,1,28.5,33.9,23.6,0.00,0.00,12.8,86,43,67,3.1,8.0
2016-09-22,53,28.0,32.8,23.6,0.50,0.50,11.2,92,55,74,2.1,6.0
2016-09-23,53,27.6,32.2,23.4,0.60,0.60,8.2,96,57,77,1.5,5.9
2016-09-24,53,27.5,32.2,23.6,0.60,0.60,7.9,91,53,73,1.5,5.6
2016-09-25,51,27.4,31.6,23.5,0.40,0.40,8.7,91,55,73,0.7,6.0
2016-09-26,1,27.9,32.8,23.4,0.00,0.00,8.0,91,44,67,1.4,5.3
2016-09-27,1,28.5,34.3,23.0,0.00,0.00,9.4,85,38,62,1.8,6.3
2016-09-28,1,29.0,34.9,24.0,0.00,0.00,15.1,78,33,56,2.0,8.7
2016-09-29,1,28.5,33.9,22.9,0.00,0.00,12.3,75,36,56,1.8,6.9
2016-09-30,51,27.7,32.7,22.4,0.20,0.20,9.1,93,51,71,0.4,5.2
2016-10-01,51,28.3,32.5,23.9,0.10,0.10,11.7,90,51,69,4.8,7.4
2016-10-02,55,27.8,32.2,25.2,4.00,4.00,10.8,89,61,78,2.5,6.1
2016-10-03,51,28.5,33.0,25.0,0.60,0.60,9.4,91,54,75,4.0,6.7
2016-10-04,51,28.5,33.6,25.3,0.50,0.50,10.0,87,49,73,0.7,5.1
2016-10-05,63,26.3,30.1,23.8,16.10,16.10,9.4,96,66,84,1.1,4.9
2016-10-06,3,26.3,30.0,23.7,0.00,0.00,8.4,93,63,80,1.8,4.9
2016-10-07,51,26.8,32.1,22.3,0.60,0.60,11.9,98,54,78,1.8,6.6
2016-10-08,51,27.2,32.5,22.6,0.20,0.20,11.1,90,47,70,2.5,7.1
2016-10-09,51,27.5,33.5,23.0,0.10,0.10,15.6,85,39,62,5.8,11.3
2016-10-10,2,27.1,32.0,22.7,0.00,0.00,13.7,81,40,61,0.5,9.4
2016-10-11,1,26.2,32.6,21.5,0.00,0.00,14.1,90,28,59,6.9,10.9
2016-10-12,0,26.0,32.5,21.0,0.00,0.00,15.8,84,25,54,7.9,11.6
2016-10-13,0,26.1,32.6,20.5,0.00,0.00,15.1,81,27,53,7.7,10.8
2016-10-14,1,26.1,32.8,20.0,0.00,0.00,17.5,69,25,48,7.9,10.9
2016-10-15,1,26.3,33.1,21.0,0.00,0.00,11.2,60,22,43,6.5,9.3
2016-10-16,1,25.8,32.3,19.8,0.00,0.00,12.3,67,29,45,5.5,8.1
2016-10-17,1,25.9,32.7,20.6,0.00,0.00,12.5,55,24,42,5.9,8.4
2016-10-18,0,24.8,33.0,17.6,0.00,0.00,14.0,64,20,41,7.4,9.8
2016-10-19,0,25.3,32.9,18.6,0.00,0.00,15.5,52,20,37,8.4,10.9
2016-10-20,0,25.5,32.2,19.5,0.00,0.00,13.9,55,23,38,8.9,10.9
2016-10-21,0,24.9,31.9,18.4,0.00,0.00,11.6,66,23,43,6.8,9.4
2016-10-22,1,25.2,32.4,18.4,0.00,0.00,12.4,69,24,44,7.8,9.9
2016-10-23,0,25.7,32.4,19.8,0.00,0.00,17.7,62,26,45,7.3,11.9
2016-10-24,1,25.8,31.8,20.1,0.00,0.00,18.2,67,28,46,7.6,11.9
2016-10-25,1,25.6,31.5,20.1,0.00,0.00,14.8,70,28,47,7.4,10.8
2016-10-26,1,25.7,32.2,20.6,0.00,0.00,15.0,65,25,45,7.2,10.5
2016-10-27,0,24.5,32.3,18.0,0.00,0.00,10.2,51,15,33,6.0,8.2
2016-10-28,0,23.8,31.4,16.1,0.00,0.00,9.4,65,17,35,3.1,6.8
2016-10-29,0,23.2,30.8,16.5,0.00,0.00,10.9,58,21,39,2.2,6.5
2016-10-30,1,23.9,30.5,16.7,0.00,0.00,9.7,63,22,39,1.4,5.2
2016-10-31,0,23.2,30.0,15.6,0.00,0.00,7.2,69,25,44,1.9,4.0
2016-11-01,0,22.6,29.9,16.5,0.00,0.00,8.9,73,23,49,2.3,6.6
2016-11-02,0,22.9,29.5,17.1,0.00,0.00,8.8,69,29,48,1.3,6.2
2016-11-03,0,22.4,29.2,16.3,0.00,0.00,8.6,77,28,53,3.2,6.2
2016-11-04,0,22.3,28.7,14.6,0.00,0.00,6.9,79,28,49,1.3,3.4
2016-11-05,0,22.0,30.5,14.9,0.00,0.00,13.4,74,20,47,3.9,8.5
2016-11-06,0,22.1,30.8,13.9,0.00,0.00,15.1,76,19,45,2.1,8.3
2016-11-07,0,22.2,29.6,16.7,0.00,0.00,15.2,59,18,39,7.6,10.8
2016-11-08,0,21.3,29.3,14.5,0.00,0.00,11.9,77,23,46,6.6,9.2
2016-11-09,0,21.4,30.2,14.1,0.00,0.00,13.0,59,17,39,5.7,9.5
2016-11-10,0,21.6,30.1,15.1,0.00,0.00,10.5,56,19,39,5.7,9.4
2016-11-11,0,21.4,29.3,14.4,0.00,0.00,11.5,62,20,41,4.5,8.5
2016-11-12,0,22.4,28.7,17.0,0.00,0.00,11.2,71,27,42,1.6,7.3
2016-11-13,0,21.4,28.5,15.6,0.00,0.00,10.7,64,24,44,1.8,7.3
2016-11-14,0,20.7,27.3,15.3,0.00,0.00,10.8,57,25,40,1.8,8.2
2016-11-15,1,19.6,26.6,13.7,0.00,0.00,9.3,64,24,46,0.8,5.5
2016-11-16,0,19.3,26.5,13.0,0.00,0.00,9.7,76,29,53,0.8,5.4
2016-11-17,0,19.2,27.0,12.1,0.00,0.00,10.0,75,27,51,3.3,6.8
2016-11-18,0,19.2,27.5,12.0,0.00,0.00,10.3,69,23,46,5.5,8.3
2016-11-19,0,19.5,27.7,12.0,0.00,0.00,9.8,63,23,44,4.3,7.9
2016-11-20,0,20.5,28.2,13.8,0.00,0.00,12.0,65,23,45,2.3,7.4
2016-11-21,0,20.5,28.0,13.8,0.00,0.00,11.8,76,27,51,3.4,7.1
2016-11-22,0,20.0,28.5,12.3,0.00,0.00,10.2,76,25,51,5.4,8.7
2016-11-23,0,19.8,27.8,12.9,0.00,0.00,10.2,68,24,48,4.9,7.2
2016-11-24,0,19.2,27.6,11.7,0.00,0.00,8.9,83,26,54,2.5,6.0
2016-11-25,0,20.2,28.3,14.2,0.00,0.00,14.8,63,20,41,8.3,10.6
2016-11-26,0,21.1,29.3,15.9,0.00,0.00,15.3,51,22,38,8.2,12.2
2016-11-27,0,20.8,29.1,15.0,0.00,0.00,12.5,63,25,45,8.4,10.2
2016-11-28,0,20.5,28.6,14.4,0.00,0.00,13.5,65,24,46,8.0,10.0
2016-11-29,0,20.5,28.5,12.8,0.00,0.00,7.9,69,25,47,0.5,4.9
2016-11-30,0,20.0,27.4,13.2,0.00,0.00,9.7,75,32,54,5.0,7.3
2016-12-01,0,19.8,26.4,13.8,0.00,0.00,10.6,89,38,63,3.3,7.3
2016-12-02,0,19.1,25.7,12.9,0.00,0.00,7.5,93,40,67,2.3,5.1
2016-12-03,0,18.4,25.0,11.3,0.00,0.00,7.0,93,28,60,2.0,4.7
2016-12-04,0,17.3,24.0,10.5,0.00,0.00,7.0,79,32,55,1.3,4.2
2016-12-05,0,16.9,25.1,9.2,0.00,0.00,7.8,84,28,56,1.4,4.8
2016-12-06,0,18.0,25.8,10.1,0.00,0.00,8.3,75,30,54,0.8,4.7
2016-12-07,0,18.1,25.9,10.7,0.00,0.00,6.7,89,34,61,0.5,3.4
2016-12-08,0,18.3,25.8,11.2,0.00,0.00,7.1,88,34,62,1.6,4.2
2016-12-09,0,19.1,26.1,14.0,0.00,0.00,10.9,76,33,58,1.5,5.8
2016-12-10,0,19.1,26.5,12.9,0.00,0.00,10.1,87,36,62,5.9,8.3
2016-12-11,0,19.2,26.6,13.3,0.00,0.00,9.4,83,32,60,3.8,7.3
2016-12-12,2,19.3,25.2,13.7,0.00,0.00,10.5,80,37,60,2.5,6.9
2016-12-13,2,18.8,23.9,13.7,0.00,0.00,10.6,86,44,64,1.6,5.9
2016-12-14,3,18.9,24.4,15.4,0.00,0.00,7.9,77,35,61,1.5,5.7
2016-12-15,1,17.7,24.3,12.0,0.00,0.00,11.3,81,32,57,4.3,7.4
2016-12-16,2,17.2,24.1,10.8,0.00,0.00,8.6,71,34,49,1.0,5.4
2016-12-17,3,16.8,23.6,10.0,0.00,0.00,7.5,83,41,62,1.0,4.4
2016-12-18,3,16.8,23.8,10.1,0.00,0.00,8.2,84,37,61,2.8,6.1
2016-12-19,0,16.2,24.5,8.9,0.00,0.00,9.8,82,25,53,2.1,6.9
2016-12-20,0,16.6,25.1,10.4,0.00,0.00,12.4,68,22,46,8.2,10.0
2016-12-21,0,17.2,26.1,10.5,0.00,0.00,13.4,83,22,50,8.9,11.0
2016-12-22,0,17.7,26.1,11.3,0.00,0.00,11.7,64,24,45,6.0,9.4
2016-12-23,0,17.6,26.0,10.1,0.00,0.00,10.3,70,27,49,0.0,7.2
2016-12-24,0,17.6,25.8,10.0,0.00,0.00,10.6,77,30,54,3.8,8.5
2016-12-25,0,16.5,23.0,12.0,0.00,0.00,19.9,77,23,53,8.3,13.4
2016-12-26,0,16.1,23.1,11.1,0.00,0.00,13.3,92,34,66,4.7,8.8
2016-12-27,0,16.2,23.7,8.4,0.00,0.00,8.4,92,24,56,0.5,5.5
2016-12-28,0,16.8,24.8,8.7,0.00,0.00,8.7,84,31,57,3.4,6.3
2016-12-29,3,18.4,25.5,12.0,0.00,0.00,10.4,76,31,54,1.1,4.1
2016-12-30,2,16.9,24.3,10.5,0.00,0.00,11.3,93,44,71,5.8,8.2
2016-12-31,0,16.8,23.3,11.5,0.00,0.00,11.2,95,51,77,7.4,9.0
2017-01-01,1,16.5,22.9,11.6,0.00,0.00,11.4,95,48,76,7.8,9.7
2017-01-02,1,16.4,22.4,11.8,0.00,0.00,12.2,95,43,74,6.1,8.6
2017-01-03,1,15.8,22.0,11.1,0.00,0.00,9.4,94,46,76,5.2,7.6
2017-01-04,2,16.1,22.2,10.1,0.00,0.00,11.9,97,50,76,5.8,9.0
2017-01-05,0,17.2,23.3,11.1,0.00,0.00,12.8,94,44,70,2.4,7.6
2017-01-06,51,16.8,22.9,10.6,0.10,0.10,15.6,93,36,66,5.5,9.3
2017-01-07,3,16.5,21.2,12.6,0.00,0.00,14.1,88,30,58,4.1,8.0
2017-01-08,3,15.0,17.8,12.2,0.00,0.00,18.8,86,55,68,8.7,13.0
2017-01-09,3,14.0,19.5,9.6,0.00,0.00,14.1,86,35,61,2.9,9.4
2017-01-10,0,12.0,17.5,7.8,0.00,0.00,11.6,79,23,51,6.9,9.8
2017-01-11,0,10.5,16.4,5.3,0.00,0.00,11.8,68,26,45,5.5,8.8
2017-01-12,0,10.9,16.9,4.5,0.00,0.00,8.2,77,27,49,1.1,4.6
2017-01-13,0,11.2,18.2,6.2,0.00,0.00,9.7,72,27,53,0.4,5.2
2017-01-14,2,11.8,18.4,5.9,0.00,0.00,14.4,76,32,53,5.6,8.9
2017-01-15,3,13.9,20.6,8.4,0.00,0.00,12.5,77,36,57,6.4,9.3
2017-01-16,0,14.0,20.2,9.4,0.00,0.00,18.6,82,26,54,6.2,12.0
2017-01-17,0,11.4,18.0,5.6,0.00,0.00,11.2,92,33,61,4.8,7.9
2017-01-18,2,12.4,19.5,6.8,0.00,0.00,10.7,92,36,66,5.4,8.8
2017-01-19,3,13.7,20.9,8.2,0.00,0.00,16.1,85,26,54,7.7,13.1
2017-01-20,3,14.1,21.3,8.1,0.00,0.00,17.3,74,27,49,0.8,9.2
2017-01-21,3,14.9,21.5,9.6,0.00,0.00,8.2,76,39,56,3.4,6.0
2017-01-22,51,16.7,23.2,12.4,0.10,0.10,13.1,79,39,60,5.8,9.7
2017-01-23,0,17.8,25.0,12.1,0.00,0.00,10.2,88,41,67,5.7,7.6
2017-01-24,3,19.4,26.5,13.7,0.00,0.00,14.1,94,47,75,7.6,10.4
2017-01-25,55,19.5,25.2,16.3,2.10,2.10,22.0,93,48,76,6.4,13.3
2017-01-26,63,15.9,18.5,13.6,19.50,19.50,17.7,98,74,87,3.8,8.6
2017-01-27,3,13.5,18.8,9.9,0.00,0.00,19.9,99,44,76,2.6,11.9
2017-01-28,2,13.5,20.4,8.5,0.00,0.00,9.4,92,44,73,2.7,6.8
2017-01-29,3,15.2,22.5,10.1,0.00,0.00,9.5,94,40,72,2.8,7.0
2017-01-30,1,16.6,23.2,9.7,0.00,0.00,10.8,97,43,71,1.8,6.3
2017-01-31,1,17.1,24.3,11.1,0.00,0.00,9.9,94,42,73,1.1,5.9
2017-02-01,1,17.2,23.0,12.3,0.00,0.00,12.4,91,47,72,2.6,7.5
2017-02-02,3,16.9,23.6,11.8,0.00,0.00,10.8,90,47,73,6.1,8.5
2017-02-03,3,17.4,24.5,11.4,0.00,0.00,10.4,94,45,73,5.1,7.9
2017-02-04,3,19.3,26.2,14.1,0.00,0.00,20.6,90,46,71,5.9,14.2
2017-02-05,51,19.1,24.5,14.1,0.40,0.40,18.4,94,37,64,1.3,9.9
2017-02-06,2,16.1,21.9,11.8,0.00,0.00,17.2,62,23,41,6.1,11.8
2017-02-07,3,15.1,22.0,9.7,0.00,0.00,11.6,60,25,44,5.0,8.5
2017-02-08,3,16.3,23.3,9.8,0.00,0.00,10.5,68,31,50,3.3,6.9
2017-02-09,3,15.9,22.0,10.9,0.00,0.00,13.7,90,27,53,5.9,9.9
2017-02-10,0,15.2,22.2,9.9,0.00,0.00,10.9,71,24,48,4.0,8.3
2017-02-11,0,15.8,22.5,9.4,0.00,0.00,9.9,69,26,46,5.4,7.6
2017-02-12,0,16.1,22.6,10.6,0.00,0.00,13.5,70,36,56,6.9,9.6
2017-02-13,2,17.2,24.7,12.1,0.00,0.00,13.8,81,19,50,5.0,9.1
2017-02-14,3,17.6,26.0,9.9,0.00,0.00,9.0,76,16,44,1.6,5.7
2017-02-15,2,20.1,27.8,12.1,0.00,0.00,6.8,50,20,36,0.8,4.2
2017-02-16,3,21.1,29.5,14.1,0.00,0.00,11.0,58,20,39,0.7,6.8
2017-02-17,3,22.1,30.5,14.3,0.00,0.00,10.2,67,21,41,1.8,5.5
2017-02-18,2,22.6,30.9,15.4,0.00,0.00,11.3,71,24,44,2.4,7.5
2017-02-19,3,24.3,31.5,17.0,0.00,0.00,18.1,69,21,39,2.5,10.1
2017-02-20,2,23.5,29.9,18.4,0.00,0.00,26.5,47,24,34,11.7,15.7
2017-02-21,0,19.3,25.5,14.4,0.00,0.00,18.2,47,12,27,7.1,11.6
2017-02-22,0,19.4,26.9,13.0,0.00,0.00,11.1,34,10,22,0.8,6.7
2017-02-23,0,19.0,26.2,12.8,0.00,0.00,15.7,64,13,31,5.0,11.3
2017-02-24,0,19.1,26.6,12.9,0.00,0.00,17.8,42,10,25,7.6,10.9
2017-02-25,0,20.7,28.0,14.0,0.00,0.00,17.0,41,14,26,7.6,11.4
2017-02-26,0,20.5,27.5,14.1,0.00,0.00,15.5,50,14,30,6.9,10.4
2017-02-27,0,21.1,28.8,13.6,0.00,0.00,10.7,49,18,32,6.0,8.2
2017-02-28,2,23.0,30.9,15.0,0.00,0.00,13.4,60,21,38,2.3,8.4
2017-03-01,61,23.5,30.0,19.0,1.70,1.70,21.3,53,22,35,0.0,8.3
2017-03-02,61,21.8,27.6,18.1,4.20,4.20,19.3,64,33,49,1.6,11.6
2017-03-03,3,21.0,27.8,16.3,0.00,0.00,16.3,65,19,40,6.1,9.9
2017-03-04,0,20.4,26.8,15.1,0.00,0.00,15.6,47,15,29,8.3,11.4
2017-03-05,0,20.3,27.6,13.6,0.00,0.00,15.3,47,16,29,5.1,9.6
2017-03-06,3,20.8,28.0,13.5,0.00,0.00,11.3,57,17,34,1.6,7.2
2017-03-07,3,21.5,28.5,14.7,0.00,0.00,18.8,52,17,32,5.7,11.1
2017-03-08,51,21.4,27.5,16.8,0.20,0.20,18.3,51,26,40,2.1,9.3
2017-03-09,51,21.5,27.7,16.7,0.30,0.30,15.1,67,21,45,2.3,7.5
2017-03-10,65,17.8,24.7,13.7,10.40,10.40,15.6,90,39,71,4.4,10.1
2017-03-11,1,17.1,23.5,11.0,0.00,0.00,18.4,97,17,53,0.5,9.0
2017-03-12,0,17.3,24.0,10.5,0.00,0.00,13.1,66,18,38,3.0,8.0
2017-03-13,0,18.0,24.5,11.1,0.00,0.00,11.4,64,23,41,2.1,8.7
2017-03-14,3,19.0,26.5,12.5,0.00,0.00,10.7,60,20,42,4.5,7.8
2017-03-15,3,21.3,28.6,15.2,0.00,0.00,12.6,60,20,40,7.3,9.7
2017-03-16,2,22.3,30.2,13.8,0.00,0.00,22.2,56,17,35,6.1,12.1
2017-03-17,2,22.1,29.1,15.6,0.00,0.00,19.1,71,19,39,5.2,10.2
2017-03-18,53,22.7,29.2,15.9,0.70,0.70,15.2,59,25,40,5.7,9.3
2017-03-19,63,21.2,27.5,17.0,4.70,4.70,16.5,86,37,59,1.6,8.8
2017-03-20,0,23.9,30.6,16.2,0.00,0.00,13.1,66,18,38,1.0,6.3
2017-03-21,0,25.2,32.7,16.5,0.00,0.00,13.1,50,19,33,5.1,9.3
2017-03-22,0,27.1,34.4,19.8,0.00,0.00,13.8,47,20,34,6.8,10.2
2017-03-23,1,27.9,35.4,21.4,0.00,0.00,13.1,47,15,32,7.4,10.1
2017-03-24,3,27.8,34.7,21.5,0.00,0.00,14.1,54,19,33,6.3,10.0
2017-03-25,3,28.0,34.7,21.2,0.00,0.00,16.0,43,20,31,4.1,10.9
2017-03-26,0,29.2,36.1,22.5,0.00,0.00,15.4,48,18,30,3.7,10.3
2017-03-27,0,30.4,38.0,23.6,0.00,0.00,18.4,43,14,27,7.4,12.9
2017-03-28,0,31.5,39.0,23.2,0.00,0.00,17.3,46,12,26,1.3,10.2
2017-03-29,0,31.4,38.7,25.1,0.00,0.00,19.4,35,9,19,8.1,13.8
2017-03-30,0,30.9,38.8,22.8,0.00,0.00,16.6,54,10,26,5.4,10.9
2017-03-31,2,30.4,37.5,23.4,0.00,0.00,15.2,30,12,19,7.6,11.6
2017-04-01,3,30.7,38.5,23.6,0.00,0.00,16.5,25,11,18,4.8,12.9
2017-04-02,1,30.7,38.0,23.1,0.00,0.00,18.7,34,9,20,4.3,10.7
2017-04-03,2,31.5,39.0,24.0,0.00,0.00,19.2,27,12,20,1.6,11.7
2017-04-04,3,31.1,38.0,24.8,0.00,0.00,16.0,32,16,24,6.8,10.7
2017-04-05,2,30.2,37.3,23.0,0.00,0.00,20.9,44,16,29,6.2,11.3
2017-04-06,0,29.8,34.8,25.5,0.00,0.00,27.5,43,13,24,11.2,20.9
2017-04-07,0,26.9,33.2,20.3,0.00,0.00,16.4,23,7,12,1.8,10.3
2017-04-08,0,26.7,33.8,19.2,0.00,0.00,15.5,14,5,10,1.5,10.5
2017-04-09,0,26.7,33.1,20.6,0.00,0.00,20.2,33,6,15,11.8,15.6
2017-04-10,0,27.0,34.3,19.8,0.00,0.00,21.4,22,10,15,7.9,13.7
2017-04-11,0,28.8,37.4,20.8,0.00,0.00,21.6,29,8,17,7.2,12.7
2017-04-12,0,31.3,38.8,22.8,0.00,0.00,20.5,27,8,15,3.9,11.3
2017-04-13,0,31.9,39.8,23.8,0.00,0.00,14.8,23,7,15,2.7,8.8
2017-04-14,0,32.7,41.2,23.0,0.00,0.00,15.2,33,7,16,3.1,9.0
2017-04-15,2,33.4,42.2,24.9,0.00,0.00,20.6,25,7,14,5.2,10.8
2017-04-16,0,33.3,41.6,24.5,0.00,0.00,15.1,23,8,14,3.8,9.6
2017-04-17,3,34.5,42.7,26.1,0.00,0.00,26.0,22,6,14,1.9,14.5
2017-04-18,3,34.3,42.0,28.1,0.00,0.00,24.8,21,8,15,7.9,17.4
2017-04-19,0,33.4,41.0,26.9,0.00,0.00,18.6,29,8,17,7.0,13.9
2017-04-20,3,34.1,41.7,26.2,0.00,0.00,15.8,40,11,22,6.5,12.2
2017-04-21,53,35.1,42.3,29.3,0.60,0.60,24.3,33,10,19,12.1,19.8
2017-04-22,0,34.1,40.8,29.1,0.00,0.00,22.4,31,9,19,9.6,17.7
2017-04-23,3,32.2,38.7,27.4,0.00,0.00,20.3,29,16,22,7.6,13.7
2017-04-24,51,31.0,36.7,25.7,0.10,0.10,20.9,34,16,24,7.2,14.5
2017-04-25,53,30.0,35.8,24.9,1.90,1.90,29.8,36,17,25,6.3,14.2
2017-04-26,3,29.6,36.8,21.1,0.00,0.00,17.0,36,11,21,5.6,11.6
2017-04-27,1,31.2,38.8,23.7,0.00,0.00,17.0,28,8,17,7.4,11.9
2017-04-28,3,31.3,38.8,24.4,0.00,0.00,18.8,25,9,18,2.6,10.9
2017-04-29,3,30.9,37.3,25.0,0.00,0.00,17.8,36,13,23,4.7,11.2
2017-04-30,3,31.8,38.7,25.3,0.00,0.00,23.6,36,9,21,7.6,13.7
2017-05-01,0,31.0,38.3,23.5,0.00,0.00,17.7,45,8,21,5.5,11.6
2017-05-02,3,31.7,39.2,23.0,0.00,0.00,15.6,29,9,17,7.3,10.1
2017-05-03,3,33.0,38.8,28.2,0.00,0.00,22.9,23,11,17,3.6,12.5
2017-05-04,2,32.9,39.0,24.8,0.00,0.00,19.4,30,9,17,2.3,12.1
2017-05-05,3,32.9,39.5,25.0,0.00,0.00,14.6,30,10,18,3.2,9.0
2017-05-06,3,34.5,41.1,27.4,0.00,0.00,17.5,26,8,16,6.1,12.9
2017-05-07,51,35.2,42.0,28.8,0.40,0.40,28.8,21,9,15,6.7,15.0
2017-05-08,3,35.3,42.1,29.4,0.00,0.00,23.8,21,9,16,12.3,17.0
2017-05-09,51,35.2,41.8,28.7,0.20,0.20,24.2,26,9,16,12.0,17.6
2017-05-10,3,34.8,41.2,26.5,0.00,0.00,16.9,26,12,17,1.9,12.0
2017-05-11,3,33.9,40.9,26.1,0.00,0.00,16.6,46,11,24,0.8,8.7
2017-05-12,1,34.3,41.5,27.9,0.00,0.00,18.5,33,11,22,2.9,9.6
2017-05-13,3,35.0,42.0,26.9,0.00,0.00,20.2,41,9,20,4.1,10.5
2017-05-14,51,35.6,41.8,29.0,0.10,0.10,27.8,25,11,16,15.3,19.4
2017-05-15,3,35.8,41.9,30.0,0.00,0.00,22.3,31,11,20,16.4,19.5
2017-05-16,2,34.7,40.8,29.2,0.00,0.00,21.1,31,13,21,5.1,14.6
2017-05-17,51,32.1,37.3,27.0,0.60,0.60,20.8,45,21,30,2.5,8.7
2017-05-18,51,32.4,38.1,26.0,0.40,0.40,18.4,52,17,29,3.7,11.1
2017-05-19,3,34.0,41.2,26.9,0.00,0.00,24.3,37,11,25,5.5,14.6
2017-05-20,3,32.7,39.5,25.9,0.00,0.00,18.7,41,17,28,4.1,11.0
2017-05-21,61,31.7,38.6,26.8,2.10,2.10,20.2,49,18,35,1.3,11.2
2017-05-22,51,30.2,37.0,24.6,0.10,0.10,15.8,74,22,47,4.4,10.4
2017-05-23,53,31.7,38.5,25.3,0.50,0.50,18.7,56,20,38,5.0,11.6
2017-05-24,53,33.4,39.8,26.8,0.90,0.90,22.3,60,20,35,6.3,12.3
2017-05-25,1,34.3,40.2,27.7,0.00,0.00,19.2,43,15,27,8.2,14.2
2017-05-26,3,35.5,42.2,27.5,0.00,0.00,29.5,40,15,26,6.3,17.1
2017-05-27,53,36.4,44.0,31.2,0.60,0.60,30.2,38,9,24,5.6,20.7
2017-05-28,61,35.5,42.7,28.4,2.10,2.10,29.1,44,15,28,0.7,14.4
2017-05-29,61,32.5,38.0,28.0,2.30,2.30,18.9,59,30,45,3.4,11.7
2017-05-30,1,31.6,37.0,25.6,0.00,0.00,15.4,71,28,47,1.5,8.7
2017-05-31,53,31.1,38.5,25.5,1.10,1.10,18.0,71,29,52,3.8,10.6
2017-06-01,61,30.7,36.6,25.0,2.00,2.00,13.4,82,37,58,2.4,8.3
2017-06-02,1,32.8,39.5,26.1,0.00,0.00,15.7,76,23,48,1.9,8.0
2017-06-03,0,35.1,41.5,28.3,0.00,0.00,20.3,50,17,33,4.8,13.9
2017-06-04,2,36.1,41.8,31.9,0.00,0.00,28.4,45,18,33,13.3,20.1
2017-06-05,1,35.9,40.5,31.5,0.00,0.00,25.4,53,24,38,14.0,20.9
2017-06-06,0,35.0,39.6,30.9,0.00,0.00,24.6,53,27,40,9.2,17.8
2017-06-07,55,32.8,36.4,30.1,1.30,1.30,24.4,63,37,49,3.0,14.8
2017-06-08,63,31.6,37.3,27.5,3.00,3.00,21.3,69,37,53,3.1,11.8
2017-06-09,53,29.4,34.5,25.1,2.00,2.00,16.3,81,45,62,2.7,8.1
2017-06-10,51,32.1,37.7,26.6,0.30,0.30,19.3,73,28,48,1.8,7.6
2017-06-11,1,31.9,38.3,25.5,0.00,0.00,17.1,60,24,40,3.2,7.7
2017-06-12,3,32.7,38.5,25.5,0.00,0.00,17.7,59,20,36,2.9,9.7
2017-06-13,51,33.4,39.6,27.5,0.20,0.20,18.2,54,21,36,4.5,11.4
2017-06-14,53,33.9,39.2,29.0,0.90,0.90,23.4,59,22,38,4.0,14.5
2017-06-15,3,33.4,39.5,27.1,0.00,0.00,18.9,70,19,40,1.8,10.7
2017-06-16,3,33.1,39.4,28.5,0.00,0.00,16.4,56,19,39,2.4,8.2
2017-06-17,51,32.0,37.5,27.3,0.10,0.10,20.2,68,31,49,3.4,10.5
2017-06-18,51,31.6,37.0,27.1,0.10,0.10,17.9,76,34,55,1.5,9.6
2017-06-19,2,33.2,38.3,29.8,0.00,0.00,24.6,64,34,46,3.6,14.3
2017-06-20,53,32.5,37.5,29.0,0.60,0.60,21.0,62,36,47,5.6,13.6
2017-06-21,63,30.2,34.5,25.4,6.30,6.30,20.5,81,43,56,5.8,13.2
2017-06-22,63,27.6,33.7,23.0,14.40,14.40,21.6,92,47,71,2.2,12.4
2017-06-23,63,29.5,34.0,25.1,3.20,3.20,16.9,80,46,62,1.3,7.0
2017-06-24,61,31.2,35.5,26.2,2.20,2.20,7.6,81,42,58,0.4,4.6
2017-06-25,51,33.0,37.2,27.7,0.20,0.20,9.4,70,35,50,3.0,6.2
2017-06-26,51,33.4,38.2,29.2,0.10,0.10,15.1,63,38,52,3.3,8.2
2017-06-27,63,30.9,37.5,26.4,10.00,10.00,14.1,95,39,66,1.8,8.3
2017-06-28,63,27.7,31.5,25.8,17.30,17.30,19.8,95,66,83,1.3,9.4
2017-06-29,61,27.4,31.9,24.8,11.80,11.80,12.4,97,66,84,5.2,8.8
2017-06-30,63,28.2,32.4,25.5,5.20,5.20,17.4,94,61,78,5.6,9.4
2017-07-01,65,28.4,31.0,26.1,10.90,10.90,11.8,89,66,78,2.5,5.5
2017-07-02,63,28.5,32.5,25.9,10.60,10.60,9.7,94,61,79,0.7,3.9
2017-07-03,63,28.5,32.5,24.9,10.10,10.10,21.3,96,61,78,0.4,12.0
2017-07-04,53,28.6,32.9,25.6,1.10,1.10,24.5,88,56,71,10.2,19.3
2017-07-05,3,28.6,32.4,25.4,0.00,0.00,24.4,81,48,66,5.2,17.1
2017-07-06,2,29.3,34.2,25.4,0.00,0.00,20.9,80,46,62,8.4,14.9
2017-07-07,3,30.0,34.5,25.9,0.00,0.00,20.3,78,43,59,8.0,15.7
2017-07-08,3,31.0,35.4,26.8,0.00,0.00,21.9,72,39,54,5.8,15.7
2017-07-09,3,31.5,35.5,27.5,0.00,0.00,21.0,66,39,51,9.6,17.3
2017-07-10,3,31.2,36.0,27.2,0.00,0.00,24.5,70,37,52,11.6,20.4
2017-07-11,3,30.4,34.8,26.7,0.00,0.00,22.4,74,36,55,8.7,16.8
2017-07-12,51,28.7,33.0,26.5,1.30,1.30,15.2,87,50,68,1.0,8.6
2017-07-13,63,28.2,32.0,24.5,10.20,10.20,14.3,94,58,75,2.7,9.2
2017-07-14,51,29.5,33.4,26.4,0.40,0.40,18.7,83,52,68,10.0,14.2
2017-07-15,55,29.3,33.7,26.2,3.30,3.30,15.9,91,52,73,9.1,12.4
2017-07-16,63,28.7,33.1,25.5,7.20,7.20,13.9,95,57,78,1.5,7.6
2017-07-17,61,28.9,33.2,25.6,5.50,5.50,10.7,94,60,79,0.8,4.5
2017-07-18,61,28.7,31.9,25.6,6.50,6.50,11.3,96,66,80,3.1,6.3
2017-07-19,63,29.6,32.6,26.8,4.60,4.60,13.8,89,61,75,2.0,5.9
2017-07-20,63,28.6,33.0,24.7,10.20,10.20,15.8,97,56,78,1.1,8.9
2017-07-21,63,27.6,31.2,24.9,13.10,13.10,18.9,95,63,81,4.3,11.7
2017-07-22,53,26.3,29.5,24.5,4.10,4.10,20.8,96,70,87,10.2,15.6
2017-07-23,61,25.9,28.9,24.4,8.70,8.70,21.8,98,73,89,5.2,14.0
2017-07-24,61,25.5,27.8,23.9,3.20,3.20,20.7,100,72,86,6.2,12.4
2017-07-25,51,25.9,28.5,22.9,0.60,0.60,17.9,90,66,79,3.3,11.5
2017-07-26,51,27.9,31.2,24.9,0.30,0.30,20.2,91,59,76,1.8,11.7
2017-07-27,51,28.6,32.2,25.1,0.50,0.50,21.6,91,57,75,7.7,13.2
2017-07-28,61,27.6,31.6,25.8,4.90,4.90,19.4,88,62,78,7.2,14.7
2017-07-29,61,26.0,28.5,24.6,3.70,3.70,20.5,95,73,86,9.7,16.1
2017-07-30,51,25.3,26.5,24.4,1.80,1.80,19.9,94,80,87,9.7,15.0
2017-07-31,63,24.7,25.9,23.5,32.40,32.40,14.4,100,90,95,1.8,9.6
2017-08-01,53,26.3,29.2,24.1,3.10,3.10,16.9,96,70,84,5.9,12.5
2017-08-02,51,27.4,30.6,24.5,0.60,0.60,19.3,90,61,76,7.5,14.3
2017-08-03,51,27.3,30.1,25.2,0.40,0.40,22.0,88,62,76,9.0,15.8
2017-08-04,51,27.1,29.9,24.5,0.20,0.20,20.2,86,61,73,4.2,13.1
2017-08-05,51,27.4,30.5,23.9,0.80,0.80,14.8,83,61,72,5.3,9.8
2017-08-06,51,28.0,31.5,24.7,0.10,0.10,13.9,82,58,72,2.6,9.2
2017-08-07,61,27.5,29.8,25.6,7.00,7.00,11.9,92,68,80,3.2,8.1
2017-08-08,61,27.1,30.5,24.9,9.80,9.80,16.3,96,70,85,2.3,9.4
2017-08-09,61,25.9,28.5,24.0,9.50,9.50,18.4,94,74,88,9.7,13.6
2017-08-10,55,26.0,28.4,24.0,5.30,5.30,19.7,94,74,86,11.1,14.4
2017-08-11,51,27.3,30.5,24.6,0.70,0.70,28.1,91,63,77,14.6,19.4
2017-08-12,51,27.2,30.0,25.0,0.20,0.20,25.0,85,64,77,13.2,20.0
2017-08-13,51,26.9,30.6,25.0,0.20,0.20,20.9,86,56,76,7.0,15.2
2017-08-14,51,26.8,29.9,24.6,0.90,0.90,14.3,87,61,77,5.2,10.9
2017-08-15,51,27.4,30.5,24.5,0.40,0.40,18.1,86,60,74,9.3,13.8
2017-08-16,53,28.1,32.3,24.6,0.90,0.90,18.9,81,60,72,12.7,16.8
2017-08-17,51,28.4,32.9,24.5,0.30,0.30,20.0,83,56,70,9.7,15.6
2017-08-18,3,28.8,33.7,24.6,0.00,0.00,16.9,81,49,67,3.5,10.8
2017-08-19,63,27.9,30.3,25.9,8.20,8.20,14.8,88,69,78,5.4,10.8
2017-08-20,51,28.4,31.9,25.3,0.90,0.90,16.6,94,59,77,8.1,13.0
2017-08-21,61,29.0,32.5,25.9,2.80,2.80,14.3,91,58,74,8.7,12.5
2017-08-22,63,28.5,32.8,26.0,7.20,7.20,13.0,92,62,80,4.1,7.9
2017-08-23,63,28.0,32.0,25.4,4.00,4.00,9.1,93,64,81,0.8,5.1
2017-08-24,63,27.4,29.3,24.8,4.60,4.60,13.4,95,75,84,4.7,8.7
2017-08-25,63,27.1,31.9,24.9,5.70,5.70,15.8,93,62,83,3.8,10.2
2017-08-26,61,26.8,30.6,23.9,5.80,5.80,11.7,95,64,84,2.3,6.3
2017-08-27,55,27.5,32.0,23.8,1.10,1.10,13.2,99,64,82,2.6,6.9
2017-08-28,55,26.8,30.2,24.5,1.90,1.90,17.5,96,66,83,5.5,12.5
2017-08-29,55,26.2,29.4,24.7,2.60,2.60,25.4,93,71,85,13.7,18.9
2017-08-30,65,25.9,28.4,23.9,15.90,15.90,21.7,96,76,87,9.4,16.0
2017-08-31,61,25.8,28.9,23.6,9.70,9.70,16.1,99,67,85,6.5,11.1
2017-09-01,53,25.7,28.6,23.6,3.00,3.00,20.5,95,64,80,8.8,14.0
2017-09-02,53,25.9,29.1,23.5,1.90,1.90,16.5,90,67,80,6.7,11.3
2017-09-03,51,26.3,29.5,23.6,1.00,1.00,13.5,90,64,80,6.6,9.7
2017-09-04,61,27.5,31.6,24.6,1.80,1.80,15.8,92,63,78,4.8,11.0
2017-09-05,51,27.3,31.1,24.1,0.30,0.30,16.4,85,61,74,6.6,11.4
2017-09-06,53,26.8,30.8,24.4,0.70,0.70,13.0,83,61,75,3.8,8.3
2017-09-07,53,27.2,31.5,24.2,2.00,2.00,12.9,86,58,75,3.4,7.4
2017-09-08,51,28.0,31.9,24.5,0.40,0.40,13.9,86,54,70,0.8,7.8
2017-09-09,51,29.0,33.7,24.6,0.20,0.20,11.8,82,43,64,4.2,8.2
2017-09-10,2,29.6,34.3,25.7,0.00,0.00,10.5,80,45,63,1.3,7.3
2017-09-11,55,29.3,34.0,26.0,1.30,1.30,16.0,84,47,66,3.0,7.3
2017-09-12,51,28.5,32.5,25.0,0.70,0.70,9.8,86,58,72,2.5,5.2
2017-09-13,51,28.3,33.5,24.6,0.50,0.50,7.7,95,48,73,1.1,4.9
2017-09-14,51,27.7,31.8,24.7,0.10,0.10,8.7,88,54,73,3.0,5.1
2017-09-15,3,29.1,34.2,24.9,0.00,0.00,12.1,87,36,65,1.9,5.0
2017-09-16,3,29.5,34.2,26.5,0.00,0.00,13.0,74,37,58,2.5,6.7
2017-09-17,51,29.8,35.5,25.6,0.10,0.10,13.9,71,26,50,3.6,8.5
2017-09-18,3,30.3,36.5,24.8,0.00,0.00,14.1,56,23,41,2.3,7.7
2017-09-19,3,29.9,36.5,24.6,0.00,0.00,12.7,77,19,44,4.2,8.7
2017-09-20,3,30.1,37.5,24.4,0.00,0.00,16.7,96,17,56,4.0,7.9
2017-09-21,3,29.9,36.1,25.0,0.00,0.00,20.9,82,27,58,0.7,9.1
2017-09-22,51,27.9,31.6,25.0,0.20,0.20,14.1,85,45,66,2.4,6.6
2017-09-23,3,29.4,36.2,24.0,0.00,0.00,24.1,82,22,49,4.1,13.9
2017-09-24,1,29.6,36.1,23.9,0.00,0.00,21.2,79,26,49,3.6,12.3
2017-09-25,1,30.2,35.2,26.0,0.00,0.00,19.0,71,31,48,5.9,12.9
2017-09-26,1,29.9,35.1,25.1,0.00,0.00,15.9,66,28,45,4.7,11.4
2017-09-27,3,30.8,36.9,25.5,0.00,0.00,17.3,68,20,39,6.9,12.9
2017-09-28,3,30.9,37.5,24.9,0.00,0.00,22.0,47,15,29,7.7,13.0
2017-09-29,3,30.8,37.9,25.0,0.00,0.00,20.7,48,16,30,6.8,13.4
2017-09-30,0,30.9,38.0,23.9,0.00,0.00,11.7,45,16,27,3.3,7.7
2017-10-01,1,30.8,37.3,24.7,0.00,0.00,14.5,40,16,26,4.0,8.1
2017-10-02,0,31.1,37.6,25.8,0.00,0.00,13.3,42,15,26,4.9,9.4
2017-10-03,0,30.8,38.0,23.8,0.00,0.00,13.7,37,13,24,5.1,9.8
2017-10-04,0,30.6,37.7,23.4,0.00,0.00,14.1,55,15,31,1.3,8.0
2017-10-05,0,29.7,36.4,23.8,0.00,0.00,14.7,75,21,43,3.2,8.6
2017-10-06,0,29.8,36.4,23.9,0.00,0.00,12.4,65,18,36,6.2,9.3
2017-10-07,0,29.7,36.7,23.0,0.00,0.00,17.0,49,16,30,4.4,9.2
2017-10-08,0,29.7,36.5,23.5,0.00,0.00,14.0,50,16,30,2.1,7.5
2017-10-09,0,29.2,36.3,22.5,0.00,0.00,12.7,60,19,36,5.4,8.3
2017-10-10,3,29.1,36.0,23.0,0.00,0.00,12.4,67,16,38,5.2,8.2
2017-10-11,2,28.9,35.0,22.9,0.00,0.00,11.0,62,22,39,2.5,7.6
2017-10-12,3,29.0,35.1,23.1,0.00,0.00,9.1,63,17,36,0.8,5.9
2017-10-13,2,29.3,36.2,22.6,0.00,0.00,16.3,60,13,31,1.1,9.0
2017-10-14,0,29.7,37.0,22.5,0.00,0.00,15.6,37,11,23,4.7,10.1
2017-10-15,0,29.7,37.1,23.8,0.00,0.00,18.1,40,13,25,7.1,12.5
2017-10-16,0,29.2,37.3,23.1,0.00,0.00,15.6,38,9,22,6.7,11.5
2017-10-17,0,28.4,36.1,20.8,0.00,0.00,12.3,45,12,25,1.8,6.2
2017-10-18,0,27.5,35.7,20.4,0.00,0.00,13.8,52,14,31,0.7,7.5
2017-10-19,0,27.1,33.8,21.0,0.00,0.00,10.6,59,23,39,5.4,8.3
2017-10-20,1,28.0,35.0,22.2,0.00,0.00,8.8,75,20,43,3.6,6.0
2017-10-21,0,28.2,35.8,22.5,0.00,0.00,15.3,61,13,32,3.4,8.5
2017-10-22,2,27.6,35.7,20.5,0.00,0.00,22.7,42,12,25,4.6,11.3
2017-10-23,0,26.1,33.8,19.2,0.00,0.00,11.7,50,13,27,2.4,8.3
2017-10-24,0,26.6,34.2,20.4,0.00,0.00,13.2,33,9,19,7.3,10.6
2017-10-25,0,25.8,33.1,18.6,0.00,0.00,11.5,47,11,26,4.3,7.8
2017-10-26,0,25.3,32.8,18.4,0.00,0.00,10.9,62,15,34,4.6,7.0
2017-10-27,3,24.6,31.0,18.5,0.00,0.00,10.2,71,21,43,4.2,7.5
2017-10-28,1,26.5,33.0,20.0,0.00,0.00,14.6,48,14,27,1.8,7.5
2017-10-29,0,25.2,32.5,18.3,0.00,0.00,11.0,65,13,34,2.6,7.0
2017-10-30,0,24.6,32.0,18.4,0.00,0.00,11.8,81,19,43,4.5,7.2
2017-10-31,0,24.2,31.2,17.8,0.00,0.00,11.4,68,18,40,2.2,7.7
2017-11-01,0,25.1,32.5,18.0,0.00,0.00,14.7,61,17,36,2.7,7.6
2017-11-02,0,25.6,33.1,19.4,0.00,0.00,15.5,43,17,30,5.9,9.4
2017-11-03,1,25.0,32.1,18.1,0.00,0.00,9.9,70,20,43,0.7,6.4
2017-11-04,2,24.2,30.0,18.8,0.00,0.00,13.2,82,32,55,6.1,9.1
2017-11-05,1,23.4,28.9,18.8,0.00,0.00,10.2,85,30,56,4.0,7.4
2017-11-06,0,23.5,29.7,17.6,0.00,0.00,8.0,77,29,49,1.5,4.6
2017-11-07,0,23.6,30.5,17.8,0.00,0.00,10.5,65,24,44,0.0,4.7
2017-11-08,0,23.3,30.4,16.5,0.00,0.00,8.9,71,23,42,4.0,6.0
2017-11-09,3,23.3,30.6,16.6,0.00,0.00,10.0,75,19,43,3.7,6.7
2017-11-10,0,22.8,29.6,16.5,0.00,0.00,9.4,71,24,44,4.0,6.7
2017-11-11,1,22.6,29.2,16.4,0.00,0.00,7.6,71,23,45,1.8,5.5
2017-11-12,0,21.9,29.0,16.3,0.00,0.00,9.5,74,24,46,4.4,6.9
2017-11-13,0,22.1,28.5,15.2,0.00,0.00,11.4,78,23,43,2.2,8.0
2017-11-14,3,21.8,27.8,15.4,0.00,0.00,16.1,61,27,43,5.6,10.8
2017-11-15,2,21.7,27.4,16.5,0.00,0.00,13.3,68,27,47,5.6,9.7
2017-11-16,51,21.2,26.0,17.2,0.10,0.10,12.1,73,42,55,6.8,10.5
2017-11-17,51,20.4,25.1,16.9,0.40,0.40,12.6,73,38,57,7.1,9.5
2017-11-18,51,19.8,25.2,15.7,0.30,0.30,12.6,85,38,63,5.9,8.9
2017-11-19,1,19.8,25.4,16.0,0.00,0.00,14.9,75,27,46,6.3,11.4
2017-11-20,0,18.3,24.5,13.8,0.00,0.00,13.7,58,18,37,7.9,10.6
2017-11-21,0,17.3,24.0,11.9,0.00,0.00,12.2,58,17,38,6.7,9.4
2017-11-22,3,17.6,24.1,12.6,0.00,0.00,11.9,53,17,34,7.9,9.7
2017-11-23,1,17.4,24.5,11.4,0.00,0.00,9.4,50,15,31,1.0,6.8
2017-11-24,0,17.7,25.1,11.4,0.00,0.00,10.0,43,16,29,3.1,6.7
2017-11-25,0,18.7,26.6,12.2,0.00,0.00,7.7,44,14,30,3.2,5.4
2017-11-26,0,18.5,27.0,11.3,0.00,0.00,9.7,61,20,38,2.9,5.5
2017-11-27,0,19.4,27.5,12.9,0.00,0.00,12.4,49,14,31,4.3,8.0
2017-11-28,0,20.9,26.9,14.1,0.00,0.00,10.2,45,17,32,1.1,6.2
2017-11-29,0,21.5,27.0,16.3,0.00,0.00,9.0,48,23,35,3.1,6.0
2017-11-30,0,20.1,27.1,13.8,0.00,0.00,11.5,59,20,37,1.0,6.2
2017-12-01,0,18.7,25.0,12.9,0.00,0.00,10.0,64,30,46,5.7,8.0
2017-12-02,3,18.1,24.8,12.6,0.00,0.00,11.2,71,28,49,6.5,8.4
2017-12-03,3,18.2,24.2,12.5,0.00,0.00,7.7,74,26,48,3.8,5.8
2017-12-04,51,18.3,24.1,12.4,0.40,0.40,7.3,69,26,46,2.6,4.9
2017-12-05,3,17.7,21.1,15.1,0.00,0.00,12.2,77,42,59,3.6,7.6
2017-12-06,61,17.2,20.1,14.5,2.00,2.00,11.0,76,44,59,3.1,7.1
2017-12-07,3,18.1,23.1,14.1,0.00,0.00,11.4,53,23,37,4.0,7.4
2017-12-08,0,17.6,25.2,11.9,0.00,0.00,10.1,47,21,34,3.3,7.5
2017-12-09,0,18.3,25.2,12.9,0.00,0.00,9.4,63,28,44,1.3,6.0
2017-12-10,1,18.1,24.9,11.9,0.00,0.00,8.9,75,31,53,4.9,7.5
2017-12-11,61,16.9,21.5,14.1,3.80,3.80,15.6,91,43,65,6.6,8.9
2017-12-12,3,15.6,21.6,11.9,0.00,0.00,11.0,100,29,71,4.3,7.5
2017-12-13,1,14.6,21.1,9.6,0.00,0.00,10.8,96,34,66,4.1,7.8
2017-12-14,1,15.1,21.8,10.3,0.00,0.00,13.4,93,38,64,8.0,11.3
2017-12-15,3,15.8,22.3,11.0,0.00,0.00,16.9,70,33,52,6.6,12.5
2017-12-16,1,14.8,21.6,10.0,0.00,0.00,15.2,66,21,47,8.0,12.2
2017-12-17,0,14.5,24.0,8.4,0.00,0.00,13.4,69,13,41,6.7,9.9
2017-12-18,3,16.7,25.3,10.1,0.00,0.00,16.3,55,16,33,8.2,12.6
2017-12-19,3,18.6,27.0,12.7,0.00,0.00,14.3,43,14,30,4.1,10.0
2017-12-20,3,18.2,25.8,13.4,0.00,0.00,11.0,56,23,39,3.4,8.0
2017-12-21,3,18.4,25.8,12.8,0.00,0.00,12.8,63,30,48,7.0,10.0
2017-12-22,3,18.2,25.4,13.2,0.00,0.00,14.1,76,18,46,7.2,10.9
2017-12-23,3,16.8,24.4,11.6,0.00,0.00,13.5,68,18,42,6.8,9.8
2017-12-24,0,16.6,23.8,10.6,0.00,0.00,10.2,64,24,44,3.3,7.3
2017-12-25,0,16.9,24.3,11.1,0.00,0.00,11.0,76,21,46,2.5,7.3
2017-12-26,1,16.7,24.6,9.6,0.00,0.00,10.7,72,18,43,1.3,5.4
2017-12-27,3,17.6,24.5,10.1,0.00,0.00,10.9,64,22,40,3.1,6.0
2017-12-28,3,17.5,23.6,10.0,0.00,0.00,9.4,72,28,45,2.6,6.7
2017-12-29,0,16.5,23.4,10.7,0.00,0.00,9.8,75,28,50,4.0,7.4
2017-12-30,0,16.4,23.5,10.1,0.00,0.00,10.6,85,28,54,0.4,6.0
2017-12-31,3,15.7,22.0,9.9,0.00,0.00,10.9,68,30,48,1.8,7.1
2018-01-01,0,14.9,21.6,9.9,0.00,0.00,12.2,82,22,51,2.2,7.8
2018-01-02,0,14.0,21.3,8.0,0.00,0.00,9.7,79,23,51,3.4,6.4
2018-01-03,0,14.0,21.4,8.1,0.00,0.00,8.7,79,27,52,2.1,6.0
2018-01-04,0,14.8,21.0,10.8,0.00,0.00,12.5,65,23,46,4.7,7.9
2018-01-05,0,13.9,21.9,7.7,0.00,0.00,10.2,82,27,55,5.7,7.3
2018-01-06,0,14.7,22.1,8.2,0.00,0.00,12.2,88,25,55,2.8,6.3
2018-01-07,0,14.4,21.5,8.8,0.00,0.00,11.0,88,21,51,2.9,7.8
2018-01-08,0,14.1,21.7,7.4,0.00,0.00,9.3,70,16,40,1.5,5.5
2018-01-09,0,14.2,22.2,7.5,0.00,0.00,8.7,68,21,43,3.4,6.0
2018-01-10,0,14.8,23.2,7.3,0.00,0.00,11.0,78,15,41,1.8,8.0
2018-01-11,0,15.5,23.4,8.9,0.00,0.00,12.1,68,15,36,6.6,9.4
2018-01-12,1,16.9,24.9,11.1,0.00,0.00,12.7,47,12,32,5.4,9.4
2018-01-13,2,18.1,25.3,12.6,0.00,0.00,14.2,50,24,35,2.9,8.9
2018-01-14,0,18.0,25.8,11.8,0.00,0.00,14.9,50,16,30,3.3,8.8
2018-01-15,0,17.4,25.6,10.6,0.00,0.00,11.4,47,15,28,4.0,8.5
2018-01-16,0,15.8,25.2,7.7,0.00,0.00,10.6,56,8,33,3.3,7.8
2018-01-17,0,17.2,25.6,10.5,0.00,0.00,13.9,66,25,42,5.8,8.9
2018-01-18,0,18.9,26.5,12.5,0.00,0.00,8.8,72,29,48,0.7,6.0
2018-01-19,0,18.5,26.5,11.9,0.00,0.00,13.8,90,23,51,3.9,8.3
2018-01-20,0,16.8,24.6,11.2,0.00,0.00,14.7,78,11,42,6.4,9.6
2018-01-21,0,16.1,24.5,8.4,0.00,0.00,11.2,61,20,40,4.1,6.7
2018-01-22,1,16.9,24.8,10.6,0.00,0.00,16.2,73,31,52,6.7,10.5
2018-01-23,51,17.2,22.6,14.1,0.90,0.90,23.9,70,21,46,8.0,12.9
2018-01-24,0,14.7,21.1,9.8,0.00,0.00,15.6,93,25,54,8.3,11.8
2018-01-25,0,14.0,22.2,7.4,0.00,0.00,13.3,95,23,61,3.8,7.8
2018-01-26,3,15.4,23.6,8.9,0.00,0.00,13.9,89,21,53,5.9,8.9
2018-01-27,1,16.0,23.9,8.6,0.00,0.00,10.2,93,21,54,2.2,7.2
2018-01-28,3,16.6,24.7,9.4,0.00,0.00,10.5,94,21,55,2.5,7.5
2018-01-29,3,17.5,26.1,10.0,0.00,0.00,10.0,89,22,52,4.2,7.6
2018-01-30,3,19.5,28.0,11.8,0.00,0.00,15.9,65,16,38,3.6,9.3
2018-01-31,3,20.5,28.1,14.7,0.00,0.00,16.8,62,20,36,7.0,12.9
2018-02-01,0,20.2,28.6,12.3,0.00,0.00,13.3,63,18,36,1.8,8.3
2018-02-02,0,20.2,27.5,14.1,0.00,0.00,15.9,60,21,37,5.8,10.4
2018-02-03,0,18.5,25.6,13.6,0.00,0.00,13.6,72,21,45,4.3,8.9
2018-02-04,2,16.7,24.6,10.7,0.00,0.00,13.9,63,11,33,5.2,8.8
2018-02-05,3,16.9,24.0,11.4,0.00,0.00,11.3,51,19,34,6.3,8.9
2018-02-06,3,18.6,23.8,14.3,0.00,0.00,12.7,50,26,35,5.4,9.0
2018-02-07,3,17.7,24.5,12.1,0.00,0.00,11.2,46,12,29,2.9,7.7
2018-02-08,3,16.8,23.8,11.1,0.00,0.00,9.3,55,22,38,4.0,7.5
2018-02-09,0,17.0,24.9,9.9,0.00,0.00,12.5,56,12,33,2.3,6.9
2018-02-10,3,17.7,24.9,11.5,0.00,0.00,16.4,57,23,40,6.7,12.2
2018-02-11,51,18.2,23.8,14.6,1.20,1.20,23.9,73,30,49,9.9,17.8
2018-02-12,51,18.0,25.0,12.9,0.30,0.30,15.7,95,23,61,6.6,10.5
2018-02-13,3,17.4,24.6,12.9,0.00,0.00,12.5,99,20,64,4.5,8.6
2018-02-14,2,17.9,24.9,11.6,0.00,0.00,15.5,79,22,47,6.9,11.0
2018-02-15,1,18.9,26.8,12.1,0.00,0.00,15.0,73,25,46,5.8,10.3
2018-02-16,0,20.1,27.6,13.1,0.00,0.00,13.7,68,23,42,1.8,7.9
2018-02-17,3,20.5,28.6,13.6,0.00,0.00,15.0,67,18,41,4.6,8.6
2018-02-18,3,20.6,28.1,14.1,0.00,0.00,12.5,74,18,43,1.5,7.4
2018-02-19,3,20.7,28.3,14.2,0.00,0.00,11.3,67,22,45,1.8,7.2
2018-02-20,1,22.2,30.0,14.8,0.00,0.00,9.5,64,20,41,3.2,6.7
2018-02-21,3,23.4,31.5,15.4,0.00,0.00,14.4,66,15,35,4.0,9.7
2018-02-22,53,24.0,31.5,18.0,0.50,0.50,17.3,50,16,32,3.8,7.4
2018-02-23,3,24.4,32.5,17.3,0.00,0.00,15.1,60,17,39,1.5,7.4
2018-02-24,3,24.9,31.1,18.1,0.00,0.00,11.1,81,20,41,0.4,7.2
2018-02-25,3,23.7,30.4,18.4,0.00,0.00,17.3,75,19,41,4.3,13.1
2018-02-26,3,22.7,29.9,16.3,0.00,0.00,16.5,76,18,42,8.7,11.8
2018-02-27,3,24.2,31.7,18.4,0.00,0.00,13.2,55,20,38,4.9,8.1
2018-02-28,3,24.3,31.6,18.0,0.00,0.00,14.2,68,21,43,4.7,8.9
2018-03-01,53,24.5,32.1,19.0,0.90,0.90,13.9,68,22,44,5.2,8.6
2018-03-02,1,25.2,32.7,18.9,0.00,0.00,18.7,67,13,34,5.1,10.9
2018-03-03,3,25.2,32.8,18.1,0.00,0.00,21.5,61,14,32,5.8,11.9
2018-03-04,51,22.7,29.2,17.5,0.50,0.50,21.2,78,21,50,3.1,11.4
2018-03-05,51,22.2,29.1,16.6,0.30,0.30,16.6,75,17,43,1.0,9.0
2018-03-06,2,22.3,29.5,14.7,0.00,0.00,15.5,60,16,33,2.3,9.8
2018-03-07,0,22.8,30.4,15.8,0.00,0.00,11.2,53,15,32,4.9,7.6
2018-03-08,1,23.4,31.0,16.4,0.00,0.00,13.3,48,14,30,6.8,9.2
2018-03-09,2,23.9,30.7,17.4,0.00,0.00,12.3,56,17,36,3.9,8.5
2018-03-10,1,25.0,31.9,18.5,0.00,0.00,15.3,49,15,30,5.2,9.3
2018-03-11,0,25.5,32.7,18.6,0.00,0.00,13.5,57,16,31,1.8,8.1
2018-03-12,0,25.9,33.2,17.8,0.00,0.00,12.7,57,16,30,0.8,8.3
2018-03-13,0,26.3,34.5,18.4,0.00,0.00,14.7,48,10,26,5.2,9.4
2018-03-14,1,25.9,32.6,20.2,0.00,0.00,17.8,37,15,22,7.5,12.6
2018-03-15,53,24.9,30.5,20.7,1.50,1.50,17.7,52,17,34,7.2,10.6
2018-03-16,53,24.6,31.6,18.8,0.50,0.50,16.3,47,14,30,4.3,10.0
2018-03-17,0,24.5,32.0,17.5,0.00,0.00,15.3,47,10,26,4.7,9.2
2018-03-18,2,25.0,32.7,18.0,0.00,0.00,13.5,41,13,26,5.3,8.7
2018-03-19,3,25.2,33.1,19.1,0.00,0.00,12.4,42,16,29,6.8,9.6
2018-03-20,3,26.1,32.7,19.4,0.00,0.00,16.1,56,20,34,3.6,9.2
2018-03-21,1,25.6,31.5,20.2,0.00,0.00,21.2,41,14,26,6.4,13.1
2018-03-22,0,24.4,30.7,18.6,0.00,0.00,15.2,72,18,39,3.7,10.8
2018-03-23,0,24.0,30.3,18.0,0.00,0.00,14.5,66,19,37,7.6,10.8
2018-03-24,0,25.7,33.0,18.3,0.00,0.00,16.9,54,13,30,3.1,10.0
2018-03-25,0,26.6,33.8,19.8,0.00,0.00,18.6,49,13,28,6.1,10.8
2018-03-26,2,27.2,35.5,19.6,0.00,0.00,16.3,48,8,23,4.7,10.2
2018-03-27,2,28.4,36.5,19.6,0.00,0.00,14.4,37,8,17,0.8,8.6
2018-03-28,0,29.4,37.3,21.0,0.00,0.00,14.3,22,7,14,6.9,10.3
2018-03-29,0,29.3,37.1,21.0,0.00,0.00,17.1,50,7,21,4.8,10.4
2018-03-30,3,29.4,37.5,22.0,0.00,0.00,22.9,32,8,17,4.7,11.9
2018-03-31,0,29.2,37.8,20.2,0.00,0.00,18.5,45,7,20,4.4,10.3
2018-04-01,0,28.2,36.0,21.5,0.00,0.00,15.1,58,13,35,6.6,10.5
2018-04-02,3,29.5,37.0,22.1,0.00,0.00,18.3,57,15,33,6.2,11.3
2018-04-03,3,30.1,37.8,22.7,0.00,0.00,12.6,49,9,28,2.0,7.7
2018-04-04,1,30.9,38.8,22.5,0.00,0.00,20.7,41,8,20,2.5,10.6
2018-04-05,3,31.2,38.7,24.7,0.00,0.00,16.2,32,9,22,0.7,8.4
2018-04-06,53,29.1,36.3,24.0,2.00,2.00,17.9,60,18,37,6.1,11.7
2018-04-07,51,28.2,35.8,22.1,0.20,0.20,20.4,72,18,43,2.9,8.2
2018-04-08,51,28.7,36.8,22.1,0.30,0.30,22.0,65,17,40,2.2,9.4
2018-04-09,61,28.0,34.0,22.6,3.20,3.20,19.3,62,25,43,3.3,11.3
2018-04-10,55,27.7,35.0,22.8,2.10,2.10,19.1,73,24,48,1.6,9.9
2018-04-11,3,28.5,36.2,23.0,0.00,0.00,19.2,58,15,39,6.1,10.6
2018-04-12,51,27.0,34.7,21.4,0.20,0.20,24.0,76,20,49,4.2,11.0
2018-04-13,3,28.2,35.3,21.6,0.00,0.00,11.9,62,11,33,5.9,8.4
2018-04-14,3,29.5,36.4,23.3,0.00,0.00,14.5,37,15,25,4.8,8.6
2018-04-15,51,30.4,36.8,24.1,0.10,0.10,16.8,38,15,25,2.2,9.2
2018-04-16,51,31.4,39.0,24.2,0.10,0.10,23.2,37,12,23,7.1,12.9
2018-04-17,3,31.6,38.0,25.2,0.00,0.00,22.9,31,11,20,9.2,13.2
2018-04-18,1,31.3,38.1,24.8,0.00,0.00,18.2,29,10,18,3.7,12.7
2018-04-19,1,31.6,38.5,24.4,0.00,0.00,21.1,27,10,17,6.9,12.4
2018-04-20,51,30.8,37.2,23.7,0.10,0.10,33.8,29,10,18,3.3,18.4
2018-04-21,0,28.0,34.6,21.8,0.00,0.00,19.8,29,6,14,6.9,12.1
2018-04-22,0,28.4,35.0,22.0,0.00,0.00,15.0,34,8,17,8.9,12.6
2018-04-23,0,29.3,36.2,22.6,0.00,0.00,18.9,28,8,16,6.9,13.5
2018-04-24,0,31.0,38.2,22.5,0.00,0.00,17.0,23,7,12,4.0,10.7
2018-04-25,0,32.3,39.9,24.8,0.00,0.00,18.7,14,6,10,7.2,14.5
2018-04-26,0,33.8,40.8,27.5,0.00,0.00,20.1,23,8,14,9.9,16.1
2018-04-27,3,34.3,42.0,25.9,0.00,0.00,17.5,23,7,14,0.8,9.5
2018-04-28,51,33.9,41.5,27.5,0.10,0.10,24.0,39,12,22,6.1,14.6
2018-04-29,3,33.9,40.8,27.6,0.00,0.00,20.7,44,10,25,1.6,9.4
2018-04-30,55,33.7,41.2,26.4,2.20,2.20,25.3,43,10,25,6.3,13.6
2018-05-01,61,33.9,41.2,27.0,2.10,2.10,18.8,44,9,23,4.6,8.9
2018-05-02,63,31.6,40.2,25.0,3.40,3.40,25.9,71,15,42,1.8,11.3
2018-05-03,61,31.5,38.7,24.0,2.00,2.00,25.2,73,19,42,8.3,13.9
2018-05-04,2,32.5,41.0,25.9,0.00,0.00,18.4,63,13,38,5.7,11.8
2018-05-05,3,33.3,40.0,26.7,0.00,0.00,23.3,64,11,35,1.3,10.7
2018-05-06,2,33.5,40.0,27.0,0.00,0.00,21.3,45,11,26,5.1,11.9
2018-05-07,1,32.6,39.0,25.9,0.00,0.00,18.4,50,8,25,5.5,12.2
2018-05-08,51,29.6,34.5,25.6,0.50,0.50,30.9,49,22,31,4.5,13.2
2018-05-09,51,31.0,37.7,23.4,0.20,0.20,20.7,44,14,28,2.5,9.9
2018-05-10,2,32.1,39.5,24.1,0.00,0.00,17.4,50,12,28,5.4,9.7
2018-05-11,2,34.8,42.2,27.5,0.00,0.00,17.5,36,10,21,3.7,10.6
2018-05-12,3,35.5,42.1,29.4,0.00,0.00,21.5,28,9,17,7.4,14.6
2018-05-13,2,34.3,41.0,27.8,0.00,0.00,22.7,36,8,20,1.8,11.4
2018-05-14,2,33.0,41.2,25.3,0.00,0.00,19.3,57,8,31,4.9,11.6
2018-05-15,2,34.0,41.4,26.5,0.00,0.00,24.3,56,12,31,3.9,11.4
2018-05-16,2,33.5,40.3,26.5,0.00,0.00,17.0,64,11,33,1.5,7.8
2018-05-17,2,34.4,41.0,28.5,0.00,0.00,23.4,34,14,23,6.7,11.4
2018-05-18,3,33.9,40.1,27.6,0.00,0.00,17.8,34,12,24,5.9,10.8
2018-05-19,3,33.1,40.0,27.0,0.00,0.00,24.5,47,12,32,6.2,11.6
2018-05-20,3,33.8,39.6,27.1,0.00,0.00,14.5,48,14,28,2.0,7.9
2018-05-21,3,35.4,41.1,29.8,0.00,0.00,15.1,30,13,19,8.9,12.2
2018-05-22,1,36.1,42.9,28.6,0.00,0.00,14.2,22,10,16,3.1,9.6
2018-05-23,1,36.3,42.4,29.3,0.00,0.00,17.9,28,8,18,1.5,10.7
2018-05-24,2,36.0,42.0,30.5,0.00,0.00,22.9,34,8,17,6.7,14.9
2018-05-25,2,35.7,42.5,28.8,0.00,0.00,17.3,31,10,17,1.5,7.2
2018-05-26,0,36.3,43.2,29.5,0.00,0.00,18.4,15,6,11,3.3,11.1
2018-05-27,0,36.4,43.0,29.8,0.00,0.00,20.4,13,4,8,4.6,12.9
2018-05-28,0,36.3,43.1,29.5,0.00,0.00,16.1,19,6,10,7.2,10.9
2018-05-29,3,36.7,43.8,29.2,0.00,0.00,23.8,22,7,15,4.3,11.8
2018-05-30,53,34.4,38.6,30.2,1.30,1.30,17.5,39,20,28,3.1,7.9
2018-05-31,1,34.9,41.2,27.5,0.00,0.00,14.3,54,15,30,4.3,8.4
2018-06-01,2,36.7,43.8,29.8,0.00,0.00,18.8,38,10,21,6.6,13.1
2018-06-02,51,35.4,42.3,27.7,0.10,0.10,23.8,60,9,29,3.6,10.2
2018-06-03,3,36.3,42.2,29.8,0.00,0.00,28.5,38,9,22,0.7,17.1
2018-06-04,1,36.3,42.9,28.8,0.00,0.00,18.8,41,13,24,2.3,12.2
2018-06-05,51,36.9,42.2,31.0,0.30,0.30,18.2,48,18,32,2.9,9.2
2018-06-06,53,35.2,41.7,31.4,0.50,0.50,29.3,57,26,42,1.1,11.1
2018-06-07,61,35.1,41.7,30.6,1.40,1.40,31.8,59,22,43,5.6,10.3
2018-06-08,63,34.5,40.2,27.2,5.40,5.40,34.2,85,28,45,3.7,13.3
2018-06-09,51,33.3,37.4,29.2,0.70,0.70,18.1,68,38,51,3.6,10.6
2018-06-10,51,31.9,36.8,27.1,1.00,1.00,21.5,89,41,60,4.1,9.4
2018-06-11,2,34.3,39.3,28.5,0.00,0.00,20.4,67,24,41,8.3,14.8
2018-06-12,1,35.7,41.0,30.8,0.00,0.00,29.0,56,23,38,15.6,22.4
2018-06-13,1,34.9,39.7,30.9,0.00,0.00,30.1,52,21,37,20.7,25.9
2018-06-14,0,33.5,38.0,28.9,0.00,0.00,26.9,58,25,39,18.9,23.8
2018-06-15,0,33.2,37.7,28.8,0.00,0.00,27.2,53,29,40,13.4,21.6
2018-06-16,0,33.6,38.2,29.5,0.00,0.00,25.1,53,27,40,15.8,20.1
2018-06-17,1,34.1,38.2,30.8,0.00,0.00,24.7,49,25,37,5.5,17.2
2018-06-18,1,33.5,38.4,30.0,0.00,0.00,21.9,52,27,41,7.0,13.0
2018-06-19,55,32.9,39.0,27.8,1.70,1.70,15.3,57,30,43,3.3,9.2
2018-06-20,2,35.0,40.8,28.2,0.00,0.00,13.9,67,18,37,0.4,8.1
2018-06-21,2,36.0,41.8,31.0,0.00,0.00,22.4,42,20,30,0.8,8.7
2018-06-22,1,36.5,42.0,30.5,0.00,0.00,18.5,49,17,30,1.5,9.4
2018-06-23,3,36.1,41.2,31.6,0.00,0.00,23.6,48,21,33,5.4,13.3
2018-06-24,51,34.3,38.2,30.9,0.10,0.10,14.8,54,27,40,3.4,7.0
2018-06-25,51,32.7,37.6,29.8,0.70,0.70,23.2,64,34,50,2.3,14.3
2018-06-26,53,30.3,34.8,27.1,1.40,1.40,15.9,80,44,61,2.1,9.0
2018-06-27,63,27.5,31.2,24.9,13.20,13.20,14.4,97,61,81,3.2,8.4
2018-06-28,63,26.9,30.9,24.4,26.00,26.00,19.1,97,65,85,4.1,12.2
2018-06-29,63,26.8,30.7,24.5,17.30,17.30,19.0,97,64,85,1.3,11.2
2018-06-30,63,28.1,31.8,24.0,12.10,12.10,13.8,98,59,79,3.3,8.6
2018-07-01,51,29.9,32.8,27.0,0.70,0.70,22.7,76,53,65,8.1,15.2
2018-07-02,3,30.3,33.0,27.5,0.00,0.00,23.7,72,54,61,9.4,15.6
2018-07-03,51,30.5,34.5,27.1,0.40,0.40,20.5,74,45,62,7.4,15.8
2018-07-04,53,29.2,32.7,27.0,2.70,2.70,23.0,78,53,69,5.9,13.2
2018-07-05,51,30.6,34.9,27.2,0.40,0.40,21.3,74,46,60,4.3,12.9
2018-07-06,3,31.3,35.7,27.2,0.00,0.00,15.8,67,37,54,4.2,10.7
2018-07-07,2,32.3,36.4,28.4,0.00,0.00,17.3,64,35,50,4.6,11.8
2018-07-08,51,33.7,38.4,28.9,0.20,0.20,21.7,59,28,43,4.1,14.4
2018-07-09,51,34.6,38.9,31.2,0.80,0.80,20.7,50,28,41,6.6,13.8
2018-07-10,51,34.1,39.0,30.1,0.60,0.60,14.8,68,31,49,3.3,9.4
2018-07-11,63,31.1,37.3,27.1,9.80,9.80,21.3,92,42,66,1.3,10.1
2018-07-12,63,28.8,33.3,26.1,15.30,15.30,17.4,94,57,80,3.3,9.2
2018-07-13,61,28.1,32.4,25.4,6.60,6.60,11.8,96,59,82,1.1,7.0
2018-07-14,63,27.6,31.4,24.9,10.60,10.60,10.4,98,61,86,0.0,5.1
2018-07-15,61,27.6,31.1,25.2,4.00,4.00,11.2,97,68,87,1.5,7.3
2018-07-16,63,28.4,31.9,25.6,12.20,12.20,13.6,99,70,85,5.1,9.7
2018-07-17,61,29.0,32.5,25.1,7.20,7.20,15.6,99,63,82,3.5,9.4
2018-07-18,55,28.8,32.0,26.0,4.90,4.90,11.9,97,69,83,3.1,7.3
2018-07-19,63,27.3,29.9,25.5,14.80,14.80,9.9,98,77,89,3.3,6.1
2018-07-20,63,27.4,31.7,25.1,17.70,17.70,12.1,98,68,88,2.3,6.5
2018-07-21,63,26.8,30.3,24.5,28.20,28.20,14.7,98,76,90,1.1,7.8
2018-07-22,61,25.8,28.5,24.5,13.70,13.70,12.2,98,77,90,2.9,8.6
2018-07-23,63,26.7,30.4,24.5,16.40,16.40,13.4,98,69,88,2.6,8.0
2018-07-24,65,27.0,30.9,24.8,44.60,44.60,10.4,97,66,87,1.0,6.7
2018-07-25,63,26.7,29.4,24.9,8.00,8.00,18.3,96,76,89,6.9,11.9
2018-07-26,51,26.3,28.1,25.4,3.00,3.00,22.4,86,75,81,5.4,14.3
2018-07-27,53,27.2,30.8,25.1,1.70,1.70,23.3,85,64,78,7.8,15.1
2018-07-28,51,27.4,31.0,24.4,0.20,0.20,19.2,90,62,77,8.2,14.1
2018-07-29,51,28.3,32.2,25.2,0.30,0.30,20.3,84,63,73,7.3,13.3
2018-07-30,3,28.3,31.8,25.0,0.00,0.00,18.5,82,62,72,5.4,14.2
2018-07-31,53,28.2,32.2,25.8,1.50,1.50,23.4,91,59,73,6.4,16.6
2018-08-01,3,28.4,32.4,25.4,0.00,0.00,24.5,89,56,69,9.5,17.0
2018-08-02,3,28.3,31.6,25.2,0.00,0.00,23.0,80,54,66,9.2,16.3
2018-08-03,3,28.5,31.6,25.7,0.00,0.00,25.3,76,52,64,7.9,17.5
2018-08-04,3,28.1,31.1,25.6,0.00,0.00,23.5,74,57,66,5.1,15.6
2018-08-05,53,27.9,31.5,25.8,0.90,0.90,25.0,76,53,67,5.7,15.0
2018-08-06,53,26.2,28.5,24.6,2.00,2.00,13.7,90,65,79,6.2,10.7
2018-08-07,53,26.4,29.6,24.4,3.10,3.10,9.7,96,66,83,2.6,5.8
2018-08-08,53,26.5,29.4,24.6,4.10,4.10,8.0,98,74,88,0.8,4.7
2018-08-09,53,28.0,31.7,24.5,3.00,3.00,12.8,97,62,82,0.7,7.4
2018-08-10,63,27.8,31.5,24.5,10.00,10.00,17.4,97,68,84,4.0,9.9
2018-08-11,51,28.6,31.6,25.6,0.20,0.20,23.6,93,59,71,6.2,16.3
2018-08-12,3,28.1,31.2,25.8,0.00,0.00,21.0,78,53,68,7.5,13.8
2018-08-13,51,27.7,30.9,24.5,2.10,2.10,12.3,87,60,75,5.6,8.5
2018-08-14,53,28.3,32.2,25.3,2.10,2.10,10.2,93,58,79,1.5,6.7
2018-08-15,63,28.5,33.5,26.3,4.30,4.30,15.0,95,54,77,1.3,7.5
2018-08-16,61,27.6,30.7,25.7,3.40,3.40,15.3,96,66,84,3.1,8.8
2018-08-17,61,28.8,32.7,25.8,2.20,2.20,17.5,95,63,81,4.8,12.3
2018-08-18,61,27.8,31.3,25.0,7.50,7.50,12.8,99,70,85,0.8,5.7
2018-08-19,63,27.4,30.8,25.1,10.10,10.10,17.5,96,71,86,2.1,9.9
2018-08-20,63,27.3,31.9,24.0,10.90,10.90,12.4,99,66,87,1.3,9.2
2018-08-21,63,28.0,31.6,24.8,5.70,5.70,11.5,95,64,84,1.9,6.5
2018-08-22,63,27.1,29.9,24.5,27.30,27.30,14.3,98,75,88,2.5,9.3
2018-08-23,63,25.8,28.3,24.4,7.60,7.60,21.0,98,75,88,3.3,14.2
2018-08-24,51,26.6,29.3,24.0,1.30,1.30,23.4,94,70,82,10.5,16.4
2018-08-25,51,26.8,30.0,24.1,1.30,1.30,25.3,87,64,76,6.4,15.2
2018-08-26,51,27.0,30.5,24.0,0.60,0.60,22.4,87,62,76,6.6,12.9
2018-08-27,53,27.1,30.8,24.0,2.40,2.40,15.1,89,64,78,1.5,10.5
2018-08-28,63,27.1,30.9,25.1,11.20,11.20,12.7,94,66,83,2.5,8.4
2018-08-29,63,26.6,30.1,23.9,26.40,26.40,11.0,100,78,91,1.6,5.0
2018-08-30,53,27.8,31.4,24.5,1.70,1.70,19.6,96,63,80,5.9,12.6
2018-08-31,51,27.9,31.9,25.2,0.70,0.70,23.3,84,59,75,9.8,15.7
2018-09-01,51,26.3,30.5,24.5,0.90,0.90,22.7,88,64,80,9.4,15.2
2018-09-02,63,25.3,27.5,23.5,25.00,25.00,15.4,95,81,89,4.5,11.9
2018-09-03,61,25.5,29.0,23.5,10.00,10.00,21.0,96,70,88,2.4,11.7
2018-09-04,55,26.4,30.2,23.9,3.00,3.00,18.6,93,65,82,5.5,13.7
2018-09-05,53,26.6,29.5,24.0,2.10,2.10,19.5,87,67,78,7.6,14.8
2018-09-06,61,25.5,29.5,23.5,9.00,9.00,18.6,91,66,82,9.0,12.9
2018-09-07,61,26.4,30.8,23.4,8.90,8.90,11.3,97,65,82,3.8,6.8
2018-09-08,65,25.3,28.8,23.9,34.60,34.60,22.5,99,74,91,0.5,14.8
2018-09-09,53,24.5,27.8,23.0,2.40,2.40,18.9,98,72,90,4.9,11.7
2018-09-10,53,25.2,28.5,23.3,3.50,3.50,17.6,96,71,87,9.2,12.9
2018-09-11,55,25.4,29.9,23.0,4.90,4.90,20.3,96,72,88,9.8,14.0
2018-09-12,51,26.6,31.0,23.6,0.30,0.30,24.9,88,63,78,7.4,16.7
2018-09-13,3,25.9,29.8,22.9,0.00,0.00,23.4,90,58,75,6.2,14.5
2018-09-14,1,25.5,29.8,21.8,0.00,0.00,16.3,88,59,75,5.6,11.2
2018-09-15,1,25.9,30.0,22.1,0.00,0.00,13.8,80,56,70,6.2,9.9
2018-09-16,1,26.4,31.4,22.5,0.00,0.00,15.5,77,46,65,5.8,11.2
2018-09-17,51,26.5,31.7,23.0,0.30,0.30,17.1,72,50,65,2.3,11.6
2018-09-18,2,27.4,32.8,23.0,0.00,0.00,14.3,71,35,55,6.5,11.5
2018-09-19,2,28.0,33.3,23.5,0.00,0.00,19.9,61,34,49,8.2,13.7
2018-09-20,1,27.8,34.0,23.1,0.00,0.00,18.3,75,32,52,4.6,12.0
2018-09-21,51,26.5,30.6,22.9,1.20,1.20,18.9,85,58,74,5.4,13.1
2018-09-22,63,24.5,28.6,22.4,12.50,12.50,22.5,96,76,88,14.3,18.0
2018-09-23,65,23.8,26.2,22.5,27.90,27.90,22.4,98,74,92,12.9,18.8
2018-09-24,65,24.5,27.4,22.9,21.60,21.60,23.0,98,77,89,10.2,16.6
2018-09-25,2,25.7,31.6,21.0,0.00,0.00,17.6,99,48,78,6.5,11.1
2018-09-26,1,26.4,32.0,21.4,0.00,0.00,15.9,95,47,69,1.6,9.1
2018-09-27,2,26.6,32.3,22.5,0.00,0.00,15.7,77,40,58,4.1,9.7
2018-09-28,3,26.2,31.9,21.0,0.00,0.00,10.4,70,35,56,2.8,7.7
2018-09-29,2,26.3,32.8,21.0,0.00,0.00,12.1,70,31,51,4.3,8.5
2018-09-30,1,27.3,33.0,22.5,0.00,0.00,15.0,66,33,50,2.3,9.5
2018-10-01,1,27.2,34.0,22.0,0.00,0.00,12.8,64,26,47,1.5,9.5
2018-10-02,2,27.7,33.5,22.6,0.00,0.00,11.3,62,31,49,1.4,8.0
2018-10-03,2,26.9,32.7,22.3,0.00,0.00,13.2,69,30,54,4.5,8.6
2018-10-04,2,26.5,33.8,21.2,0.00,0.00,9.8,77,25,56,3.6,7.3
2018-10-05,1,27.4,33.9,21.0,0.00,0.00,14.8,82,25,47,2.9,7.6
2018-10-06,1,27.7,33.8,21.6,0.00,0.00,10.6,58,25,41,1.1,7.1
2018-10-07,2,26.4,33.5,20.5,0.00,0.00,13.0,75,23,52,1.6,7.2
2018-10-08,3,26.6,33.8,20.5,0.00,0.00,13.8,86,25,58,5.6,8.2
2018-10-09,3,28.3,35.7,21.0,0.00,0.00,19.0,57,17,35,6.8,12.1
2018-10-10,3,28.5,34.8,22.2,0.00,0.00,15.5,42,22,31,6.1,11.0
2018-10-11,0,27.3,33.7,22.3,0.00,0.00,13.1,68,15,36,7.0,10.1
2018-10-12,1,25.9,32.2,20.8,0.00,0.00,14.7,86,23,54,1.5,9.1
2018-10-13,1,25.8,32.1,20.2,0.00,0.00,14.8,69,23,45,5.7,8.8
2018-10-14,3,25.3,32.8,19.1,0.00,0.00,16.6,67,18,43,1.6,7.7
2018-10-15,3,26.3,34.1,19.2,0.00,0.00,13.2,72,17,41,5.8,8.5
2018-10-16,3,27.3,34.0,20.4,0.00,0.00,13.7,51,18,32,3.3,9.9
2018-10-17,3,27.8,34.3,22.7,0.00,0.00,18.0,41,15,28,6.6,10.7
2018-10-18,1,27.2,34.3,21.4,0.00,0.00,22.6,41,13,26,6.1,13.0
2018-10-19,1,26.8,32.8,21.2,0.00,0.00,14.0,54,21,35,2.3,7.8
2018-10-20,1,26.2,33.2,20.5,0.00,0.00,14.4,61,17,40,4.5,9.5
2018-10-21,1,25.6,31.8,20.6,0.00,0.00,14.6,59,22,39,5.8,9.9
2018-10-22,0,24.7,31.1,18.5,0.00,0.00,15.0,49,14,29,1.8,9.1
2018-10-23,2,24.2,31.9,17.9,0.00,0.00,12.6,49,14,33,4.7,7.9
2018-10-24,2,24.0,30.9,17.5,0.00,0.00,19.4,57,25,40,5.9,10.0
2018-10-25,51,24.6,31.9,18.1,0.30,0.30,16.0,62,17,42,3.9,7.7
2018-10-26,61,24.9,32.0,18.7,1.70,1.70,18.2,64,25,44,5.3,8.9
2018-10-27,3,24.1,30.9,19.1,0.00,0.00,11.6,71,22,48,3.3,7.2
2018-10-28,0,24.3,31.0,18.4,0.00,0.00,9.9,61,21,43,3.4,6.8
2018-10-29,0,24.0,31.0,18.4,0.00,0.00,8.7,65,24,45,1.8,5.7
2018-10-30,0,23.8,30.1,18.0,0.00,0.00,9.0,69,28,47,4.3,6.5
2018-10-31,0,24.1,30.8,18.5,0.00,0.00,9.2,71,28,50,1.8,6.1
2018-11-01,2,24.2,31.0,18.4,0.00,0.00,11.3,74,30,52,2.4,7.0
2018-11-02,0,24.8,31.7,18.5,0.00,0.00,13.0,73,24,46,6.2,9.4
2018-11-03,3,25.0,31.5,18.4,0.00,0.00,16.1,63,24,42,3.1,8.4
2018-11-04,1,23.5,29.7,18.4,0.00,0.00,18.7,66,14,35,10.6,14.4
2018-11-05,1,20.7,27.6,14.3,0.00,0.00,11.6,57,14,35,6.9,9.3
2018-11-06,0,20.4,27.5,14.9,0.00,0.00,11.3,76,16,40,7.0,9.2
2018-11-07,0,20.0,27.9,13.6,0.00,0.00,9.5,47,14,28,4.1,7.4
2018-11-08,0,20.1,27.5,14.8,0.00,0.00,10.6,57,21,40,4.6,6.7
2018-11-09,0,21.1,28.6,15.4,0.00,0.00,9.0,59,20,41,2.8,6.3
2018-11-10,0,21.6,28.9,15.1,0.00,0.00,10.2,67,24,44,1.3,5.7
2018-11-11,0,22.2,29.6,15.8,0.00,0.00,10.4,70,23,46,2.6,7.5
2018-11-12,0,23.0,30.7,16.0,0.00,0.00,12.0,67,21,43,2.1,8.6
2018-11-13,2,24.1,30.4,18.2,0.00,0.00,12.3,59,28,41,2.8,8.4
2018-11-14,2,22.5,27.8,18.5,0.00,0.00,13.5,75,37,55,3.4,8.4
2018-11-15,2,22.5,29.4,16.9,0.00,0.00,14.1,85,16,49,2.5,8.9
2018-11-16,0,20.5,27.4,15.1,0.00,0.00,13.4,89,19,52,7.5,9.9
2018-11-17,1,20.6,27.8,13.7,0.00,0.00,9.9,73,24,46,0.7,6.5
2018-11-18,3,21.4,28.3,15.1,0.00,0.00,12.8,69,29,49,0.8,8.7
2018-11-19,3,22.1,29.4,16.6,0.00,0.00,10.6,71,29,52,5.4,7.7
2018-11-20,0,23.5,30.4,18.0,0.00,0.00,14.1,76,18,44,1.8,7.6
2018-11-21,3,21.8,28.7,16.6,0.00,0.00,10.3,82,27,49,0.5,6.3
2018-11-22,3,21.0,27.6,15.6,0.00,0.00,10.3,75,35,56,4.1,7.0
2018-11-23,0,21.7,28.9,15.8,0.00,0.00,13.8,89,22,51,3.9,8.7
2018-11-24,0,20.6,27.2,15.5,0.00,0.00,17.1,66,26,45,7.7,11.6
2018-11-25,3,20.7,27.9,14.1,0.00,0.00,10.2,69,24,46,5.9,8.2
2018-11-26,3,20.8,29.2,13.9,0.00,0.00,9.4,82,18,49,2.7,6.9
2018-11-27,3,19.7,25.9,14.6,0.00,0.00,11.9,76,39,59,6.1,9.1
2018-11-28,3,19.2,25.4,14.9,0.00,0.00,11.6,89,38,67,5.9,8.1
2018-11-29,2,19.2,26.2,13.4,0.00,0.00,8.6,91,32,65,1.4,5.5
2018-11-30,3,19.1,26.6,13.3,0.00,0.00,9.4,86,28,56,2.5,5.6
2018-12-01,0,18.6,25.6,13.1,0.00,0.00,10.8,83,29,56,2.9,7.2
2018-12-02,0,17.8,24.9,12.3,0.00,0.00,10.7,81,31,56,0.4,5.4
2018-12-03,1,18.8,24.1,15.0,0.00,0.00,9.4,66,30,50,1.6,5.9
2018-12-04,3,17.4,23.9,11.6,0.00,0.00,10.9,77,29,54,1.9,8.0
2018-12-05,1,17.5,23.7,12.1,0.00,0.00,11.3,71,29,50,1.4,6.0
2018-12-06,3,17.1,23.7,10.8,0.00,0.00,9.8,74,32,51,1.8,6.6
2018-12-07,0,17.0,23.6,11.1,0.00,0.00,10.2,80,30,54,6.1,7.5
2018-12-08,0,16.6,23.2,10.9,0.00,0.00,11.0,75,32,54,5.4,8.0
2018-12-09,0,16.9,23.5,11.6,0.00,0.00,10.4,73,30,53,5.1,7.2
2018-12-10,0,16.3,23.1,10.4,0.00,0.00,11.1,81,30,53,2.9,8.6
2018-12-11,51,15.6,21.0,10.2,0.20,0.20,12.0,91,39,66,3.7,7.5
2018-12-12,51,15.9,20.8,12.2,0.90,0.90,13.9,88,45,68,4.8,8.7
2018-12-13,1,14.6,20.3,10.4,0.00,0.00,12.1,94,35,67,5.4,9.6
2018-12-14,0,13.9,20.0,9.0,0.00,0.00,11.4,86,24,55,6.0,9.3
2018-12-15,0,13.7,20.4,8.6,0.00,0.00,10.9,83,24,53,6.0,8.4
2018-12-16,3,14.7,21.9,8.9,0.00,0.00,14.7,77,22,47,6.4,10.5
2018-12-17,3,15.0,21.6,10.4,0.00,0.00,12.8,65,20,43,5.2,9.7
2018-12-18,0,14.8,22.9,8.9,0.00,0.00,11.6,64,17,41,2.3,8.4
2018-12-19,0,14.4,23.6,7.2,0.00,0.00,10.6,65,13,42,1.1,6.5
2018-12-20,0,14.3,23.1,7.1,0.00,0.00,9.7,84,22,54,1.8,6.9
2018-12-21,0,13.8,22.5,6.5,0.00,0.00,8.9,90,24,52,3.2,6.0
2018-12-22,0,14.9,22.0,9.1,0.00,0.00,11.9,87,27,58,2.8,7.2
2018-12-23,2,14.5,22.4,8.4,0.00,0.00,10.5,89,29,63,6.6,8.7
2018-12-24,3,14.7,22.4,8.8,0.00,0.00,10.1,89,30,61,5.5,7.7
2018-12-25,2,14.6,22.1,9.7,0.00,0.00,10.6,81,12,47,1.8,7.0
2018-12-26,3,13.8,21.2,7.2,0.00,0.00,11.3,71,16,46,3.6,7.4
2018-12-27,0,13.9,20.8,6.9,0.00,0.00,17.4,84,18,43,1.5,10.5
2018-12-28,0,13.0,20.5,6.7,0.00,0.00,13.9,74,14,40,7.9,9.9
2018-12-29,0,12.9,21.0,5.1,0.00,0.00,10.4,55,14,35,2.1,7.0
2018-12-30,0,13.8,20.7,7.1,0.00,0.00,9.7,52,20,40,3.0,6.6
2018-12-31,0,14.9,22.4,8.3,0.00,0.00,9.7,68,21,45,1.3,5.4
2019-01-01,0,14.6,23.2,7.2,0.00,0.00,9.8,79,22,50,0.7,6.7
2019-01-02,0,16.1,24.0,8.9,0.00,0.00,11.9,83,23,50,3.2,7.7
2019-01-03,0,15.5,23.5,8.9,0.00,0.00,9.6,88,16,50,3.3,6.9
2019-01-04,3,14.8,21.1,8.7,0.00,0.00,10.2,83,35,58,5.5,7.6
2019-01-05,1,15.4,22.7,9.9,0.00,0.00,13.3,84,37,64,7.1,10.6
2019-01-06,51,14.6,20.1,10.9,0.40,0.40,13.9,83,36,63,5.7,9.9
2019-01-07,0,13.7,20.1,8.9,0.00,0.00,12.3,91,26,60,4.7,8.6
2019-01-08,0,13.5,20.4,7.9,0.00,0.00,11.1,92,31,61,2.9,7.8
2019-01-09,0,14.1,21.5,8.8,0.00,0.00,13.5,84,30,56,7.0,9.8
2019-01-10,2,14.0,21.8,7.8,0.00,0.00,10.5,87,24,56,2.4,6.8
2019-01-11,1,14.2,21.3,8.3,0.00,0.00,11.8,77,32,57,5.9,8.9
2019-01-12,0,14.3,21.4,8.4,0.00,0.00,9.8,89,30,60,6.6,8.0
2019-01-13,1,14.8,21.6,9.0,0.00,0.00,11.6,86,33,60,6.1,8.7
2019-01-14,0,14.3,20.9,9.2,0.00,0.00,16.8,82,14,45,8.7,13.0
2019-01-15,3,13.7,21.9,7.6,0.00,0.00,13.4,53,13,34,6.4,9.9
2019-01-16,3,13.9,21.8,6.9,0.00,0.00,10.9,77,23,49,4.2,7.9
2019-01-17,0,15.5,24.1,8.9,0.00,0.00,9.2,84,22,54,1.5,5.2
2019-01-18,0,15.6,23.9,8.4,0.00,0.00,10.0,85,25,54,1.1,6.4
2019-01-19,3,17.7,24.7,12.9,0.00,0.00,11.0,73,30,53,1.6,6.8
2019-01-20,3,18.2,26.7,10.6,0.00,0.00,11.5,84,27,57,7.1,9.2
2019-01-21,51,17.1,23.2,13.4,1.20,1.20,16.0,82,37,63,3.0,8.4
2019-01-22,51,15.4,20.5,9.8,0.80,0.80,12.2,98,34,69,2.5,7.5
2019-01-23,2,14.6,21.0,9.6,0.00,0.00,14.1,97,26,67,1.5,7.5
2019-01-24,63,13.5,19.1,10.6,8.00,8.00,16.2,93,52,80,1.1,11.6
2019-01-25,51,12.6,18.0,8.8,0.20,0.20,12.3,94,34,65,8.7,11.0
2019-01-26,0,11.6,18.0,6.8,0.00,0.00,13.0,78,21,48,5.4,9.6
2019-01-27,0,11.5,18.0,6.2,0.00,0.00,14.2,79,24,49,6.0,9.9
2019-01-28,0,11.6,18.3,5.9,0.00,0.00,13.8,72,24,47,5.4,9.4
2019-01-29,0,12.6,19.7,6.4,0.00,0.00,14.3,62,20,41,6.6,9.4
2019-01-30,51,13.4,20.4,6.6,0.30,0.30,9.8,64,23,45,3.3,6.9
2019-01-31,53,14.5,21.1,9.4,1.10,1.10,16.5,73,33,57,6.5,11.1
2019-02-01,2,14.9,21.6,10.4,0.00,0.00,16.9,79,26,58,6.4,10.9
2019-02-02,0,13.4,20.5,7.9,0.00,0.00,12.8,87,30,61,1.1,8.8
2019-02-03,0,13.3,21.1,7.5,0.00,0.00,9.7,92,31,64,2.3,6.6
2019-02-04,1,15.3,23.5,7.8,0.00,0.00,10.5,94,36,66,6.4,7.9
2019-02-05,3,18.3,25.0,12.8,0.00,0.00,9.7,92,44,69,0.7,6.7
2019-02-06,2,19.2,26.0,13.9,0.00,0.00,12.6,96,21,61,5.8,8.4
2019-02-07,3,16.2,22.2,11.5,0.00,0.00,29.8,98,11,48,0.4,13.7
2019-02-08,0,12.8,18.6,7.3,0.00,0.00,17.2,67,25,40,4.7,9.7
2019-02-09,0,13.5,19.9,7.9,0.00,0.00,13.2,67,23,43,6.4,10.1
2019-02-10,3,13.9,19.5,8.1,0.00,0.00,12.0,67,27,44,1.5,7.0
2019-02-11,3,14.7,21.4,8.1,0.00,0.00,10.9,74,30,51,3.7,7.0
2019-02-12,51,16.5,23.8,9.8,0.30,0.30,9.4,86,29,58,6.8,8.1
2019-02-13,3,19.0,26.8,12.3,0.00,0.00,15.5,74,35,57,8.7,12.2
2019-02-14,61,19.6,26.4,14.5,2.10,2.10,17.0,99,25,64,2.1,10.0
2019-02-15,3,17.7,23.9,12.9,0.00,0.00,16.2,100,22,55,6.7,12.8
2019-02-16,0,15.7,22.2,10.6,0.00,0.00,13.9,79,25,51,5.9,11.2
2019-02-17,3,16.4,23.2,10.4,0.00,0.00,13.8,78,25,50,4.0,8.4
2019-02-18,51,19.6,27.5,11.8,0.10,0.10,26.8,73,18,42,3.9,13.2
2019-02-19,3,20.6,26.6,14.2,0.00,0.00,14.2,64,28,44,6.2,9.6
2019-02-20,51,19.5,24.4,16.8,0.70,0.70,16.9,84,42,66,2.9,10.0
2019-02-21,3,21.9,29.8,15.6,0.00,0.00,22.1,95,31,63,7.2,13.2
2019-02-22,51,19.6,25.1,15.2,0.60,0.60,16.9,89,24,52,8.7,13.7
2019-02-23,3,17.5,24.6,11.4,0.00,0.00,15.5,65,14,38,7.0,10.3
2019-02-24,51,18.4,25.1,12.9,0.10,0.10,14.6,64,21,40,1.9,7.6
2019-02-25,1,18.0,25.4,12.1,0.00,0.00,24.2,83,16,46,6.4,10.8
2019-02-26,53,15.0,19.6,11.2,2.10,2.10,13.7,90,35,63,2.9,8.2
2019-02-27,1,14.5,20.6,8.8,0.00,0.00,16.9,93,23,61,2.5,9.4
2019-02-28,3,15.2,22.0,8.4,0.00,0.00,12.0,91,16,48,1.1,7.2
2019-03-01,3,16.7,23.2,10.2,0.00,0.00,12.5,64,25,42,6.4,8.5
2019-03-02,51,17.0,22.0,13.8,0.30,0.30,21.6,80,33,54,7.9,16.3
2019-03-03,53,16.9,23.5,11.8,1.40,1.40,21.7,89,45,67,7.3,14.7
2019-03-04,51,18.2,23.9,13.2,0.50,0.50,15.7,95,35,68,5.9,9.6
2019-03-05,0,18.0,24.0,12.5,0.00,0.00,13.7,93,23,51,5.9,10.1
2019-03-06,1,18.6,24.9,11.2,0.00,0.00,13.5,59,19,36,1.8,8.0
2019-03-07,3,19.3,26.9,11.9,0.00,0.00,13.8,66,17,39,5.2,8.6
2019-03-08,51,20.6,27.0,14.6,0.30,0.30,17.1,58,23,41,6.6,11.9
2019-03-09,3,21.1,27.1,15.1,0.00,0.00,15.8,71,22,43,4.3,10.8
2019-03-10,2,20.9,26.8,14.6,0.00,0.00,12.0,61,21,40,4.1,9.9
2019-03-11,1,21.6,28.3,16.2,0.00,0.00,23.1,59,18,39,10.6,15.2
2019-03-12,3,20.7,27.0,15.6,0.00,0.00,14.0,70,22,40,5.9,9.7
2019-03-13,51,19.8,25.5,15.9,0.10,0.10,17.4,64,30,48,5.9,11.8
2019-03-14,55,18.6,24.9,14.9,3.00,3.00,18.3,76,36,60,7.3,13.0
2019-03-15,3,19.5,26.5,12.7,0.00,0.00,17.4,90,18,48,6.9,12.2
2019-03-16,3,19.9,26.6,13.9,0.00,0.00,16.8,63,20,39,1.1,9.2
2019-03-17,3,21.7,28.0,15.1,0.00,0.00,16.3,52,18,33,1.5,9.1
2019-03-18,3,22.2,29.2,15.6,0.00,0.00,10.7,48,19,32,3.8,7.6
2019-03-19,1,23.5,31.0,16.5,0.00,0.00,15.8,53,19,34,5.9,9.1
2019-03-20,1,24.7,31.7,17.0,0.00,0.00,20.0,51,14,28,4.6,11.8
2019-03-21,3,25.3,32.3,18.6,0.00,0.00,15.0,66,12,32,3.3,11.0
2019-03-22,0,24.3,30.5,19.0,0.00,0.00,16.2,48,14,29,7.3,12.3
2019-03-23,2,24.5,31.5,17.6,0.00,0.00,16.5,38,16,26,6.5,11.1
2019-03-24,3,26.0,33.5,18.4,0.00,0.00,26.3,51,16,32,6.0,11.8
2019-03-25,53,25.2,31.2,19.9,0.80,0.80,24.8,62,20,40,10.0,14.1
2019-03-26,0,24.4,32.0,17.3,0.00,0.00,13.4,69,12,34,5.5,8.6
2019-03-27,3,25.8,33.7,17.4,0.00,0.00,12.1,47,16,29,2.4,6.0
2019-03-28,3,28.8,36.9,20.6,0.00,0.00,14.9,46,15,29,2.6,8.9
2019-03-29,3,30.4,39.0,21.4,0.00,0.00,15.5,45,9,25,5.5,10.7
2019-03-30,3,30.1,37.2,22.9,0.00,0.00,24.9,57,9,32,1.8,11.1
2019-03-31,3,29.0,36.5,22.8,0.00,0.00,18.6,49,9,27,7.2,12.9
2019-04-01,3,28.3,35.8,20.5,0.00,0.00,17.4,29,9,16,6.6,10.8
2019-04-02,2,28.4,36.2,20.5,0.00,0.00,13.3,35,10,20,7.0,10.0
2019-04-03,1,29.2,37.8,21.2,0.00,0.00,12.7,40,11,25,5.9,9.1
2019-04-04,3,30.5,38.2,23.0,0.00,0.00,14.2,39,10,25,2.5,9.4
2019-04-05,3,31.3,39.8,23.1,0.00,0.00,24.2,45,10,24,1.0,11.2
2019-04-06,2,32.3,38.6,25.1,0.00,0.00,22.0,31,11,20,2.1,12.2
2019-04-07,3,31.9,38.8,24.7,0.00,0.00,22.9,38,9,21,5.1,13.4
2019-04-08,2,29.9,37.7,22.2,0.00,0.00,18.0,65,13,32,5.4,10.4
2019-04-09,3,30.6,38.5,23.0,0.00,0.00,16.2,53,12,31,0.4,9.6
2019-04-10,3,31.3,38.0,24.0,0.00,0.00,13.8,46,11,29,3.9,7.7
2019-04-11,3,31.9,39.4,24.5,0.00,0.00,17.9,35,12,24,3.8,10.2
2019-04-12,3,31.5,38.5,24.5,0.00,0.00,16.8,36,13,25,1.8,11.4
2019-04-13,3,31.9,38.8,24.7,0.00,0.00,15.0,39,13,25,4.8,11.7
2019-04-14,2,31.8,38.6,24.2,0.00,0.00,16.0,46,12,27,2.5,10.7
2019-04-15,3,32.4,38.5,25.9,0.00,0.00,23.1,38,12,25,5.0,13.6
2019-04-16,63,25.6,31.0,18.4,8.40,8.40,22.7,97,27,54,4.9,16.8
2019-04-17,65,21.3,27.4,17.8,25.20,25.20,21.3,96,39,72,3.8,13.6
2019-04-18,51,23.5,29.1,17.8,0.20,0.20,15.3,90,31,57,2.2,10.3
2019-04-19,3,24.8,30.5,18.6,0.00,0.00,16.5,70,22,45,3.6,9.8
2019-04-20,3,26.6,33.1,19.6,0.00,0.00,13.7,68,22,41,2.1,7.3
2019-04-21,1,29.3,36.3,22.0,0.00,0.00,15.1,51,15,30,3.4,7.9
2019-04-22,2,31.7,38.2,24.0,0.00,0.00,17.8,39,12,22,1.0,10.4
2019-04-23,3,33.4,40.5,24.6,0.00,0.00,17.4,33,10,19,3.7,9.9
2019-04-24,1,34.7,41.5,28.0,0.00,0.00,19.7,25,10,17,5.7,12.5
2019-04-25,2,34.8,41.0,28.4,0.00,0.00,25.6,27,9,16,11.7,16.4
2019-04-26,2,33.8,40.2,27.0,0.00,0.00,17.6,49,14,25,2.8,11.1
2019-04-27,0,34.2,41.0,27.6,0.00,0.00,16.1,31,12,19,1.5,11.2
2019-04-28,0,34.3,41.2,27.0,0.00,0.00,18.3,28,9,17,3.3,10.6
2019-04-29,0,34.0,40.7,27.4,0.00,0.00,14.7,24,10,16,7.2,11.2
2019-04-30,1,34.2,40.9,25.8,0.00,0.00,21.0,27,9,15,4.9,13.0
2019-05-01,1,33.6,40.2,27.0,0.00,0.00,15.8,26,9,17,6.5,11.7
2019-05-02,2,33.0,40.0,25.1,0.00,0.00,26.5,32,9,20,4.1,11.6
2019-05-03,3,31.4,37.1,26.0,0.00,0.00,17.1,44,12,28,2.6,11.4
2019-05-04,2,31.3,38.0,25.1,0.00,0.00,14.7,55,9,23,6.2,9.1
2019-05-05,0,32.1,38.7,23.2,0.00,0.00,15.6,24,7,13,3.6,8.1
2019-05-06,0,33.2,40.3,25.9,0.00,0.00,25.3,19,7,12,8.3,15.9
2019-05-07,0,34.3,40.7,28.5,0.00,0.00,28.9,26,8,14,10.3,19.1
2019-05-08,1,34.4,40.0,29.0,0.00,0.00,29.3,33,11,18,11.9,20.4
2019-05-09,3,33.9,39.6,29.0,0.00,0.00,28.7,31,11,19,11.6,21.8
2019-05-10,3,32.7,38.2,27.6,0.00,0.00,21.1,30,14,22,7.9,16.4
2019-05-11,2,32.6,38.3,27.2,0.00,0.00,15.5,37,14,25,5.6,10.7
2019-05-12,3,32.2,38.2,26.2,0.00,0.00,15.3,35,16,25,2.7,9.0
2019-05-13,3,32.8,39.3,27.5,0.00,0.00,20.6,36,15,24,2.9,11.7
2019-05-14,3,31.6,37.8,24.1,0.00,0.00,17.3,58,17,29,2.7,9.4
2019-05-15,2,32.0,38.5,26.1,0.00,0.00,17.2,49,16,30,2.8,8.1
2019-05-16,2,32.1,37.4,26.4,0.00,0.00,18.6,41,18,26,5.2,11.2
2019-05-17,2,30.1,35.8,25.9,0.00,0.00,27.2,55,19,38,2.9,15.3
2019-05-18,2,28.7,34.8,22.5,0.00,0.00,22.0,79,24,46,7.6,14.2
2019-05-19,3,31.0,37.2,24.2,0.00,0.00,14.9,56,16,32,1.0,8.5
2019-05-20,51,31.8,38.3,25.6,0.30,0.30,13.3,36,19,28,3.7,6.8
2019-05-21,3,32.2,37.7,27.8,0.00,0.00,17.6,41,22,31,1.8,7.3
2019-05-22,3,33.2,39.2,27.4,0.00,0.00,17.7,48,20,32,4.1,9.3
2019-05-23,3,34.4,40.0,28.6,0.00,0.00,20.6,41,19,30,5.0,11.5
2019-05-24,1,32.7,39.0,26.8,0.00,0.00,20.9,56,22,38,5.2,11.7
2019-05-25,0,32.2,38.0,25.6,0.00,0.00,16.4,61,17,34,0.8,9.3
2019-05-26,1,33.3,40.6,25.9,0.00,0.00,15.9,46,14,27,3.0,9.9
2019-05-27,1,34.7,40.5,27.2,0.00,0.00,18.1,35,12,21,4.6,10.3
2019-05-28,1,35.3,41.5,28.9,0.00,0.00,16.8,26,9,16,3.3,9.0
2019-05-29,1,35.9,42.5,28.0,0.00,0.00,16.1,28,9,16,2.2,10.2
2019-05-30,3,36.6,42.9,30.1,0.00,0.00,24.6,28,10,19,8.3,15.5
2019-05-31,2,36.2,41.5,30.8,0.00,0.00,18.2,31,14,22,1.5,11.0
2019-06-01,3,37.0,42.9,31.0,0.00,0.00,21.6,30,11,21,8.8,13.6
2019-06-02,1,37.9,44.2,32.5,0.00,0.00,24.5,37,8,19,0.5,18.3
2019-06-03,2,37.6,44.7,29.8,0.00,0.00,23.6,39,8,17,7.0,14.7
2019-06-04,2,37.2,43.7,29.7,0.00,0.00,23.5,47,12,24,2.4,13.7
2019-06-05,1,37.0,42.3,31.7,0.00,0.00,27.3,34,16,24,6.2,15.9
2019-06-06,1,37.2,43.3,31.1,0.00,0.00,21.8,37,9,20,5.4,13.4
2019-06-07,2,35.6,42.2,28.5,0.00,0.00,17.1,53,12,24,2.9,9.6
2019-06-08,3,36.5,42.9,29.8,0.00,0.00,13.3,46,10,24,4.1,9.5
2019-06-09,2,37.6,44.5,30.4,0.00,0.00,12.7,27,9,17,1.3,7.9
2019-06-10,1,38.3,44.8,30.8,0.00,0.00,22.3,23,8,14,6.1,14.4
2019-06-11,2,37.5,43.2,32.3,0.00,0.00,21.3,28,14,21,1.5,11.9
2019-06-12,51,36.1,41.5,31.9,0.40,0.40,17.0,43,18,27,2.9,10.9
2019-06-13,53,31.2,34.7,28.1,1.10,1.10,18.8,70,29,50,2.3,11.5
2019-06-14,51,34.4,39.4,29.4,0.10,0.10,17.9,56,26,36,12.2,15.7
2019-06-15,51,33.8,37.8,31.0,0.10,0.10,23.2,52,29,40,7.9,16.7
2019-06-16,61,30.1,33.0,26.6,4.90,4.90,22.6,78,48,59,8.0,15.9
2019-06-17,61,31.4,35.7,28.9,3.40,3.40,27.1,62,34,51,4.1,15.8
2019-06-18,63,28.0,30.0,25.1,7.30,7.30,17.3,90,52,67,3.6,8.1
2019-06-19,51,27.2,31.9,23.5,0.10,0.10,13.0,93,49,71,5.4,9.0
2019-06-20,53,29.4,35.0,23.8,0.80,0.80,14.5,87,44,65,5.1,9.0
2019-06-21,51,31.3,36.3,27.6,0.50,0.50,17.2,76,34,57,1.8,10.2
2019-06-22,1,33.1,38.5,27.7,0.00,0.00,11.4,63,21,42,4.9,7.7
2019-06-23,1,32.9,38.4,27.2,0.00,0.00,16.2,70,30,48,5.1,9.9
2019-06-24,61,31.3,36.8,28.1,2.70,2.70,12.5,75,41,58,5.6,9.5
2019-06-25,63,31.2,37.5,27.0,5.60,5.60,14.5,86,37,62,0.4,5.7
2019-06-26,3,34.5,39.7,29.4,0.00,0.00,15.5,68,24,43,4.6,10.6
2019-06-27,3,35.1,40.9,30.0,0.00,0.00,21.3,56,21,36,5.2,15.8
2019-06-28,3,35.0,40.5,29.9,0.00,0.00,21.9,64,23,41,5.2,14.3
2019-06-29,53,34.0,38.7,30.5,2.00,2.00,20.2,64,29,44,6.6,14.9
2019-06-30,61,34.4,41.5,27.6,2.90,2.90,24.8,86,22,46,5.1,15.6
2019-07-01,51,33.5,40.2,28.2,0.30,0.30,18.1,74,30,49,3.3,12.3
2019-07-02,3,34.7,39.5,29.5,0.00,0.00,17.8,62,28,41,5.9,13.9
2019-07-03,53,32.2,35.0,28.5,1.40,1.40,17.1,73,46,58,1.8,8.3
2019-07-04,63,30.4,37.3,26.9,8.70,8.70,17.5,90,40,72,3.9,7.1
2019-07-05,65,28.2,30.9,25.2,26.40,26.40,12.8,96,65,81,2.8,8.0
2019-07-06,63,28.1,33.8,25.4,17.80,17.80,13.0,95,56,82,0.4,6.6
2019-07-07,63,28.9,33.1,25.5,16.30,16.30,16.6,98,61,81,4.3,10.1
2019-07-08,53,29.8,34.8,25.8,2.90,2.90,23.8,94,50,74,3.7,12.5
2019-07-09,55,29.9,34.5,26.8,1.80,1.80,19.1,84,49,69,7.9,14.1
2019-07-10,3,31.1,34.8,28.0,0.00,0.00,23.8,72,45,57,10.0,16.8
2019-07-11,3,31.3,35.0,28.4,0.00,0.00,25.5,66,41,54,12.0,20.1
2019-07-12,3,30.9,35.2,27.4,0.00,0.00,27.5,66,42,54,10.7,18.7
2019-07-13,3,31.1,35.4,26.5,0.00,0.00,26.9,69,39,54,10.2,18.4
2019-07-14,3,31.1,35.7,27.8,0.00,0.00,27.3,63,35,51,13.2,21.6
2019-07-15,3,31.3,36.5,28.3,0.00,0.00,26.8,62,36,52,4.9,18.1
2019-07-16,3,30.5,33.5,28.5,0.00,0.00,21.4,64,46,56,5.4,15.3
2019-07-17,51,30.8,35.0,27.5,0.80,0.80,20.2,71,42,57,3.5,10.9
2019-07-18,53,29.3,34.8,26.1,1.80,1.80,18.2,88,46,67,2.3,7.7
2019-07-19,53,28.9,32.9,24.8,6.00,6.00,11.3,93,55,74,2.2,6.5
2019-07-20,53,30.2,34.5,26.4,1.90,1.90,10.2,89,50,70,1.8,4.7
2019-07-21,63,30.4,35.0,27.1,7.00,7.00,14.2,88,49,71,5.1,8.5
2019-07-22,63,30.2,35.2,26.4,10.90,10.90,10.9,91,53,74,2.1,7.4
2019-07-23,53,31.3,35.2,27.6,1.50,1.50,15.9,87,53,68,3.3,6.7
2019-07-24,55,31.3,35.2,27.7,2.60,2.60,21.7,85,51,66,7.3,13.7
2019-07-25,63,25.7,27.5,24.5,31.60,31.60,16.1,99,86,93,5.6,9.6
2019-07-26,65,25.2,26.4,24.2,189.40,189.40,19.2,99,88,94,4.1,11.1
2019-07-27,63,25.7,28.6,24.0,14.70,14.70,14.8,99,75,91,2.5,7.3
2019-07-28,63,26.5,30.6,24.2,19.80,19.80,18.9,98,71,89,5.9,14.0
2019-07-29,53,27.4,31.1,24.6,4.60,4.60,18.2,97,71,87,10.8,14.6
2019-07-30,51,28.3,31.8,25.1,0.50,0.50,18.1,93,62,79,6.8,12.2
2019-07-31,51,27.9,31.5,25.0,0.70,0.70,11.5,96,64,83,3.1,7.7
2019-08-01,65,27.6,30.7,25.0,39.00,39.00,7.9,97,70,86,1.1,4.2
2019-08-02,63,27.2,31.5,24.6,14.80,14.80,16.4,99,69,88,2.9,8.2
2019-08-03,65,27.2,29.9,25.2,21.10,21.10,7.8,99,74,89,2.7,4.6
2019-08-04,55,27.9,31.8,25.0,2.80,2.80,9.8,97,66,86,1.6,4.4
2019-08-05,63,28.3,31.7,25.5,9.40,9.40,12.0,95,70,86,1.1,6.4
2019-08-06,63,26.6,29.9,24.8,20.90,20.90,15.0,97,79,91,4.1,9.3
2019-08-07,63,26.9,30.7,24.5,10.00,10.00,14.8,97,70,88,1.6,8.0
2019-08-08,53,27.9,31.5,24.6,1.60,1.60,15.7,98,66,82,3.7,11.4
2019-08-09,53,27.2,30.0,25.4,3.50,3.50,33.4,90,69,81,16.6,24.2
2019-08-10,53,27.0,30.6,24.5,3.30,3.30,24.6,97,63,83,13.0,19.0
2019-08-11,51,26.9,29.4,24.6,0.20,0.20,14.6,92,67,81,4.3,11.4
2019-08-12,53,27.7,30.6,24.5,1.50,1.50,17.9,95,69,82,6.2,11.9
2019-08-13,63,27.5,30.9,25.0,14.60,14.60,21.2,96,68,82,1.9,13.7
2019-08-14,63,26.9,29.8,24.9,10.70,10.70,16.0,98,74,88,2.5,8.8
2019-08-15,65,26.1,28.9,24.2,58.90,58.90,19.9,97,79,90,2.1,14.3
2019-08-16,63,25.9,28.1,24.8,17.20,17.20,21.3,94,79,89,4.6,13.9
2019-08-17,61,24.8,26.9,23.7,14.90,14.90,25.0,98,83,94,5.4,16.0
2019-08-18,61,26.5,29.9,23.8,5.70,5.70,24.9,96,75,88,2.3,14.8
2019-08-19,51,26.9,30.2,24.0,1.80,1.80,15.8,94,74,85,4.3,10.0
2019-08-20,51,28.0,31.6,25.1,0.40,0.40,21.8,95,61,79,7.7,14.6
2019-08-21,51,28.2,32.0,24.9,0.30,0.30,22.3,89,64,78,8.7,16.4
2019-08-22,51,27.9,32.2,24.5,0.50,0.50,19.0,90,60,76,3.0,12.1
2019-08-23,51,28.1,31.7,24.5,0.50,0.50,19.1,91,60,74,6.4,14.1
2019-08-24,51,28.4,32.8,25.1,0.20,0.20,21.9,88,55,73,4.0,13.7
2019-08-25,61,26.9,29.2,25.0,3.60,3.60,13.7,98,70,84,2.2,5.7
2019-08-26,63,26.4,29.5,24.2,6.10,6.10,14.1,98,73,89,4.6,7.8
2019-08-27,51,27.2,31.0,24.0,0.70,0.70,13.0,98,64,85,4.1,8.3
2019-08-28,61,27.7,30.8,25.5,5.40,5.40,16.3,94,71,84,6.7,11.5
2019-08-29,63,27.2,31.4,24.7,10.90,10.90,12.6,97,69,88,4.3,8.0
2019-08-30,63,27.2,30.3,24.4,15.00,15.00,10.0,99,72,89,2.3,4.5
2019-08-31,63,28.1,31.5,24.9,11.70,11.70,7.1,98,68,87,0.8,4.0
2019-09-01,63,27.5,31.6,25.0,15.40,15.40,12.4,99,69,89,1.5,7.1
2019-09-02,61,27.5,31.0,24.9,2.90,2.90,9.4,99,73,89,0.4,6.1
2019-09-03,63,28.0,31.6,25.1,10.20,10.20,11.5,99,70,88,1.3,5.1
2019-09-04,63,27.9,31.5,25.1,10.70,10.70,8.5,97,71,88,2.9,5.8
2019-09-05,53,27.7,31.2,25.1,1.90,1.90,12.6,100,73,87,2.7,6.5
2019-09-06,53,28.1,31.5,25.3,1.60,1.60,10.5,99,68,87,4.3,6.8
2019-09-07,65,26.7,29.9,24.7,33.30,33.30,11.8,99,77,91,1.9,4.8
2019-09-08,63,27.0,30.2,24.7,8.00,8.00,10.8,99,70,88,4.7,7.7
2019-09-09,51,28.6,33.0,24.4,0.10,0.10,11.1,99,56,80,3.6,7.3
2019-09-10,3,29.5,34.3,25.5,0.00,0.00,11.5,94,48,74,5.1,7.5
2019-09-11,55,28.9,32.8,26.2,2.70,2.70,13.0,95,67,82,3.8,7.6
2019-09-12,63,29.2,33.9,26.0,4.00,4.00,14.8,95,59,80,1.1,10.5
2019-09-13,61,28.0,31.6,24.4,4.50,4.50,11.2,98,69,86,1.0,6.1
2019-09-14,53,27.9,31.5,25.5,1.80,1.80,15.5,97,64,84,2.1,8.0
2019-09-15,63,26.6,30.0,25.0,13.50,13.50,8.7,97,74,90,1.5,4.8
2019-09-16,51,28.5,34.1,24.5,0.10,0.10,14.6,97,47,77,4.0,8.9
2019-09-17,3,28.8,33.5,24.9,0.00,0.00,16.3,93,51,75,3.7,9.6
2019-09-18,61,28.0,32.2,25.1,1.50,1.50,13.6,94,63,80,3.6,6.8
2019-09-19,51,26.6,30.0,23.9,0.20,0.20,13.7,96,62,81,5.0,10.2
2019-09-20,51,25.9,29.4,22.8,0.80,0.80,12.9,99,65,85,3.8,8.2
2019-09-21,63,25.9,29.5,23.4,8.00,8.00,13.5,98,73,87,4.7,7.1
2019-09-22,53,25.7,29.4,23.5,1.70,1.70,16.3,99,66,89,6.2,9.5
2019-09-23,53,25.4,29.4,22.5,1.20,1.20,13.6,99,63,84,7.6,10.0
2019-09-24,63,25.0,28.9,22.2,5.70,5.70,16.1,99,67,86,6.5,10.6
2019-09-25,53,25.2,28.6,22.9,2.90,2.90,15.8,99,76,89,10.9,12.6
2019-09-26,61,25.3,27.9,23.3,5.90,5.90,15.5,96,75,88,7.4,12.2
2019-09-27,53,25.7,29.2,23.0,1.10,1.10,11.9,97,65,84,2.9,6.9
2019-09-28,51,25.7,29.5,22.6,0.70,0.70,9.3,98,61,81,2.8,7.0
2019-09-29,63,25.0,28.3,22.1,9.00,9.00,10.0,98,70,85,0.5,5.5
2019-09-30,53,25.6,28.9,22.7,1.60,1.60,11.3,97,65,82,4.0,8.4
2019-10-01,51,25.5,29.3,22.5,0.40,0.40,11.1,96,63,82,3.4,6.1
2019-10-02,53,25.7,31.5,22.7,1.20,1.20,15.3,96,51,79,0.5,7.4
2019-10-03,53,26.0,30.9,22.2,0.60,0.60,11.6,92,59,75,1.3,5.0
2019-10-04,53,25.5,31.2,22.0,0.50,0.50,16.7,91,46,72,0.8,7.6
2019-10-05,0,25.2,29.9,21.0,0.00,0.00,8.6,94,50,72,4.1,6.3
2019-10-06,2,25.6,30.2,21.1,0.00,0.00,8.2,89,46,68,1.6,5.5
2019-10-07,53,25.2,30.0,21.9,0.80,0.80,13.2,83,50,67,1.6,7.1
2019-10-08,1,25.4,30.4,21.3,0.00,0.00,9.2,83,42,63,2.6,7.1
2019-10-09,1,25.2,31.0,19.6,0.00,0.00,10.5,85,31,55,3.7,6.9
2019-10-10,1,25.6,31.6,19.6,0.00,0.00,11.6,79,27,48,4.9,8.4
2019-10-11,1,25.4,31.2,20.3,0.00,0.00,11.7,59,30,46,4.7,7.9
2019-10-12,2,26.3,31.7,20.5,0.00,0.00,11.2,63,28,47,0.7,5.5
2019-10-13,3,27.0,33.2,21.8,0.00,0.00,11.5,66,26,48,1.0,5.4
2019-10-14,3,27.1,33.7,20.9,0.00,0.00,14.1,71,23,48,2.2,6.6
2019-10-15,1,26.5,32.4,22.0,0.00,0.00,12.7,67,28,50,2.7,6.3
2019-10-16,2,26.1,32.3,20.1,0.00,0.00,13.2,79,30,54,3.8,7.3
2019-10-17,2,25.6,31.2,20.6,0.00,0.00,12.0,82,35,58,3.6,7.5
2019-10-18,51,25.3,31.6,20.4,0.30,0.30,11.7,86,37,61,4.3,8.0
2019-10-19,55,25.2,29.8,20.6,1.10,1.10,9.5,81,45,62,1.0,5.7
2019-10-20,3,25.5,31.9,21.0,0.00,0.00,9.7,84,17,52,4.3,7.2
2019-10-21,3,24.9,31.6,19.0,0.00,0.00,9.2,70,20,42,0.7,5.9
2019-10-22,3,24.3,31.2,19.0,0.00,0.00,10.2,63,22,43,1.8,6.8
2019-10-23,0,24.6,31.2,18.3,0.00,0.00,9.1,55,23,41,0.4,5.9
2019-10-24,2,24.9,31.7,17.4,0.00,0.00,11.8,69,23,43,0.4,6.0
2019-10-25,1,24.7,31.0,19.5,0.00,0.00,11.4,72,23,50,6.6,8.4
2019-10-26,0,23.4,29.3,18.2,0.00,0.00,11.5,82,33,58,6.0,8.3
2019-10-27,1,23.8,30.1,17.5,0.00,0.00,8.7,85,28,55,0.4,5.3
2019-10-28,3,23.9,30.5,18.0,0.00,0.00,9.7,79,27,56,1.6,6.4
2019-10-29,3,25.0,30.5,19.4,0.00,0.00,8.0,79,34,54,0.8,4.3
2019-10-30,3,25.1,30.0,21.0,0.00,0.00,11.0,73,40,56,3.8,6.6
2019-10-31,3,25.9,32.0,20.3,0.00,0.00,9.0,82,36,56,4.2,6.8
2019-11-01,1,26.1,32.7,21.4,0.00,0.00,8.9,67,26,48,3.2,6.9
2019-11-02,51,25.4,32.3,21.1,0.10,0.10,25.3,77,28,58,3.6,11.2
2019-11-03,61,23.6,29.1,20.0,1.80,1.80,10.9,84,48,70,2.1,5.9
2019-11-04,1,24.4,29.9,20.0,0.00,0.00,11.9,88,29,58,5.4,8.4
2019-11-05,3,23.4,29.5,17.5,0.00,0.00,10.5,81,30,50,3.1,7.6
2019-11-06,3,24.0,30.2,18.4,0.00,0.00,13.9,64,25,46,4.0,8.4
2019-11-07,53,22.2,26.5,19.5,1.10,1.10,14.2,86,43,64,3.4,6.6
2019-11-08,53,22.3,27.5,18.2,0.80,0.80,13.4,92,54,70,3.8,8.5
2019-11-09,3,23.2,28.9,19.0,0.00,0.00,13.7,75,33,55,4.7,9.4
2019-11-10,3,22.8,28.4,17.9,0.00,0.00,13.2,74,37,55,5.7,9.1
2019-11-11,3,23.0,28.4,17.2,0.00,0.00,13.0,75,40,56,2.1,8.1
2019-11-12,51,23.3,29.2,18.2,0.10,0.10,11.5,73,39,59,1.5,8.1
2019-11-13,3,23.7,29.1,19.0,0.00,0.00,10.7,82,38,62,5.4,7.9
2019-11-14,63,22.6,27.9,19.0,3.80,3.80,14.3,91,47,70,2.7,9.0
2019-11-15,2,22.3,28.1,17.0,0.00,0.00,14.6,82,38,61,1.8,8.7
2019-11-16,3,22.8,28.6,18.0,0.00,0.00,14.7,81,33,58,4.1,10.1
2019-11-17,3,22.1,28.4,17.2,0.00,0.00,15.6,83,33,60,9.4,12.0
2019-11-18,3,20.7,26.5,16.0,0.00,0.00,14.2,93,28,60,6.4,10.8
2019-11-19,3,20.1,27.0,14.4,0.00,0.00,10.9,89,24,53,1.8,7.2
2019-11-20,2,20.4,26.8,14.9,0.00,0.00,10.6,74,39,58,6.7,8.6
2019-11-21,3,20.7,27.0,15.1,0.00,0.00,12.5,86,38,61,6.3,8.6
2019-11-22,3,20.8,27.0,14.8,0.00,0.00,8.9,89,43,65,4.8,6.9
2019-11-23,3,21.9,27.6,16.8,0.00,0.00,8.0,88,41,64,0.7,5.7
2019-11-24,3,21.9,27.0,16.9,0.00,0.00,11.3,77,46,62,1.4,5.9
2019-11-25,51,21.7,27.0,17.0,0.10,0.10,11.2,81,45,63,4.8,8.6
2019-11-26,53,21.7,26.8,17.4,0.70,0.70,15.7,84,40,60,4.7,10.1
2019-11-27,53,20.6,26.7,16.5,1.30,1.30,14.8,85,44,67,2.3,9.3
2019-11-28,53,19.8,25.2,16.7,3.90,3.90,12.4,98,52,79,2.5,6.0
2019-11-29,51,18.1,21.5,15.7,0.50,0.50,10.7,100,70,87,4.4,7.4
2019-11-30,51,17.9,23.0,14.0,0.10,0.10,11.4,95,52,75,1.8,7.3
2019-12-01,51,17.6,24.1,12.6,0.10,0.10,11.9,91,47,72,3.3,7.4
2019-12-02,0,17.1,24.1,11.9,0.00,0.00,12.7,87,23,54,5.7,8.7
2019-12-03,0,16.7,24.0,11.0,0.00,0.00,11.3,74,21,48,5.1,8.7
2019-12-04,2,16.2,24.0,10.2,0.00,0.00,10.5,74,23,50,5.6,7.0
2019-12-05,3,16.3,23.5,10.9,0.00,0.00,10.4,75,24,53,6.3,8.1
2019-12-06,3,16.0,22.6,10.4,0.00,0.00,9.8,85,27,60,4.2,6.7
2019-12-07,3,16.2,23.1,11.4,0.00,0.00,9.4,92,38,69,5.6,7.7
2019-12-08,0,16.0,22.8,10.9,0.00,0.00,9.0,92,31,63,6.0,7.1
2019-12-09,3,16.1,22.8,11.0,0.00,0.00,8.6,85,36,62,0.5,6.1
2019-12-10,2,16.4,23.4,10.3,0.00,0.00,9.4,90,35,65,4.2,6.9
2019-12-11,3,16.6,23.0,10.1,0.00,0.00,10.8,91,41,69,2.3,7.1
2019-12-12,63,16.2,21.5,13.3,8.70,8.70,16.1,95,56,80,6.0,11.6
2019-12-13,3,14.7,19.8,10.8,0.00,0.00,13.3,99,48,78,4.3,9.0
2019-12-14,2,12.9,18.2,8.2,0.00,0.00,9.0,96,47,75,5.1,6.9
2019-12-15,0,13.0,19.0,8.7,0.00,0.00,12.6,94,41,72,6.6,8.7
2019-12-16,0,12.2,18.4,8.1,0.00,0.00,13.1,92,34,70,6.0,9.6
2019-12-17,3,11.0,17.5,7.0,0.00,0.00,12.5,90,38,68,2.3,7.9
2019-12-18,1,11.3,19.0,5.9,0.00,0.00,8.3,96,41,75,1.3,5.4
2019-12-19,3,12.8,19.6,6.8,0.00,0.00,8.9,93,41,70,2.3,5.6
2019-12-20,3,14.2,21.1,9.1,0.00,0.00,8.9,89,38,68,3.9,6.3
2019-12-21,1,15.5,21.6,9.7,0.00,0.00,11.6,85,43,67,0.0,7.2
2019-12-22,0,14.3,21.1,9.7,0.00,0.00,12.8,88,25,59,5.9,9.4
2019-12-23,2,13.1,21.1,6.6,0.00,0.00,10.2,89,19,57,1.3,6.5
2019-12-24,3,13.7,19.5,9.3,0.00,0.00,15.6,88,45,69,6.9,10.1
2019-12-25,2,13.5,21.0,8.4,0.00,0.00,9.7,97,26,62,2.1,7.4
2019-12-26,0,11.3,20.0,4.3,0.00,0.00,12.0,92,18,54,2.4,7.8
2019-12-27,0,11.0,19.4,3.7,0.00,0.00,9.9,90,16,52,0.5,5.1
2019-12-28,0,10.8,19.4,4.1,0.00,0.00,9.8,95,26,66,1.1,5.9
2019-12-29,3,9.1,18.7,2.9,0.00,0.00,10.0,100,20,71,3.1,5.8
2019-12-30,3,8.4,17.0,3.4,0.00,0.00,14.5,100,32,77,5.9,8.7
2019-12-31,3,7.9,16.1,2.2,0.00,0.00,12.0,100,38,77,8.3,10.3
2020-01-01,2,11.4,18.0,6.4,0.00,0.00,17.7,94,46,72,10.4,13.8
2020-01-02,3,13.3,19.2,8.5,0.00,0.00,14.4,90,51,75,6.1,11.3
2020-01-03,3,15.0,21.1,10.2,0.00,0.00,10.8,93,37,71,5.7,7.7
2020-01-04,51,14.5,20.0,10.3,0.10,0.10,8.8,94,40,73,2.8,6.1
2020-01-05,0,14.2,21.0,8.6,0.00,0.00,8.0,90,38,67,4.3,6.6
2020-01-06,3,15.2,21.7,9.1,0.00,0.00,13.1,93,41,71,6.0,8.6
2020-01-07,3,16.2,21.6,11.6,0.00,0.00,11.4,94,48,72,4.1,8.3
2020-01-08,51,14.6,19.6,9.6,0.10,0.10,17.6,98,40,72,7.2,12.6
2020-01-09,0,11.2,17.4,6.7,0.00,0.00,13.6,92,29,63,6.6,10.5
2020-01-10,3,10.9,18.5,5.6,0.00,0.00,11.4,89,27,59,7.0,8.6
2020-01-11,3,12.1,19.6,5.7,0.00,0.00,9.6,80,28,57,3.5,7.0
2020-01-12,0,14.0,22.0,7.6,0.00,0.00,12.7,80,29,58,6.1,8.3
2020-01-13,61,16.2,23.0,11.4,3.20,3.20,23.0,81,51,67,6.5,12.6
2020-01-14,1,14.1,20.4,9.0,0.00,0.00,15.6,94,38,67,1.0,8.9
2020-01-15,3,13.7,20.2,8.2,0.00,0.00,16.9,93,48,73,7.2,11.5
2020-01-16,61,13.4,18.1,9.7,4.40,4.40,15.0,90,59,76,8.2,11.7
2020-01-17,2,13.3,19.6,7.8,0.00,0.00,9.5,96,38,71,3.4,7.4
2020-01-18,51,13.5,19.0,8.3,0.20,0.20,10.2,100,41,73,1.6,7.2
2020-01-19,2,13.0,19.5,8.3,0.00,0.00,11.3,93,26,63,2.5,8.2
2020-01-20,3,12.3,19.0,6.3,0.00,0.00,10.2,91,31,63,2.3,6.5
2020-01-21,3,14.1,20.8,8.9,0.00,0.00,13.3,93,45,73,5.5,8.8
2020-01-22,0,14.8,21.9,9.4,0.00,0.00,14.4,95,33,67,5.8,8.9
2020-01-23,3,14.2,20.9,9.1,0.00,0.00,15.3,76,21,47,9.6,12.6
2020-01-24,3,14.4,22.4,8.6,0.00,0.00,15.1,62,14,37,6.8,12.2
2020-01-25,0,15.2,22.5,8.2,0.00,0.00,10.4,66,21,41,1.3,6.5
2020-01-26,2,17.0,24.5,8.9,0.00,0.00,11.2,74,21,43,0.4,5.7
2020-01-27,53,16.9,23.1,11.2,0.70,0.70,15.6,85,41,65,6.1,9.2
2020-01-28,3,16.1,21.4,11.6,0.00,0.00,20.2,95,32,63,4.7,11.6
2020-01-29,3,15.0,20.6,10.6,0.00,0.00,12.2,81,22,49,6.1,9.2
2020-01-30,0,14.2,20.5,8.6,0.00,0.00,13.6,79,23,50,5.8,9.5
2020-01-31,0,14.0,20.7,7.8,0.00,0.00,17.4,88,29,55,4.8,8.6
2020-02-01,1,14.1,21.1,7.8,0.00,0.00,14.7,89,23,55,2.4,8.7
2020-02-02,0,14.3,21.2,8.1,0.00,0.00,12.4,82,20,49,2.1,7.1
2020-02-03,2,13.9,21.0,7.9,0.00,0.00,10.0,82,27,52,6.1,7.8
2020-02-04,51,14.9,21.6,8.8,0.10,0.10,12.4,83,36,59,3.9,8.8
2020-02-05,2,16.1,23.0,9.9,0.00,0.00,15.8,81,24,51,3.3,8.2
2020-02-06,0,14.6,21.3,8.8,0.00,0.00,11.3,78,13,42,2.6,7.5
2020-02-07,0,14.7,21.6,8.5,0.00,0.00,14.6,80,19,49,5.5,9.0
2020-02-08,0,14.6,22.2,8.2,0.00,0.00,10.7,85,15,46,3.0,7.0
2020-02-09,3,14.7,22.1,8.6,0.00,0.00,9.0,77,23,48,3.2,6.4
2020-02-10,3,14.8,22.1,8.6,0.00,0.00,10.1,81,25,53,1.8,6.8
2020-02-11,1,15.6,23.4,8.8,0.00,0.00,9.4,79,24,51,5.7,7.2
2020-02-12,3,17.7,27.0,9.9,0.00,0.00,9.9,80,21,47,0.8,6.4
2020-02-13,1,20.5,28.5,13.4,0.00,0.00,16.4,68,22,41,7.6,11.9
2020-02-14,3,20.0,26.6,14.7,0.00,0.00,21.0,65,18,36,9.5,14.3
2020-02-15,3,19.0,27.8,11.9,0.00,0.00,13.6,47,11,26,7.5,11.2
2020-02-16,0,20.6,29.3,12.4,0.00,0.00,9.8,35,9,23,0.5,6.0
2020-02-17,3,21.3,30.0,13.5,0.00,0.00,14.0,50,9,25,5.5,10.0
2020-02-18,0,19.7,28.8,12.2,0.00,0.00,14.8,41,9,23,5.4,8.8
2020-02-19,3,20.9,28.8,13.1,0.00,0.00,14.4,57,16,32,4.1,9.8
2020-02-20,3,21.3,29.1,14.6,0.00,0.00,16.2,71,23,46,5.9,10.4
2020-02-21,3,18.7,24.9,13.6,0.00,0.00,17.1,92,18,56,7.3,11.8
2020-02-22,3,18.4,24.9,12.4,0.00,0.00,16.6,100,37,68,4.9,10.1
2020-02-23,51,19.2,24.8,14.2,0.10,0.10,11.8,86,39,65,5.2,8.6
2020-02-24,1,19.5,25.3,13.9,0.00,0.00,10.2,95,30,60,4.5,7.5
2020-02-25,1,20.0,26.6,13.4,0.00,0.00,13.2,87,22,49,2.6,8.3
2020-02-26,3,21.1,28.5,14.2,0.00,0.00,13.6,75,23,46,4.5,8.3
2020-02-27,3,22.1,29.6,15.9,0.00,0.00,13.1,74,25,49,6.2,9.0
2020-02-28,3,22.1,28.6,17.6,0.00,0.00,14.4,79,33,58,8.0,11.1
2020-02-29,53,20.1,25.8,16.2,2.20,2.20,20.1,89,40,71,9.1,13.6
2020-03-01,53,20.8,27.6,14.9,1.20,1.20,18.2,99,34,65,1.0,12.5
2020-03-02,3,22.0,28.5,16.5,0.00,0.00,12.4,86,26,59,1.8,7.5
2020-03-03,3,22.2,27.9,16.6,0.00,0.00,10.2,87,29,56,2.8,7.2
2020-03-04,63,20.6,28.0,16.7,3.40,3.40,16.1,83,31,66,3.2,9.4
2020-03-05,51,19.8,26.4,15.2,0.50,0.50,20.3,95,34,69,4.0,13.2
2020-03-06,61,16.8,22.0,12.2,6.60,6.60,22.2,95,49,72,1.5,11.0
2020-03-07,3,16.6,23.5,10.6,0.00,0.00,20.8,92,32,63,4.7,10.6
2020-03-08,0,18.4,25.5,12.1,0.00,0.00,11.8,86,23,54,0.8,7.5
2020-03-09,3,19.7,26.4,12.6,0.00,0.00,12.6,80,23,45,6.6,10.2
2020-03-10,61,18.2,24.0,13.6,3.00,3.00,15.3,78,32,53,8.4,11.8
2020-03-11,53,19.9,26.4,14.4,0.90,0.90,25.4,93,27,59,8.5,16.2
2020-03-12,1,19.8,26.1,12.9,0.00,0.00,22.4,62,21,35,2.6,12.7
2020-03-13,0,18.7,25.0,11.9,0.00,0.00,16.2,43,15,30,7.3,11.4
2020-03-14,0,18.2,23.8,12.6,0.00,0.00,20.9,63,24,41,7.6,13.6
2020-03-15,3,18.2,24.5,12.0,0.00,0.00,11.2,71,26,46,3.7,6.6
2020-03-16,3,19.3,26.0,13.5,0.00,0.00,11.9,70,26,47,0.8,6.8
2020-03-17,0,21.4,28.7,14.4,0.00,0.00,11.9,72,25,47,1.1,6.2
2020-03-18,2,22.8,29.9,15.5,0.00,0.00,10.4,65,22,42,4.6,7.2
2020-03-19,3,24.3,31.2,17.3,0.00,0.00,18.2,65,14,36,6.8,10.9
2020-03-20,3,24.4,31.5,18.1,0.00,0.00,19.1,62,19,41,6.3,12.2
2020-03-21,53,23.8,29.9,17.7,1.00,1.00,12.1,73,28,46,3.4,7.0
2020-03-22,3,25.3,31.3,18.8,0.00,0.00,17.6,59,19,38,0.8,8.5
2020-03-23,3,25.2,30.6,20.6,0.00,0.00,15.1,54,29,43,2.2,9.6
2020-03-24,53,25.3,33.2,19.5,0.50,0.50,21.1,65,22,46,1.8,8.8
2020-03-25,53,26.2,32.2,19.8,0.90,0.90,10.0,70,24,43,1.6,6.1
2020-03-26,51,23.0,26.8,21.0,1.80,1.80,16.5,70,44,57,2.6,9.7
2020-03-27,61,20.7,24.5,18.5,5.90,5.90,18.4,93,53,76,5.9,11.6
2020-03-28,1,22.2,28.5,16.2,0.00,0.00,10.7,92,26,57,3.6,7.2
2020-03-29,1,23.5,30.1,17.4,0.00,0.00,13.0,65,21,40,6.6,10.1
2020-03-30,2,24.6,31.5,17.8,0.00,0.00,14.6,57,21,36,3.1,9.8
2020-03-31,51,25.2,32.1,18.8,0.10,0.10,14.0,51,24,37,5.9,10.2
2020-04-01,1,25.7,33.0,19.0,0.00,0.00,19.1,63,12,37,4.3,11.6
2020-04-02,0,25.5,32.2,18.5,0.00,0.00,18.7,63,14,33,9.7,13.8
2020-04-03,0,25.5,32.8,19.0,0.00,0.00,15.6,47,6,23,6.6,11.6
2020-04-04,1,25.9,33.8,18.0,0.00,0.00,12.9,44,13,26,0.0,7.8
2020-04-05,1,26.7,33.4,20.1,0.00,0.00,16.6,47,19,32,6.6,10.0
2020-04-06,1,28.0,35.5,20.6,0.00,0.00,20.8,49,10,29,1.3,10.1
2020-04-07,3,28.5,35.2,21.4,0.00,0.00,20.5,46,13,27,6.0,12.1
2020-04-08,3,27.5,34.8,20.6,0.00,0.00,15.6,54,13,30,3.4,11.5
2020-04-09,2,27.6,34.3,20.5,0.00,0.00,15.3,44,12,25,0.5,9.8
2020-04-10,3,29.0,36.5,20.8,0.00,0.00,17.3,35,13,22,5.2,9.5
2020-04-11,3,30.6,37.8,22.9,0.00,0.00,23.9,36,11,23,6.6,13.9
2020-04-12,3,30.6,37.2,22.5,0.00,0.00,17.4,44,15,26,5.4,11.5
2020-04-13,3,32.1,38.5,23.9,0.00,0.00,16.3,41,14,23,0.7,8.6
2020-04-14,3,32.3,38.0,25.8,0.00,0.00,21.0,34,13,23,4.3,10.7
2020-04-15,3,32.7,38.7,27.1,0.00,0.00,24.6,27,11,19,7.2,15.4
2020-04-16,3,32.7,38.1,27.1,0.00,0.00,19.1,37,15,23,1.5,11.9
2020-04-17,3,31.5,36.1,27.6,0.00,0.00,26.2,29,14,22,4.7,12.6
2020-04-18,3,31.1,36.4,24.8,0.00,0.00,22.8,28,13,21,3.3,12.8
2020-04-19,3,29.8,35.6,24.5,0.00,0.00,22.9,48,16,29,7.9,13.5
2020-04-20,51,26.8,31.2,23.7,0.20,0.20,18.5,47,29,38,4.0,10.9
2020-04-21,2,27.9,33.3,21.5,0.00,0.00,18.6,63,22,38,1.0,10.6
2020-04-22,3,29.6,36.0,22.4,0.00,0.00,15.5,45,13,27,2.2,8.7
2020-04-23,51,28.8,33.3,24.5,0.10,0.10,22.1,46,22,35,2.6,12.7
2020-04-24,2,30.0,36.0,23.0,0.00,0.00,12.2,57,21,35,2.7,7.8
2020-04-25,51,28.8,34.1,24.7,0.40,0.40,21.9,51,26,38,1.1,9.1
2020-04-26,51,28.0,33.2,22.6,0.50,0.50,18.7,59,25,43,2.0,8.5
2020-04-27,53,27.7,34.5,21.5,1.00,1.00,18.5,82,25,50,3.6,9.5
2020-04-28,51,28.2,35.9,22.9,0.20,0.20,23.1,73,25,50,1.4,11.0
2020-04-29,2,29.3,37.0,22.2,0.00,0.00,16.8,73,23,46,2.8,7.1
2020-04-30,3,31.5,37.9,23.5,0.00,0.00,27.9,49,13,30,5.4,11.4
2020-05-01,2,33.0,40.5,24.9,0.00,0.00,22.5,44,10,23,5.1,14.1
2020-05-02,1,33.8,40.5,26.4,0.00,0.00,21.0,34,12,20,6.2,13.2
2020-05-03,53,29.4,36.4,24.9,0.90,0.90,24.9,71,30,50,2.5,10.9
2020-05-04,3,28.6,36.0,23.0,0.00,0.00,14.8,79,22,53,1.3,6.8
2020-05-05,2,30.1,36.1,23.0,0.00,0.00,18.0,81,14,40,1.9,9.8
2020-05-06,3,29.7,36.4,24.2,0.00,0.00,23.3,48,19,32,2.8,8.7
2020-05-07,3,30.2,38.0,22.7,0.00,0.00,12.8,57,15,35,5.4,8.7
2020-05-08,3,32.2,39.5,25.1,0.00,0.00,15.6,53,10,30,6.8,10.4
2020-05-09,2,32.6,41.0,25.0,0.00,0.00,22.0,42,10,25,1.8,9.4
2020-05-10,3,32.0,38.8,25.7,0.00,0.00,33.5,46,15,29,3.6,11.6
2020-05-11,51,30.7,36.8,24.0,0.10,0.10,21.1,67,24,40,2.9,9.9
2020-05-12,3,31.2,37.0,24.5,0.00,0.00,13.5,61,26,38,4.3,7.9
2020-05-13,53,31.0,35.8,26.0,0.70,0.70,19.9,56,28,39,3.4,9.5
2020-05-14,61,31.9,38.8,26.4,1.70,1.70,32.7,68,18,39,4.3,10.8
2020-05-15,51,31.6,38.3,25.4,0.40,0.40,27.1,58,21,36,2.9,8.7
2020-05-16,1,32.3,37.3,27.2,0.00,0.00,13.8,39,18,27,2.6,10.0
2020-05-17,3,32.8,38.9,26.7,0.00,0.00,16.9,33,10,23,3.6,9.2
2020-05-18,2,33.4,38.7,25.8,0.00,0.00,19.8,34,8,17,2.2,12.0
2020-05-19,1,33.5,40.0,26.0,0.00,0.00,18.5,21,9,14,3.6,12.6
2020-05-20,0,32.5,39.0,25.2,0.00,0.00,22.7,24,9,15,7.8,13.8
2020-05-21,0,33.9,41.2,25.7,0.00,0.00,19.8,28,8,16,7.1,11.9
2020-05-22,0,35.2,42.0,27.7,0.00,0.00,21.7,19,12,15,9.7,16.2
2020-05-23,2,36.2,41.8,31.0,0.00,0.00,24.0,33,15,22,5.9,17.5
2020-05-24,2,36.2,42.3,30.0,0.00,0.00,22.5,30,10,19,10.9,15.6
2020-05-25,3,36.9,42.5,30.4,0.00,0.00,23.3,31,11,19,8.6,17.4
2020-05-26,2,37.4,43.0,32.3,0.00,0.00,26.2,28,11,20,12.4,20.2
2020-05-27,1,37.1,42.6,32.5,0.00,0.00,26.3,39,8,24,7.2,17.9
2020-05-28,1,36.0,41.1,30.8,0.00,0.00,19.1,38,12,26,4.4,12.2
2020-05-29,3,33.1,39.8,27.0,0.00,0.00,30.6,70,14,41,9.2,17.3
2020-05-30,63,28.0,33.6,24.5,13.50,13.50,21.8,83,45,66,2.0,10.4
2020-05-31,2,28.3,34.1,23.8,0.00,0.00,13.5,89,35,62,1.6,8.0
2020-06-01,3,28.2,34.5,22.8,0.00,0.00,14.8,86,34,59,2.3,6.9
2020-06-02,61,29.4,34.8,23.9,1.30,1.30,17.7,73,30,49,3.1,8.4
2020-06-03,63,29.7,36.8,24.5,5.90,5.90,24.3,80,26,46,1.1,7.1
2020-06-04,3,29.2,32.8,26.3,0.00,0.00,14.1,62,37,49,1.3,5.1
2020-06-05,51,29.0,35.0,24.4,0.10,0.10,14.9,74,33,55,3.3,8.6
2020-06-06,1,30.1,34.9,24.5,0.00,0.00,15.4,74,31,50,4.3,8.7
2020-06-07,55,30.5,35.6,26.9,1.80,1.80,20.3,64,35,50,2.3,11.5
2020-06-08,51,30.9,36.0,26.1,0.40,0.40,16.4,69,30,51,4.1,9.6
2020-06-09,1,33.5,39.2,28.5,0.00,0.00,20.5,62,22,41,5.6,12.4
2020-06-10,3,34.5,39.8,29.8,0.00,0.00,20.8,48,27,37,4.3,12.4
2020-06-11,53,33.3,38.2,28.9,0.90,0.90,23.8,62,29,46,2.3,11.9
2020-06-12,3,34.5,38.8,29.9,0.00,0.00,14.5,54,25,40,5.3,9.3
2020-06-13,2,33.6,37.6,29.9,0.00,0.00,19.9,55,35,45,2.0,8.5
2020-06-14,53,33.1,36.7,30.0,0.80,0.80,14.3,64,38,51,2.0,7.4
2020-06-15,1,34.5,40.5,27.9,0.00,0.00,18.6,75,18,40,3.0,9.9
2020-06-16,3,35.2,43.0,28.8,0.00,0.00,24.8,50,11,34,4.9,14.2
2020-06-17,3,35.5,42.5,28.5,0.00,0.00,17.3,56,14,34,3.3,10.7
2020-06-18,2,36.0,41.5,29.8,0.00,0.00,23.1,47,16,32,0.5,14.8
2020-06-19,2,36.4,41.2,31.8,0.00,0.00,24.0,50,18,35,10.8,18.3
2020-06-20,2,34.8,39.4,28.3,0.00,0.00,23.0,66,26,41,5.8,15.6
2020-06-21,51,32.9,38.4,29.4,0.10,0.10,23.4,62,32,48,4.4,14.8
2020-06-22,53,31.1,36.0,26.8,1.20,1.20,16.6,81,41,59,1.3,9.2
2020-06-23,53,31.9,37.6,27.9,1.80,1.80,20.1,79,33,57,1.8,10.9
2020-06-24,61,30.9,35.2,27.5,3.40,3.40,10.8,81,46,64,0.8,5.3
2020-06-25,51,32.2,38.1,27.2,0.40,0.40,19.0,81,37,59,4.8,13.1
2020-06-26,53,32.0,37.5,28.6,1.20,1.20,22.3,74,41,60,2.7,14.6
2020-06-27,2,33.9,38.4,29.6,0.00,0.00,27.2,68,32,48,13.6,19.0
2020-06-28,1,34.6,38.8,30.1,0.00,0.00,25.2,56,30,43,10.5,18.1
2020-06-29,2,35.2,39.8,30.2,0.00,0.00,19.1,53,28,41,4.1,11.8
2020-06-30,2,34.6,40.7,29.2,0.00,0.00,13.1,60,27,44,1.5,7.6
2020-07-01,2,34.6,40.5,29.1,0.00,0.00,14.7,71,27,47,3.0,9.3
2020-07-02,2,35.0,40.5,29.9,0.00,0.00,22.1,64,27,45,1.9,11.7
2020-07-03,2,35.9,41.2,31.8,0.00,0.00,24.8,58,28,43,1.6,15.3
2020-07-04,51,34.2,39.5,29.0,0.40,0.40,20.9,68,30,48,2.9,11.5
2020-07-05,3,32.1,37.6,28.1,0.00,0.00,19.2,75,36,56,4.0,11.3
2020-07-06,53,31.0,36.2,27.1,0.90,0.90,14.0,82,39,63,2.4,6.8
2020-07-07,61,29.9,35.9,25.9,3.90,3.90,18.1,94,42,71,5.6,12.0
2020-07-08,63,28.8,32.2,26.0,8.60,8.60,12.4,96,62,80,3.3,8.0
2020-07-09,63,30.1,32.8,27.4,3.90,3.90,18.7,79,59,69,10.6,14.2
2020-07-10,3,31.6,35.7,28.5,0.00,0.00,24.9,69,44,57,6.4,16.7
2020-07-11,3,31.8,36.0,27.5,0.00,0.00,22.6,76,43,58,6.1,15.9
2020-07-12,61,29.2,32.9,27.4,3.10,3.10,18.4,84,57,74,2.0,12.7
2020-07-13,61,28.5,32.2,26.6,6.00,6.00,20.0,88,60,79,6.5,12.6
2020-07-14,51,31.2,36.1,26.4,0.50,0.50,13.5,90,41,64,2.6,8.1
2020-07-15,3,32.1,36.0,27.9,0.00,0.00,13.7,78,47,61,5.6,10.3
2020-07-16,51,30.7,35.2,27.4,0.60,0.60,17.5,84,49,70,9.0,11.8
2020-07-17,61,31.0,35.0,25.8,2.60,2.60,16.1,94,51,69,8.2,12.1
2020-07-18,53,32.4,36.7,28.1,1.10,1.10,12.4,76,45,60,4.1,7.5
2020-07-19,61,31.0,35.3,27.0,3.30,3.30,21.5,87,51,68,4.8,15.9
2020-07-20,53,30.7,35.7,27.9,1.60,1.60,22.8,78,45,64,1.6,14.3
2020-07-21,51,30.3,34.8,25.8,1.30,1.30,18.3,87,44,61,4.7,13.0
2020-07-22,63,27.5,30.4,24.6,19.40,19.40,24.1,93,62,78,9.5,15.3
2020-07-23,53,28.9,33.5,25.2,3.30,3.30,14.7,90,54,73,3.3,10.7
2020-07-24,55,28.0,32.3,24.1,4.20,4.20,14.6,97,57,78,3.1,8.3
2020-07-25,51,28.3,33.0,25.0,1.60,1.60,11.4,94,54,77,4.8,8.7
2020-07-26,55,29.2,34.0,25.0,1.40,1.40,16.4,94,51,75,0.4,4.5
2020-07-27,53,30.6,34.5,26.1,1.40,1.40,17.8,90,48,67,6.0,13.4
2020-07-28,51,31.5,35.6,27.2,0.40,0.40,21.9,79,44,60,8.2,15.2
2020-07-29,65,29.9,36.3,26.0,19.20,19.20,20.5,97,43,72,8.4,14.1
2020-07-30,61,27.8,32.2,25.2,7.50,7.50,13.7,98,62,86,2.8,7.6
2020-07-31,65,28.3,32.0,24.9,12.30,12.30,12.2,98,62,82,0.8,5.9
2020-08-01,63,28.4,32.5,25.5,10.90,10.90,11.2,95,63,82,1.5,6.8
2020-08-02,51,30.2,34.8,25.6,0.60,0.60,14.3,90,51,71,3.0,9.9
2020-08-03,53,29.9,35.1,26.0,1.30,1.30,20.2,90,52,73,4.1,13.8
2020-08-04,51,30.3,34.6,27.4,0.90,0.90,17.1,83,54,71,1.9,8.9
2020-08-05,61,29.3,34.1,26.8,5.00,5.00,15.9,88,58,78,4.6,11.2
2020-08-06,51,28.4,31.8,25.6,2.10,2.10,28.8,92,63,79,15.5,22.3
2020-08-07,61,28.2,31.9,24.9,5.40,5.40,22.9,96,63,81,7.2,16.7
2020-08-08,65,27.7,31.2,25.9,17.30,17.30,13.8,94,69,85,1.0,7.9
2020-08-09,63,27.7,33.1,24.1,17.10,17.10,16.7,94,59,80,1.1,10.3
2020-08-10,63,27.4,31.0,25.1,19.60,19.60,10.2,98,69,88,0.4,4.4
2020-08-11,63,27.0,30.6,25.0,17.60,17.60,17.1,98,71,89,6.5,12.1
2020-08-12,51,28.5,32.2,25.5,0.40,0.40,19.8,94,67,81,5.6,12.8
2020-08-13,53,27.6,29.5,25.9,4.30,4.30,17.8,95,75,85,3.1,9.9
2020-08-14,61,26.4,28.2,24.5,20.10,20.10,11.5,99,84,93,1.8,6.1
2020-08-15,63,27.4,30.9,24.9,5.80,5.80,12.9,98,71,88,2.9,6.9
2020-08-16,55,27.6,31.0,25.8,6.00,6.00,11.5,99,73,89,2.0,5.4
2020-08-17,61,28.1,31.3,25.5,7.10,7.10,7.9,98,70,88,1.3,4.5
2020-08-18,63,28.3,32.8,25.7,6.70,6.70,11.1,98,66,86,0.4,6.3
2020-08-19,63,26.4,28.5,24.8,17.30,17.30,17.0,99,83,92,2.4,9.8
2020-08-20,63,26.2,29.3,24.2,14.90,14.90,14.0,100,75,90,3.0,9.3
2020-08-21,51,27.2,30.5,24.6,2.10,2.10,16.5,98,69,85,10.0,12.2
2020-08-22,61,26.8,29.9,24.5,4.90,4.90,19.7,92,69,84,10.4,15.6
2020-08-23,51,26.9,30.4,24.9,1.60,1.60,26.3,94,66,85,13.3,18.4
2020-08-24,53,26.3,29.2,24.6,3.50,3.50,21.8,98,75,87,9.3,14.3
2020-08-25,61,26.1,29.9,23.8,7.00,7.00,16.9,96,72,87,6.8,11.9
2020-08-26,51,26.8,30.2,24.3,0.90,0.90,20.1,94,62,79,6.1,13.0
2020-08-27,51,27.2,30.5,24.3,0.60,0.60,17.8,94,66,82,1.8,8.4
2020-08-28,55,27.1,30.5,24.6,2.10,2.10,15.5,95,68,82,2.3,8.5
2020-08-29,61,27.4,31.1,24.9,7.80,7.80,14.3,94,64,82,1.8,8.0
2020-08-30,63,25.8,29.0,24.2,18.70,18.70,19.1,95,74,89,9.9,13.5
2020-08-31,51,26.0,29.6,23.1,2.70,2.70,21.3,98,64,85,10.8,16.9
2020-09-01,51,26.0,29.7,23.1,1.80,1.80,20.0,93,64,82,10.2,14.2
2020-09-02,53,26.6,30.0,23.5,2.10,2.10,16.6,97,71,86,0.7,9.3
2020-09-03,63,26.4,29.5,24.4,19.90,19.90,12.1,98,73,89,0.7,6.0
2020-09-04,61,26.1,29.8,23.8,6.60,6.60,12.9,98,73,89,4.5,7.2
2020-09-05,63,26.5,30.2,23.9,4.70,4.70,17.6,98,72,87,5.4,9.6
2020-09-06,51,27.1,30.8,24.0,1.10,1.10,9.4,97,63,81,5.1,7.7
2020-09-07,65,26.9,30.0,24.4,14.50,14.50,11.0,96,70,85,5.6,9.2
2020-09-08,65,26.7,30.8,24.6,20.70,20.70,16.6,96,70,87,4.1,9.2
2020-09-09,61,28.0,31.8,24.8,3.20,3.20,12.5,94,65,81,4.0,7.9
2020-09-10,3,28.5,32.5,25.2,0.00,0.00,12.7,88,55,74,5.6,9.6
2020-09-11,3,28.8,33.0,24.8,0.00,0.00,13.4,90,52,73,3.0,9.5
2020-09-12,3,29.3,34.1,24.9,0.00,0.00,12.2,89,44,69,2.4,7.1
2020-09-13,2,29.4,34.0,24.5,0.00,0.00,9.4,83,44,63,1.1,5.5
2020-09-14,3,29.4,34.5,25.0,0.00,0.00,9.8,79,42,64,1.5,6.1
2020-09-15,3,29.4,34.5,24.6,0.00,0.00,13.1,83,44,66,2.7,8.0
2020-09-16,3,29.7,34.6,25.0,0.00,0.00,9.6,83,45,64,2.5,6.3
2020-09-17,51,30.4,34.5,26.9,0.10,0.10,14.3,70,52,62,8.0,11.4
2020-09-18,2,30.0,34.2,26.6,0.00,0.00,17.1,81,51,66,5.9,12.8
2020-09-19,51,29.9,34.0,26.4,0.10,0.10,15.1,81,50,67,3.1,10.2
2020-09-20,51,29.9,34.8,26.5,0.20,0.20,12.4,80,40,62,5.7,9.7
2020-09-21,2,29.4,34.8,24.5,0.00,0.00,13.4,76,34,57,4.3,8.2
2020-09-22,51,29.3,33.6,26.0,0.10,0.10,15.9,79,45,66,4.8,8.8
2020-09-23,53,28.7,33.6,26.1,1.30,1.30,13.5,87,52,73,4.1,7.5
2020-09-24,51,29.3,34.8,25.1,0.10,0.10,13.8,88,33,68,0.5,5.5
2020-09-25,3,29.7,35.8,24.5,0.00,0.00,19.7,89,29,55,4.8,11.3
2020-09-26,51,27.9,32.6,25.0,0.80,0.80,19.5,76,42,62,3.3,12.1
2020-09-27,51,26.8,31.7,23.6,0.30,0.30,12.4,91,49,68,1.3,8.0
2020-09-28,1,28.1,34.2,23.4,0.00,0.00,13.9,83,27,56,0.5,8.0
2020-09-29,1,28.4,34.0,22.8,0.00,0.00,15.3,70,28,45,3.6,7.9
2020-09-30,0,28.3,34.4,22.5,0.00,0.00,13.5,67,24,42,4.3,8.6
2020-10-01,1,28.5,35.0,22.9,0.00,0.00,20.8,62,24,42,7.1,14.4
2020-10-02,3,28.0,34.8,23.5,0.00,0.00,17.3,54,18,38,6.4,13.2
2020-10-03,0,27.1,34.5,20.3,0.00,0.00,13.2,58,21,37,2.0,7.3
2020-10-04,0,27.8,34.5,21.7,0.00,0.00,14.1,55,19,36,2.3,8.2
2020-10-05,0,27.0,34.5,20.1,0.00,0.00,15.8,63,19,39,2.4,8.2
2020-10-06,0,28.0,34.7,21.0,0.00,0.00,13.5,62,21,34,0.5,7.9
2020-10-07,1,27.7,34.4,20.4,0.00,0.00,15.6,52,19,34,1.1,6.7
2020-10-08,3,27.8,34.1,21.5,0.00,0.00,10.3,55,19,35,1.0,6.9
2020-10-09,0,27.5,33.8,21.5,0.00,0.00,9.5,60,20,38,2.5,6.8
2020-10-10,3,27.2,34.4,21.3,0.00,0.00,8.9,60,19,39,4.2,7.2
2020-10-11,3,27.1,34.0,21.5,0.00,0.00,11.6,51,19,37,5.2,8.5
2020-10-12,2,28.1,33.8,21.8,0.00,0.00,9.2,54,18,34,2.5,4.8
2020-10-13,3,27.3,33.7,20.4,0.00,0.00,9.4,61,21,40,3.1,6.1
2020-10-14,3,27.5,33.5,21.6,0.00,0.00,11.9,61,29,45,2.4,7.9
2020-10-15,1,28.1,33.1,23.6,0.00,0.00,15.1,69,36,53,7.1,10.9
2020-10-16,1,28.0,33.3,23.4,0.00,0.00,14.9,55,27,39,5.8,10.2
2020-10-17,3,27.9,33.3,23.2,0.00,0.00,15.5,55,35,43,5.8,9.5
2020-10-18,3,28.3,33.5,23.3,0.00,0.00,12.5,55,29,42,2.9,7.9
2020-10-19,51,27.1,31.7,22.6,0.10,0.10,11.2,60,27,42,4.3,6.8
2020-10-20,0,26.2,32.8,20.8,0.00,0.00,10.3,53,20,32,6.1,7.8
2020-10-21,3,26.2,31.5,20.2,0.00,0.00,12.4,53,27,36,4.6,7.1
2020-10-22,3,26.7,31.4,22.1,0.00,0.00,12.4,60,27,42,3.9,7.6
2020-10-23,3,26.5,31.8,21.5,0.00,0.00,13.5,59,28,41,4.9,8.6
2020-10-24,0,25.6,32.2,20.1,0.00,0.00,12.6,52,21,34,0.7,7.8
2020-10-25,3,25.0,31.2,18.5,0.00,0.00,12.8,49,24,36,3.0,8.4
2020-10-26,0,25.2,31.2,20.2,0.00,0.00,16.5,46,19,32,1.9,11.2
2020-10-27,0,23.5,30.1,18.5,0.00,0.00,11.5,47,24,33,2.3,7.7
2020-10-28,0,22.6,29.0,16.0,0.00,0.00,9.4,50,23,36,4.4,6.8
2020-10-29,0,22.1,28.9,15.6,0.00,0.00,9.9,66,26,41,5.0,7.3
2020-10-30,0,22.2,29.2,16.5,0.00,0.00,10.5,56,19,36,3.1,7.9
2020-10-31,0,22.0,29.5,15.6,0.00,0.00,12.3,53,16,32,5.4,8.7
2020-11-01,0,21.6,28.2,15.6,0.00,0.00,12.8,41,12,24,7.4,9.8
2020-11-02,0,21.5,28.3,15.4,0.00,0.00,12.6,46,16,28,3.0,7.8
2020-11-03,0,21.2,28.7,15.2,0.00,0.00,17.3,42,15,29,7.9,11.0
2020-11-04,0,21.0,29.0,14.4,0.00,0.00,12.2,46,20,34,6.0,9.0
2020-11-05,0,21.4,28.9,14.8,0.00,0.00,11.2,57,21,38,5.1,7.8
2020-11-06,0,22.0,28.9,14.1,0.00,0.00,12.0,56,23,38,1.4,6.4
2020-11-07,0,22.6,29.0,16.4,0.00,0.00,9.7,53,23,37,0.8,4.6
2020-11-08,0,21.8,28.4,14.4,0.00,0.00,10.7,58,25,41,2.3,5.7
2020-11-09,0,21.1,28.5,13.8,0.00,0.00,10.9,72,22,44,2.7,6.9
2020-11-10,0,20.6,27.9,14.2,0.00,0.00,9.0,71,23,46,3.6,6.8
2020-11-11,0,19.8,25.9,14.9,0.00,0.00,12.6,79,31,54,6.1,8.7
2020-11-12,0,20.1,26.0,14.4,0.00,0.00,9.5,70,32,49,3.8,7.5
2020-11-13,0,20.7,26.6,14.5,0.00,0.00,9.5,70,33,50,4.0,6.7
2020-11-14,3,20.7,27.0,14.5,0.00,0.00,9.8,73,40,56,5.1,7.7
2020-11-15,61,20.4,24.8,17.8,4.60,4.60,15.9,97,57,72,1.5,9.9
2020-11-16,3,19.6,25.0,16.6,0.00,0.00,9.8,100,55,86,4.6,7.0
2020-11-17,3,19.4,25.1,16.4,0.00,0.00,10.8,100,46,78,0.0,6.9
2020-11-18,2,18.9,24.1,14.9,0.00,0.00,11.3,85,49,70,2.5,8.2
2020-11-19,51,18.8,23.5,15.2,0.20,0.20,12.8,86,47,66,2.6,8.3
2020-11-20,0,17.6,23.9,13.1,0.00,0.00,11.5,69,23,47,5.9,9.0
2020-11-21,0,16.8,23.1,11.5,0.00,0.00,12.3,71,24,45,5.8,9.2
2020-11-22,3,16.3,22.9,10.9,0.00,0.00,10.0,64,30,48,1.6,6.3
2020-11-23,0,17.1,22.9,13.6,0.00,0.00,11.4,66,32,50,3.8,7.9
2020-11-24,3,17.2,23.5,11.6,0.00,0.00,13.0,74,38,56,6.9,9.2
2020-11-25,3,18.5,24.4,13.5,0.00,0.00,16.9,69,41,55,9.4,14.0
2020-11-26,55,17.2,21.4,14.1,4.80,4.80,13.5,92,57,73,6.3,9.4
2020-11-27,0,17.3,24.1,12.8,0.00,0.00,16.2,86,26,56,6.9,11.3
2020-11-28,0,16.8,24.8,11.2,0.00,0.00,11.2,83,23,53,4.0,7.8
2020-11-29,0,17.6,24.3,11.6,0.00,0.00,10.2,74,34,55,1.8,6.7
2020-11-30,0,18.5,26.0,11.4,0.00,0.00,9.6,81,26,53,0.7,5.4
2020-12-01,0,18.5,26.8,11.7,0.00,0.00,9.8,77,27,51,0.7,5.9
2020-12-02,0,20.4,27.7,15.3,0.00,0.00,9.1,65,26,44,2.8,5.9
2020-12-03,0,20.4,28.0,14.3,0.00,0.00,10.5,54,20,37,0.7,5.9
2020-12-04,0,20.6,28.5,14.3,0.00,0.00,10.6,61,22,42,4.3,8.0
2020-12-05,0,20.7,28.4,14.6,0.00,0.00,11.7,67,27,49,5.2,8.0
2020-12-06,0,21.2,28.5,16.1,0.00,0.00,11.8,71,22,48,3.3,7.8
2020-12-07,0,19.7,27.1,13.1,0.00,0.00,10.1,85,29,56,0.4,6.0
2020-12-08,0,20.4,27.2,15.4,0.00,0.00,10.8,80,38,61,4.5,7.4
2020-12-09,0,21.0,27.8,14.9,0.00,0.00,11.2,87,35,62,4.0,8.0
2020-12-10,0,20.0,26.9,14.8,0.00,0.00,10.7,86,39,66,1.6,8.2
2020-12-11,51,18.1,22.2,14.9,0.70,0.70,12.7,98,57,76,2.9,8.9
2020-12-12,3,18.5,24.5,14.6,0.00,0.00,11.2,100,34,72,5.2,8.5
2020-12-13,2,16.5,22.0,12.8,0.00,0.00,15.0,77,42,60,1.6,10.6
2020-12-14,2,15.6,21.1,11.2,0.00,0.00,14.3,71,39,55,0.8,8.6
2020-12-15,1,14.3,19.8,10.1,0.00,0.00,11.2,75,48,62,7.2,10.0
2020-12-16,2,13.5,19.5,9.3,0.00,0.00,10.7,78,40,61,4.0,8.2
2020-12-17,0,11.7,18.4,7.2,0.00,0.00,13.4,79,18,50,5.9,10.2
2020-12-18,0,12.1,20.4,5.9,0.00,0.00,12.4,79,18,47,3.9,8.1
2020-12-19,0,13.5,22.3,6.9,0.00,0.00,10.1,58,16,38,2.3,6.5
2020-12-20,3,14.9,23.7,7.3,0.00,0.00,9.4,56,18,40,1.6,5.6
2020-12-21,3,16.1,24.2,9.2,0.00,0.00,9.2,59,17,41,1.1,5.9
2020-12-22,3,15.6,22.6,10.6,0.00,0.00,11.4,72,30,51,4.7,7.6
2020-12-23,0,15.4,22.2,10.6,0.00,0.00,10.6,71,29,53,2.2,7.0
2020-12-24,0,14.9,22.0,9.6,0.00,0.00,12.3,77,33,58,7.3,9.1
2020-12-25,0,14.8,21.6,9.6,0.00,0.00,11.2,77,34,57,3.1,8.3
2020-12-26,2,15.6,22.4,8.5,0.00,0.00,7.8,83,34,58,1.9,5.6
2020-12-27,1,15.3,22.7,9.1,0.00,0.00,20.1,88,16,54,5.9,11.0
2020-12-28,0,12.1,18.3,5.8,0.00,0.00,15.1,54,23,35,2.1,8.0
2020-12-29,0,12.3,18.9,5.6,0.00,0.00,10.1,67,20,41,3.4,6.7
2020-12-30,0,10.9,17.9,5.6,0.00,0.00,12.6,82,20,51,4.6,8.5
2020-12-31,2,10.8,18.2,5.5,0.00,0.00,10.8,84,24,55,2.2,6.9
2021-01-01,51,13.1,19.4,7.2,0.10,0.10,15.9,76,43,60,6.9,11.9
2021-01-02,53,16.2,20.6,12.1,0.90,0.90,16.6,94,64,77,10.3,13.9
2021-01-03,51,17.8,23.6,14.5,0.20,0.20,16.8,100,53,88,6.9,11.3
2021-01-04,63,16.9,19.2,13.9,17.20,17.20,19.4,96,77,89,9.4,13.3
2021-01-05,61,17.2,21.7,13.9,6.00,6.00,20.2,96,64,83,3.6,12.7
2021-01-06,51,16.3,21.1,12.1,0.10,0.10,16.1,98,50,80,2.2,9.4
2021-01-07,1,15.1,20.9,10.8,0.00,0.00,11.9,94,56,79,1.8,8.2
2021-01-08,51,14.3,18.9,10.8,0.70,0.70,14.5,97,72,86,7.6,10.5
2021-01-09,51,14.8,17.0,12.6,1.00,1.00,14.6,97,77,88,7.2,11.3
2021-01-10,51,13.5,19.3,8.9,0.10,0.10,12.7,93,59,73,2.5,9.4
2021-01-11,0,11.9,19.8,6.2,0.00,0.00,13.0,92,36,66,5.9,9.5
2021-01-12,0,12.9,21.0,7.6,0.00,0.00,13.3,79,24,49,5.8,9.9
2021-01-13,0,12.8,21.2,6.5,0.00,0.00,10.0,63,21,48,0.8,6.7
2021-01-14,2,14.4,20.6,8.6,0.00,0.00,10.2,77,30,47,0.7,5.3
2021-01-15,2,13.7,21.1,7.4,0.00,0.00,13.2,87,37,66,5.6,8.6
2021-01-16,0,14.1,23.0,7.2,0.00,0.00,10.1,94,31,68,1.1,6.2
2021-01-17,2,14.8,22.2,9.4,0.00,0.00,20.7,95,48,74,7.0,15.0
2021-01-18,2,15.9,22.1,11.3,0.00,0.00,18.4,91,56,73,6.8,12.6
2021-01-19,0,15.8,23.5,10.1,0.00,0.00,8.6,94,44,75,2.6,6.0
2021-01-20,0,15.8,24.1,8.9,0.00,0.00,9.8,94,24,62,5.2,7.9
2021-01-21,0,15.9,25.0,10.1,0.00,0.00,15.6,73,16,39,5.9,10.6
2021-01-22,0,16.3,24.0,9.7,0.00,0.00,14.7,74,30,47,6.4,10.9
2021-01-23,0,16.5,24.9,9.4,0.00,0.00,17.0,91,36,61,6.2,9.9
2021-01-24,0,14.1,21.3,8.6,0.00,0.00,16.8,85,16,49,8.3,12.5
2021-01-25,0,12.3,19.8,6.9,0.00,0.00,9.7,91,26,59,4.0,7.0
2021-01-26,0,11.9,19.6,6.1,0.00,0.00,9.4,91,27,63,4.0,6.4
2021-01-27,0,12.7,20.8,6.2,0.00,0.00,7.3,85,23,58,1.5,4.9
2021-01-28,0,13.3,21.0,6.6,0.00,0.00,7.5,78,23,53,1.3,5.0
2021-01-29,0,13.4,21.4,7.0,0.00,0.00,7.3,83,15,47,1.4,4.8
2021-01-30,2,13.8,22.1,6.1,0.00,0.00,11.0,69,12,36,3.0,7.3
2021-01-31,0,15.2,22.6,9.3,0.00,0.00,10.3,59,19,37,2.5,7.3
2021-02-01,0,17.3,24.7,11.1,0.00,0.00,11.2,61,21,41,1.1,7.8
2021-02-02,0,18.0,26.6,10.8,0.00,0.00,12.9,65,20,47,1.8,8.7
2021-02-03,1,19.2,27.1,12.4,0.00,0.00,15.0,72,18,45,4.9,8.9
2021-02-04,1,18.4,25.3,14.0,0.00,0.00,20.5,72,19,50,3.9,11.2
2021-02-05,1,15.9,22.5,10.2,0.00,0.00,13.2,94,20,55,4.5,9.3
2021-02-06,0,15.7,22.9,9.5,0.00,0.00,13.0,84,18,47,5.9,9.0
2021-02-07,0,16.5,24.4,9.4,0.00,0.00,10.1,71,21,44,1.1,6.6
2021-02-08,0,17.5,26.2,10.3,0.00,0.00,9.2,69,20,46,1.1,5.8
2021-02-09,3,18.8,27.5,11.8,0.00,0.00,10.5,65,20,45,5.4,7.9
2021-02-10,3,20.1,28.5,12.9,0.00,0.00,13.6,74,12,39,6.1,9.0
2021-02-11,3,19.3,27.5,12.1,0.00,0.00,8.8,78,14,41,3.0,5.8
2021-02-12,3,18.5,26.1,13.2,0.00,0.00,11.4,76,26,53,5.5,8.4
2021-02-13,3,18.7,26.5,12.0,0.00,0.00,11.1,84,25,56,6.9,8.4
2021-02-14,3,19.6,27.6,12.2,0.00,0.00,11.4,88,24,54,6.5,8.9
2021-02-15,3,19.7,27.6,12.9,0.00,0.00,14.4,87,23,56,5.8,8.5
2021-02-16,2,20.9,28.4,14.1,0.00,0.00,12.7,76,19,48,4.7,7.3
2021-02-17,3,20.2,27.8,13.5,0.00,0.00,9.2,81,12,47,0.5,5.9
2021-02-18,2,20.1,27.0,13.9,0.00,0.00,13.4,71,19,44,5.0,7.8
2021-02-19,0,19.9,27.4,13.7,0.00,0.00,12.0,90,14,46,3.3,7.8
2021-02-20,2,19.8,27.6,12.9,0.00,0.00,9.2,82,18,43,1.8,5.3
2021-02-21,0,21.9,29.0,14.9,0.00,0.00,10.0,61,12,33,0.7,4.7
2021-02-22,3,22.8,30.3,15.4,0.00,0.00,11.5,57,13,29,1.9,7.8
2021-02-23,0,23.1,31.4,16.1,0.00,0.00,11.5,40,13,25,7.1,8.6
2021-02-24,2,23.8,31.6,16.5,0.00,0.00,12.0,41,13,27,5.4,9.3
2021-02-25,0,24.4,31.6,18.6,0.00,0.00,17.1,46,18,31,7.9,11.9
2021-02-26,0,25.2,32.8,19.0,0.00,0.00,18.5,53,15,31,7.4,13.1
2021-02-27,0,25.7,32.7,20.3,0.00,0.00,20.6,54,19,34,6.5,13.2
2021-02-28,1,24.2,30.6,19.5,0.00,0.00,19.8,40,15,25,5.7,11.3
2021-03-01,0,22.4,30.2,16.1,0.00,0.00,13.5,68,13,30,2.9,9.7
2021-03-02,0,22.5,30.0,15.9,0.00,0.00,14.5,43,8,21,9.2,11.5
2021-03-03,0,23.1,31.5,14.9,0.00,0.00,12.9,38,11,21,3.8,8.9
2021-03-04,0,24.7,32.7,18.1,0.00,0.00,13.1,38,11,22,4.0,8.0
2021-03-05,0,24.6,32.7,17.9,0.00,0.00,20.6,40,8,21,7.4,14.2
2021-03-06,0,25.3,34.2,16.4,0.00,0.00,19.4,46,12,24,2.5,9.5
2021-03-07,0,26.8,34.5,18.8,0.00,0.00,19.1,41,14,25,6.6,12.0
2021-03-08,2,26.8,33.3,21.4,0.00,0.00,16.1,49,21,33,3.1,10.6
2021-03-09,1,26.2,33.5,19.0,0.00,0.00,15.2,75,12,38,5.7,10.0
2021-03-10,2,26.2,32.7,19.3,0.00,0.00,15.3,61,15,33,2.5,8.7
2021-03-11,2,26.0,32.9,19.5,0.00,0.00,16.0,69,16,35,7.9,11.5
2021-03-12,3,24.5,32.0,19.0,0.00,0.00,21.4,65,20,40,7.3,12.3
2021-03-13,3,24.1,31.8,16.9,0.00,0.00,10.3,85,20,50,2.9,5.9
2021-03-14,3,24.8,32.0,18.2,0.00,0.00,11.8,69,21,41,4.8,8.7
2021-03-15,3,25.5,32.0,19.2,0.00,0.00,12.5,65,19,38,1.5,8.3
2021-03-16,2,26.2,33.5,19.3,0.00,0.00,11.5,66,14,35,3.3,7.1
2021-03-17,3,26.4,34.1,19.4,0.00,0.00,17.1,52,13,29,5.6,10.6
2021-03-18,51,25.9,31.4,20.8,0.70,0.70,17.2,53,21,35,2.7,10.5
2021-03-19,55,24.8,30.2,20.2,1.70,1.70,20.0,59,22,43,5.6,9.6
2021-03-20,2,26.2,33.6,18.9,0.00,0.00,9.3,60,13,31,2.6,5.9
2021-03-21,1,26.8,34.7,19.3,0.00,0.00,15.4,54,13,29,6.5,9.5
2021-03-22,51,27.0,33.8,21.9,0.20,0.20,27.3,38,17,27,4.3,10.2
2021-03-23,51,25.7,33.5,19.4,0.30,0.30,25.0,62,18,37,1.6,11.4
2021-03-24,1,25.2,32.6,17.3,0.00,0.00,19.1,78,12,37,6.3,11.7
2021-03-25,0,24.8,32.2,17.3,0.00,0.00,17.5,57,10,27,4.1,10.3
2021-03-26,0,25.5,33.0,17.7,0.00,0.00,15.4,56,16,33,1.6,9.1
2021-03-27,2,27.9,36.4,19.7,0.00,0.00,16.4,52,14,30,5.5,8.8
2021-03-28,1,28.9,37.6,20.6,0.00,0.00,15.5,56,11,28,2.7,9.1
2021-03-29,0,31.7,39.1,25.2,0.00,0.00,24.1,21,7,14,10.3,17.8
2021-03-30,1,31.5,37.8,27.0,0.00,0.00,38.5,29,3,15,16.6,25.9
2021-03-31,0,28.8,36.4,20.8,0.00,0.00,18.6,37,5,16,5.1,12.2
2021-04-01,0,27.8,35.8,19.8,0.00,0.00,19.4,26,4,12,7.0,12.9
2021-04-02,0,27.2,34.9,18.3,0.00,0.00,13.9,24,5,12,2.9,7.6
2021-04-03,0,26.9,34.5,20.0,0.00,0.00,16.6,21,8,14,7.9,11.7
2021-04-04,0,28.4,36.6,20.6,0.00,0.00,15.0,22,8,14,5.1,10.3
2021-04-05,3,31.2,39.2,21.0,0.00,0.00,21.8,29,9,16,7.9,14.8
2021-04-06,3,32.6,39.0,26.0,0.00,0.00,26.0,23,7,15,13.1,18.6
2021-04-07,0,29.8,36.6,22.6,0.00,0.00,21.1,47,9,23,5.7,12.2
2021-04-08,0,28.7,35.3,22.6,0.00,0.00,16.8,32,11,18,2.6,12.8
2021-04-09,1,28.8,35.5,22.5,0.00,0.00,16.2,23,7,13,0.8,9.4
2021-04-10,1,29.2,36.2,21.7,0.00,0.00,15.5,23,6,13,0.8,9.7
2021-04-11,1,29.9,37.0,21.5,0.00,0.00,13.2,25,6,13,3.3,8.0
2021-04-12,1,30.4,38.2,21.6,0.00,0.00,13.7,23,6,12,4.0,8.8
2021-04-13,1,30.7,39.0,22.5,0.00,0.00,14.5,23,6,13,3.7,9.3
2021-04-14,3,30.8,36.0,23.2,0.00,0.00,15.9,25,11,16,0.0,7.0
2021-04-15,2,30.9,37.3,24.6,0.00,0.00,17.3,22,10,16,4.3,12.3
2021-04-16,3,29.9,36.8,24.8,0.00,0.00,24.5,48,15,25,4.3,11.7
2021-04-17,1,28.2,34.8,21.3,0.00,0.00,21.3,68,16,35,0.4,10.2
2021-04-18,1,29.6,35.8,23.4,0.00,0.00,13.3,36,12,22,6.2,9.4
2021-04-19,3,30.2,37.8,21.9,0.00,0.00,18.8,35,8,19,5.6,10.4
2021-04-20,3,29.2,36.6,23.2,0.00,0.00,27.7,31,14,21,5.5,10.6
2021-04-21,2,26.3,32.8,20.7,0.00,0.00,34.5,53,19,31,5.9,16.4
2021-04-22,0,26.8,34.0,18.8,0.00,0.00,11.6,68,14,34,1.3,7.4
2021-04-23,2,29.8,37.4,21.6,0.00,0.00,23.3,37,11,23,8.9,15.1
2021-04-24,0,27.6,34.4,21.4,0.00,0.00,22.5,50,9,26,9.0,14.7
2021-04-25,0,28.3,36.2,20.9,0.00,0.00,13.0,34,5,17,7.0,9.8
2021-04-26,0,30.2,37.8,21.0,0.00,0.00,11.5,24,8,13,0.8,6.9
2021-04-27,0,31.7,39.8,23.5,0.00,0.00,15.2,23,6,12,1.5,10.0
2021-04-28,3,32.7,40.4,23.5,0.00,0.00,15.0,20,6,11,5.6,10.1
2021-04-29,2,33.4,39.7,26.0,0.00,0.00,15.9,23,8,13,4.3,9.8
2021-04-30,3,32.2,37.3,26.6,0.00,0.00,20.1,34,15,22,3.3,10.7
2021-05-01,3,31.6,38.8,26.3,0.00,0.00,22.2,32,14,25,3.7,10.9
2021-05-02,3,30.6,35.3,26.3,0.00,0.00,14.6,36,20,28,2.2,7.3
2021-05-03,3,31.0,35.5,24.9,0.00,0.00,18.6,45,16,26,4.0,10.0
2021-05-04,3,31.5,37.7,26.3,0.00,0.00,18.0,29,13,21,6.3,12.4
2021-05-05,1,32.3,38.1,25.8,0.00,0.00,18.2,41,16,25,5.4,9.8
2021-05-06,1,31.9,38.8,26.0,0.00,0.00,28.6,56,14,29,4.4,12.5
2021-05-07,3,30.0,37.5,24.1,0.00,0.00,26.1,64,19,39,1.9,10.5
2021-05-08,3,31.3,37.8,25.5,0.00,0.00,21.9,47,17,33,1.8,9.3
2021-05-09,51,32.0,38.3,26.2,0.10,0.10,26.3,38,14,29,1.0,10.9
2021-05-10,3,31.8,39.5,26.2,0.00,0.00,26.8,48,14,30,6.3,10.8
2021-05-11,51,31.2,36.2,25.2,0.10,0.10,19.8,48,20,31,3.9,10.3
2021-05-12,53,30.1,33.3,26.4,0.90,0.90,26.1,42,28,35,3.1,10.7
2021-05-13,53,29.7,36.0,26.0,0.60,0.60,18.5,62,22,40,2.1,11.0
2021-05-14,3,29.9,37.4,23.5,0.00,0.00,32.4,66,19,41,1.1,10.5
2021-05-15,3,31.3,36.7,25.5,0.00,0.00,19.5,56,23,35,5.4,11.4
2021-05-16,3,32.6,37.6,26.8,0.00,0.00,15.8,47,21,32,2.6,11.7
2021-05-17,3,29.8,33.7,26.6,0.00,0.00,21.5,64,29,46,3.1,11.3
2021-05-18,63,22.5,26.0,20.9,22.70,22.70,21.9,90,55,79,8.2,16.1
2021-05-19,63,20.5,21.4,19.6,60.50,60.50,31.0,98,89,95,14.8,23.3
2021-05-20,3,24.8,30.9,18.9,0.00,0.00,18.9,96,46,70,1.8,13.5
2021-05-21,1,27.7,33.3,21.5,0.00,0.00,12.1,88,44,64,1.5,6.6
2021-05-22,53,28.3,33.5,23.4,0.50,0.50,17.9,89,41,62,3.3,8.1
2021-05-23,3,27.4,32.3,22.8,0.00,0.00,15.7,80,38,54,4.0,8.6
2021-05-24,0,28.5,34.9,21.7,0.00,0.00,21.2,69,25,46,4.7,12.0
2021-05-25,0,30.3,36.8,23.5,0.00,0.00,15.3,57,21,37,7.7,11.5
2021-05-26,1,31.3,37.7,25.3,0.00,0.00,20.0,48,24,38,8.7,14.4
2021-05-27,1,32.2,38.8,26.5,0.00,0.00,21.1,59,21,40,5.6,14.0
2021-05-28,1,33.2,39.8,25.1,0.00,0.00,17.9,66,21,38,5.8,12.8
2021-05-29,1,33.6,39.6,26.9,0.00,0.00,18.1,58,23,39,4.7,11.0
2021-05-30,1,33.4,39.2,27.9,0.00,0.00,17.3,49,24,38,2.5,11.0
2021-05-31,3,32.5,37.7,28.8,0.00,0.00,14.0,52,25,40,5.1,9.6
2021-06-01,63,31.2,37.3,26.9,6.40,6.40,15.0,71,32,47,4.0,10.8
2021-06-02,2,30.7,37.6,25.5,0.00,0.00,16.1,70,27,50,1.1,8.2
2021-06-03,51,30.2,35.3,25.5,0.10,0.10,21.8,71,33,52,1.8,5.6
2021-06-04,51,30.8,35.1,26.5,0.30,0.30,8.7,61,35,47,1.1,5.0
2021-06-05,2,30.8,36.9,26.3,0.00,0.00,18.3,63,28,47,4.1,10.4
2021-06-06,2,31.6,36.8,26.0,0.00,0.00,14.5,70,31,47,7.6,11.0
2021-06-07,1,33.4,38.3,28.0,0.00,0.00,25.7,62,25,40,11.8,17.8
2021-06-08,1,34.3,39.2,29.5,0.00,0.00,25.4,57,23,38,11.4,20.4
2021-06-09,1,34.4,39.9,29.7,0.00,0.00,24.3,55,24,39,10.2,17.9
2021-06-10,1,34.6,39.8,30.0,0.00,0.00,28.4,51,21,37,11.9,18.6
2021-06-11,3,34.5,39.5,30.3,0.00,0.00,24.9,51,24,37,8.7,16.7
2021-06-12,1,34.6,39.5,30.5,0.00,0.00,24.0,49,23,37,4.4,15.0
2021-06-13,55,32.6,38.2,28.2,1.20,1.20,13.7,71,35,52,2.0,7.8
2021-06-14,1,32.2,38.0,27.5,0.00,0.00,23.7,74,32,52,1.3,10.6
2021-06-15,51,31.8,37.0,27.6,0.40,0.40,26.5,71,34,52,6.4,15.1
2021-06-16,51,29.9,34.2,24.6,1.00,1.00,20.2,88,45,62,1.8,9.1
2021-06-17,3,31.9,37.4,26.5,0.00,0.00,17.4,76,23,49,0.8,8.0
2021-06-18,3,32.2,37.2,27.0,0.00,0.00,22.1,74,25,49,4.2,11.3
2021-06-19,3,31.4,37.3,27.1,0.00,0.00,17.6,73,25,50,2.2,9.6
2021-06-20,51,30.7,34.8,27.3,0.30,0.30,16.6,74,41,57,7.0,12.7
2021-06-21,3,31.7,36.7,27.3,0.00,0.00,20.9,72,31,51,9.4,15.3
2021-06-22,2,33.0,37.2,28.5,0.00,0.00,20.4,67,27,47,8.7,15.0
2021-06-23,2,33.8,38.2,29.4,0.00,0.00,20.2,60,25,42,4.9,13.6
2021-06-24,3,33.4,38.7,29.8,0.00,0.00,20.0,57,27,42,2.5,12.4
2021-06-25,51,32.4,37.9,28.4,0.20,0.20,20.5,63,32,48,2.1,11.6
2021-06-26,51,31.5,37.0,26.4,0.50,0.50,13.0,75,32,50,4.1,7.9
2021-06-27,2,33.3,38.1,28.5,0.00,0.00,20.3,60,30,42,2.9,10.6
2021-06-28,2,34.1,39.3,28.3,0.00,0.00,11.2,56,25,38,1.1,6.9
2021-06-29,1,34.9,40.4,28.5,0.00,0.00,22.5,49,22,35,4.3,14.0
2021-06-30,51,35.1,39.2,31.1,0.10,0.10,28.5,49,28,39,18.1,22.9
2021-07-01,2,34.1,38.3,30.0,0.00,0.00,26.6,56,29,42,7.2,18.8
2021-07-02,2,33.6,37.8,29.3,0.00,0.00,22.6,60,28,42,10.7,17.7
2021-07-03,51,32.7,37.2,28.6,0.10,0.10,21.7,60,31,46,3.3,13.2
2021-07-04,51,31.6,36.2,29.0,0.10,0.10,17.1,61,36,50,6.5,12.3
2021-07-05,61,31.3,36.7,27.5,2.90,2.90,14.3,70,36,55,3.1,9.4
2021-07-06,53,32.7,37.8,28.2,0.70,0.70,15.5,69,34,50,0.8,11.8
2021-07-07,3,34.4,38.7,29.8,0.00,0.00,20.6,50,31,39,9.7,15.8
2021-07-08,3,34.1,38.5,29.6,0.00,0.00,20.7,53,26,39,0.8,12.7
2021-07-09,3,33.5,38.5,28.5,0.00,0.00,11.2,56,32,44,0.4,6.7
2021-07-10,55,32.8,36.0,28.8,1.00,1.00,13.8,67,43,53,1.1,8.4
2021-07-11,61,32.2,36.0,29.2,3.10,3.10,21.2,75,48,60,9.2,14.0
2021-07-12,63,28.5,32.5,24.9,20.40,20.40,18.8,98,61,79,10.4,16.0
2021-07-13,63,29.5,34.2,27.0,3.60,3.60,15.3,85,55,75,8.8,13.3
2021-07-14,61,30.1,34.3,27.2,1.70,1.70,15.5,86,53,73,9.2,11.9
2021-07-15,51,31.3,35.6,26.7,0.80,0.80,18.4,89,47,66,10.8,14.7
2021-07-16,51,32.0,35.5,28.0,0.20,0.20,16.3,77,47,61,5.8,12.4
2021-07-17,61,32.6,38.1,27.9,2.00,2.00,18.3,86,40,59,2.9,8.1
2021-07-18,63,29.5,32.8,26.2,20.80,20.80,17.9,91,58,75,8.2,12.1
2021-07-19,63,26.7,27.8,26.0,25.70,25.70,14.2,94,85,91,6.1,9.9
2021-07-20,51,29.0,33.5,25.0,0.50,0.50,23.9,92,52,71,8.6,15.2
2021-07-21,51,29.0,32.2,26.2,1.90,1.90,17.7,83,57,72,7.8,12.3
2021-07-22,53,29.3,33.2,26.6,1.50,1.50,14.7,87,56,72,2.6,9.1
2021-07-23,61,27.9,31.1,25.6,5.80,5.80,7.6,95,72,85,0.7,4.5
2021-07-24,53,28.6,32.5,24.9,1.40,1.40,13.3,99,62,81,2.4,5.9
2021-07-25,51,30.6,35.0,26.5,0.30,0.30,13.9,95,52,72,2.5,8.5
2021-07-26,63,29.1,32.0,26.1,12.70,12.70,12.1,95,64,80,3.2,8.4
2021-07-27,63,26.9,29.2,25.5,13.80,13.80,25.8,96,72,84,9.7,16.9
2021-07-28,61,26.5,29.8,24.9,5.90,5.90,21.7,94,66,84,6.8,15.3
2021-07-29,63,26.8,29.8,24.6,8.60,8.60,18.5,93,70,83,4.5,12.8
2021-07-30,65,25.6,27.4,24.6,79.30,79.30,17.8,96,87,93,1.8,9.2
2021-07-31,63,25.0,25.8,24.4,47.40,47.40,20.6,96,91,94,9.6,15.5
2021-08-01,63,26.7,30.9,24.0,16.40,16.40,17.8,98,69,86,3.3,11.9
2021-08-02,65,25.7,29.6,24.1,41.60,41.60,25.3,94,70,87,12.3,18.2
2021-08-03,63,25.7,29.7,24.0,26.90,26.90,22.4,95,73,90,13.1,17.7
2021-08-04,65,26.6,30.4,24.6,24.10,24.10,17.0,95,71,87,2.0,11.2
2021-08-05,53,27.6,31.2,24.5,1.90,1.90,13.0,95,65,83,3.5,9.0
2021-08-06,53,28.0,32.2,25.5,2.90,2.90,12.2,97,63,84,2.8,8.0
2021-08-07,51,27.5,30.9,25.5,1.40,1.40,13.6,97,67,84,1.3,8.5
2021-08-08,55,28.2,31.8,24.9,1.40,1.40,15.1,99,63,81,1.8,7.9
2021-08-09,53,28.6,32.7,25.6,0.60,0.60,22.9,87,59,74,5.9,14.9
2021-08-10,3,28.8,32.8,25.9,0.00,0.00,23.0,78,56,69,9.4,16.7
2021-08-11,3,28.1,32.0,24.9,0.00,0.00,21.6,78,56,68,7.9,15.4
2021-08-12,3,28.0,32.2,24.1,0.00,0.00,18.8,76,55,68,5.5,12.8
2021-08-13,3,28.4,32.4,25.1,0.00,0.00,17.8,76,53,66,7.6,13.4
2021-08-14,2,28.1,32.2,24.9,0.00,0.00,21.5,79,53,67,6.6,13.7
2021-08-15,1,28.0,32.5,24.4,0.00,0.00,18.0,79,50,66,6.6,11.5
2021-08-16,1,28.9,33.5,24.5,0.00,0.00,13.0,75,47,61,2.9,8.2
2021-08-17,3,29.9,35.2,25.5,0.00,0.00,16.8,71,36,55,5.8,10.9
2021-08-18,3,30.4,35.0,26.1,0.00,0.00,12.8,66,37,53,4.1,8.3
2021-08-19,3,31.0,35.9,27.1,0.00,0.00,22.7,68,34,52,4.7,11.6
2021-08-20,3,29.8,34.0,26.2,0.00,0.00,14.1,89,42,66,1.8,8.8
2021-08-21,53,27.0,30.5,24.8,4.10,4.10,13.0,98,63,83,1.3,7.3
2021-08-22,63,26.8,30.9,24.1,10.40,10.40,12.2,97,69,86,3.1,8.4
2021-08-23,53,28.0,31.5,24.9,1.30,1.30,15.9,94,63,78,4.5,9.9
2021-08-24,3,30.1,34.7,26.8,0.00,0.00,25.6,81,44,61,5.4,16.3
2021-08-25,3,29.8,33.8,26.9,0.00,0.00,24.3,71,45,59,12.5,18.9
2021-08-26,3,28.3,32.2,25.0,0.00,0.00,21.3,76,49,63,6.8,15.5
2021-08-27,3,28.3,33.0,23.8,0.00,0.00,16.2,79,46,64,6.1,10.7
2021-08-28,51,28.8,33.0,24.1,0.50,0.50,10.0,82,46,63,1.0,5.7
2021-08-29,53,28.2,31.6,25.7,3.90,3.90,11.8,86,56,71,2.1,6.8
2021-08-30,61,27.1,31.0,24.7,6.60,6.60,18.5,95,66,82,1.1,9.0
2021-08-31,63,26.5,30.6,24.4,4.40,4.40,18.8,96,66,85,11.8,14.2
2021-09-01,61,26.2,30.4,23.9,6.40,6.40,15.9,98,67,88,6.2,12.0
2021-09-02,63,26.2,30.1,23.7,7.80,7.80,16.2,99,68,87,4.2,10.1
2021-09-03,63,25.8,29.5,23.5,11.70,11.70,11.5,100,71,89,1.4,5.2
2021-09-04,61,27.2,30.5,24.2,5.70,5.70,11.5,96,66,82,2.6,6.1
2021-09-05,55,27.5,31.2,24.7,2.20,2.20,9.2,94,64,83,0.4,4.5
2021-09-06,63,28.1,31.6,25.4,4.60,4.60,8.1,98,66,82,0.5,4.5
2021-09-07,53,28.1,32.0,25.4,1.30,1.30,17.3,97,65,82,5.7,11.4
2021-09-08,51,27.2,30.1,24.7,1.40,1.40,23.8,93,68,81,13.6,17.6
2021-09-09,61,26.8,30.2,24.0,2.70,2.70,17.7,95,64,83,7.6,13.2
2021-09-10,61,25.6,29.4,23.8,9.20,9.20,16.4,98,72,88,7.4,12.3
2021-09-11,61,25.1,28.5,23.6,9.20,9.20,17.7,98,77,91,10.2,14.3
2021-09-12,61,25.3,28.1,23.1,10.70,10.70,16.5,99,79,91,6.7,12.2
2021-09-13,61,26.4,30.2,23.7,5.80,5.80,16.2,98,69,87,9.2,12.3
2021-09-14,61,27.1,30.6,24.5,3.30,3.30,20.6,98,69,85,11.7,15.4
2021-09-15,51,27.2,30.8,24.4,0.10,0.10,32.8,87,59,75,13.0,21.2
2021-09-16,53,26.7,32.0,23.5,0.80,0.80,20.5,84,58,72,9.0,14.4
2021-09-17,51,25.5,28.9,22.5,0.70,0.70,25.6,89,64,80,9.0,16.2
2021-09-18,63,25.9,29.0,23.8,9.40,9.40,21.1,94,76,85,9.6,14.6
2021-09-19,51,26.1,29.5,23.8,1.70,1.70,16.6,98,67,85,4.7,10.9
2021-09-20,53,26.5,30.2,23.6,2.60,2.60,13.2,100,65,86,3.1,7.5
2021-09-21,61,25.9,29.4,23.8,5.70,5.70,14.8,100,73,90,1.5,7.1
2021-09-22,63,25.5,29.4,23.5,10.10,10.10,13.2,99,70,90,2.4,8.4
2021-09-23,63,25.7,29.1,23.4,11.10,11.10,12.9,98,72,87,3.9,9.2
2021-09-24,53,26.4,29.6,23.5,1.20,1.20,13.8,98,65,84,4.8,9.7
2021-09-25,51,26.4,30.0,23.2,1.10,1.10,10.5,98,70,85,2.3,6.1
2021-09-26,53,25.8,29.2,23.4,3.00,3.00,13.0,98,71,86,4.7,9.5
2021-09-27,51,26.3,29.5,23.5,0.30,0.30,18.1,99,69,84,9.4,12.8
2021-09-28,51,27.5,31.2,24.9,0.30,0.30,22.3,93,59,78,11.6,15.1
2021-09-29,51,27.1,30.7,24.2,1.00,1.00,21.3,95,63,82,13.8,17.2
2021-09-30,61,26.6,29.5,24.3,4.40,4.40,14.7,97,70,85,3.7,8.9
2021-10-01,51,27.0,31.4,23.8,1.40,1.40,9.1,96,63,83,3.1,5.5
2021-10-02,61,27.1,31.8,24.0,2.30,2.30,11.0,94,60,82,3.9,7.3
2021-10-03,53,27.7,31.9,24.2,2.10,2.10,13.3,93,55,73,7.2,9.7
2021-10-04,1,27.5,31.6,23.6,0.00,0.00,12.8,86,51,69,6.1,9.1
2021-10-05,1,27.5,31.7,23.5,0.00,0.00,10.0,82,50,69,1.9,5.8
2021-10-06,51,27.9,32.0,24.5,0.40,0.40,11.2,85,52,69,4.7,7.2
2021-10-07,1,27.6,33.2,23.5,0.00,0.00,7.2,89,36,63,2.6,5.0
2021-10-08,0,28.2,34.2,23.0,0.00,0.00,9.0,75,27,51,0.8,5.1
2021-10-09,0,28.2,34.6,21.5,0.00,0.00,10.5,74,27,49,3.1,7.5
2021-10-10,2,28.6,34.7,23.5,0.00,0.00,13.0,70,28,49,1.1,8.7
2021-10-11,1,28.2,34.2,22.8,0.00,0.00,11.7,70,27,49,4.4,8.5
2021-10-12,1,27.9,34.2,23.1,0.00,0.00,13.0,60,25,46,1.1,7.6
2021-10-13,0,27.4,33.8,22.8,0.00,0.00,14.8,61,22,37,5.0,11.3
2021-10-14,0,26.1,32.8,20.5,0.00,0.00,14.8,61,23,39,4.3,9.7
2021-10-15,0,25.4,32.5,18.8,0.00,0.00,11.2,61,19,38,4.3,6.9
2021-10-16,0,25.9,32.0,18.7,0.00,0.00,10.9,68,31,46,3.3,7.6
2021-10-17,65,25.7,30.6,22.5,18.70,18.70,17.0,96,54,72,4.9,9.9
2021-10-18,65,23.1,25.9,21.0,26.80,26.80,15.1,98,77,91,0.4,10.3
2021-10-19,0,23.7,29.4,19.2,0.00,0.00,14.2,97,43,74,1.5,9.0
2021-10-20,0,23.8,30.1,18.6,0.00,0.00,18.6,90,30,61,2.2,9.0
2021-10-21,0,23.8,30.0,18.5,0.00,0.00,20.6,52,30,43,9.7,15.7
2021-10-22,0,23.6,29.2,19.2,0.00,0.00,16.6,69,41,56,6.4,12.6
2021-10-23,2,22.9,27.7,18.5,0.00,0.00,16.0,77,47,64,6.5,10.5
2021-10-24,3,22.4,26.5,18.8,0.00,0.00,12.9,78,47,65,4.7,8.1
2021-10-25,1,23.0,28.3,18.5,0.00,0.00,11.8,82,37,60,1.1,6.7
2021-10-26,0,22.3,28.4,17.8,0.00,0.00,10.5,79,25,53,2.6,8.1
2021-10-27,1,21.9,28.8,16.9,0.00,0.00,10.5,72,26,51,1.0,5.5
2021-10-28,0,22.0,29.2,16.3,0.00,0.00,10.5,77,22,45,2.5,7.1
2021-10-29,0,21.7,28.0,16.0,0.00,0.00,9.8,60,26,44,1.8,7.1
2021-10-30,0,22.0,29.5,15.4,0.00,0.00,12.0,66,19,41,3.1,7.5
2021-10-31,0,22.5,29.9,15.6,0.00,0.00,12.1,63,21,40,2.9,7.6
2021-11-01,0,22.1,29.6,14.9,0.00,0.00,13.3,72,23,46,4.8,9.0
2021-11-02,0,21.2,27.9,14.8,0.00,0.00,14.3,66,32,49,6.6,9.5
2021-11-03,0,21.5,29.0,15.4,0.00,0.00,11.8,71,23,49,5.4,8.0
2021-11-04,0,21.1,27.8,14.9,0.00,0.00,11.5,74,19,41,4.5,8.4
2021-11-05,3,20.5,26.9,15.0,0.00,0.00,10.8,76,35,54,2.2,7.0
2021-11-06,3,21.6,29.1,14.6,0.00,0.00,10.5,71,23,48,1.5,5.9
2021-11-07,3,22.3,30.0,15.6,0.00,0.00,11.6,61,20,41,2.2,8.0
2021-11-08,3,21.8,29.9,15.9,0.00,0.00,10.6,62,19,43,1.1,6.8
2021-11-09,3,22.0,30.6,15.9,0.00,0.00,9.8,68,17,43,2.7,7.0
2021-11-10,3,22.6,29.8,16.1,0.00,0.00,8.4,62,18,40,1.1,4.8
2021-11-11,3,21.2,28.5,14.9,0.00,0.00,9.8,62,19,42,3.3,7.1
2021-11-12,3,21.4,28.0,14.9,0.00,0.00,8.4,67,23,45,2.1,5.6
2021-11-13,0,20.5,27.0,14.4,0.00,0.00,7.7,68,27,48,1.5,4.8
2021-11-14,0,19.7,24.9,13.6,0.00,0.00,9.8,67,34,50,2.6,6.1
2021-11-15,0,18.2,25.0,12.2,0.00,0.00,9.1,78,31,57,3.3,6.2
2021-11-16,2,17.8,24.5,12.1,0.00,0.00,9.9,68,28,50,4.8,7.4
2021-11-17,3,17.5,23.8,10.9,0.00,0.00,12.8,71,34,55,5.4,8.1
2021-11-18,3,17.6,22.6,13.2,0.00,0.00,14.4,82,41,66,5.4,9.2
2021-11-19,63,18.0,22.9,15.2,8.50,8.50,10.9,94,53,76,2.2,6.3
2021-11-20,61,17.3,21.2,15.2,7.60,7.60,11.1,96,67,87,0.5,6.3
2021-11-21,0,19.4,25.7,14.3,0.00,0.00,10.6,96,49,73,3.0,6.5
2021-11-22,0,19.3,27.0,14.8,0.00,0.00,12.0,61,16,40,5.2,8.6
2021-11-23,0,18.3,25.9,12.1,0.00,0.00,9.9,73,20,43,4.7,7.9
2021-11-24,0,19.4,25.5,13.8,0.00,0.00,10.8,73,33,51,0.4,6.6
2021-11-25,0,19.0,26.0,13.0,0.00,0.00,10.8,89,45,67,3.7,6.9
2021-11-26,0,19.4,26.5,13.6,0.00,0.00,12.5,95,42,74,4.3,7.7
2021-11-27,0,19.4,26.0,14.2,0.00,0.00,12.2,93,39,71,5.2,7.5
2021-11-28,1,19.0,26.0,13.6,0.00,0.00,10.9,92,37,70,5.5,8.1
2021-11-29,3,19.2,26.0,13.9,0.00,0.00,8.9,92,32,64,2.4,6.4
2021-11-30,3,18.6,25.0,12.7,0.00,0.00,10.7,75,25,48,4.1,7.1
2021-12-01,3,17.9,21.9,14.1,0.00,0.00,11.2,79,43,59,0.4,6.3
2021-12-02,53,16.4,18.6,14.7,1.60,1.60,10.5,89,55,73,1.6,5.6
2021-12-03,3,16.8,22.8,11.4,0.00,0.00,12.3,93,36,67,1.1,6.8
2021-12-04,0,17.5,23.6,11.9,0.00,0.00,9.1,89,43,68,1.8,6.0
2021-12-05,3,18.4,23.5,13.2,0.00,0.00,12.2,91,49,71,2.0,6.8
2021-12-06,61,19.0,24.6,15.3,2.50,2.50,9.8,97,36,67,2.2,5.7
2021-12-07,0,17.5,24.4,12.6,0.00,0.00,9.2,91,22,58,1.5,6.6
2021-12-08,0,16.1,22.7,11.1,0.00,0.00,9.0,80,34,58,1.9,5.9
2021-12-09,0,15.7,22.1,10.6,0.00,0.00,8.5,83,39,62,2.8,6.2
2021-12-10,0,15.9,22.9,10.3,0.00,0.00,11.2,81,27,52,2.3,6.5
2021-12-11,3,14.7,21.6,9.6,0.00,0.00,9.4,77,25,53,1.5,6.6
2021-12-12,3,14.3,20.4,8.5,0.00,0.00,11.3,92,36,64,3.3,7.5
2021-12-13,3,14.4,21.1,8.6,0.00,0.00,11.4,88,43,67,6.5,8.8
2021-12-14,3,15.9,22.2,12.2,0.00,0.00,11.4,92,48,72,6.2,9.1
2021-12-15,1,15.4,21.3,11.4,0.00,0.00,11.4,93,46,75,5.3,8.2
2021-12-16,3,15.2,21.4,11.4,0.00,0.00,18.4,96,45,72,4.0,9.8
2021-12-17,3,13.1,19.1,9.2,0.00,0.00,17.9,72,15,40,6.9,13.5
2021-12-18,0,11.4,19.2,5.2,0.00,0.00,11.3,89,19,49,6.7,8.8
2021-12-19,0,11.4,19.8,4.1,0.00,0.00,11.6,67,14,39,1.9,7.6
2021-12-20,0,12.5,20.3,5.4,0.00,0.00,10.5,60,15,39,1.5,6.8
2021-12-21,0,14.2,22.0,8.0,0.00,0.00,9.9,73,20,49,4.1,6.4
2021-12-22,2,14.9,22.5,8.4,0.00,0.00,10.1,84,31,60,0.7,6.5
2021-12-23,3,16.2,23.4,9.4,0.00,0.00,10.2,90,34,65,3.6,7.0
2021-12-24,3,16.2,23.7,10.8,0.00,0.00,14.5,87,35,65,4.8,7.4
2021-12-25,1,16.3,23.0,10.6,0.00,0.00,9.8,92,37,67,5.8,7.6
2021-12-26,63,16.2,22.4,10.7,7.80,7.80,13.6,96,43,73,5.6,8.7
2021-12-27,51,15.6,20.3,12.1,0.20,0.20,12.3,95,55,80,5.1,9.9
2021-12-28,55,13.5,15.4,11.0,5.10,5.10,11.6,92,77,85,3.3,8.4
2021-12-29,2,13.0,19.7,8.8,0.00,0.00,11.6,92,26,63,6.5,8.8
2021-12-30,3,12.0,18.4,7.3,0.00,0.00,11.8,75,32,57,5.5,8.0
2021-12-31,3,11.9,17.2,7.1,0.00,0.00,10.6,73,35,56,2.6,6.6
2022-01-01,3,12.2,18.9,6.1,0.00,0.00,9.8,86,36,65,2.6,5.5
2022-01-02,3,13.2,19.7,7.3,0.00,0.00,8.2,91,40,70,4.2,6.0
2022-01-03,3,14.2,21.3,8.2,0.00,0.00,9.0,91,41,72,1.6,5.7
2022-01-04,3,16.5,22.6,12.3,0.00,0.00,9.8,84,31,62,1.8,6.0
2022-01-05,63,13.7,14.9,12.2,36.70,36.70,18.8,95,76,89,5.4,10.4
2022-01-06,51,13.9,17.0,11.1,0.40,0.40,12.9,99,75,90,4.4,8.2
2022-01-07,63,14.9,19.2,11.9,7.00,7.00,18.9,100,64,87,2.7,12.0
2022-01-08,53,15.1,19.2,12.4,2.30,2.30,13.3,99,66,90,4.3,8.9
2022-01-09,3,12.7,18.0,8.9,0.00,0.00,14.1,96,45,76,8.2,11.3
2022-01-10,3,11.5,17.0,7.1,0.00,0.00,11.5,92,45,71,6.6,8.9
2022-01-11,2,11.3,16.5,6.8,0.00,0.00,11.3,91,46,71,5.3,7.5
2022-01-12,2,10.5,15.6,6.2,0.00,0.00,11.3,94,47,73,1.6,6.8
2022-01-13,0,10.3,16.0,5.4,0.00,0.00,9.0,90,50,74,2.8,5.5
2022-01-14,3,11.0,16.5,6.1,0.00,0.00,9.9,89,48,72,1.3,5.2
2022-01-15,1,10.4,16.1,6.2,0.00,0.00,8.6,96,55,80,1.3,6.1
2022-01-16,0,10.2,17.5,4.8,0.00,0.00,8.6,97,50,80,0.8,4.9
2022-01-17,3,10.0,16.9,4.9,0.00,0.00,10.5,100,52,84,1.9,5.7
2022-01-18,3,10.9,19.0,4.9,0.00,0.00,10.4,100,36,76,2.5,6.1
2022-01-19,3,12.6,19.5,7.1,0.00,0.00,10.1,94,49,79,1.1,6.6
2022-01-20,3,13.3,20.5,8.8,0.00,0.00,11.3,100,55,84,2.2,7.5
2022-01-21,3,13.1,19.4,7.8,0.00,0.00,17.7,100,52,84,6.0,9.3
2022-01-22,63,14.9,20.6,11.4,8.00,8.00,19.8,98,47,79,7.6,14.3
2022-01-23,3,12.0,16.6,8.4,0.00,0.00,19.1,95,41,73,6.3,11.2
2022-01-24,3,11.5,17.0,7.2,0.00,0.00,13.1,93,38,70,6.7,9.8
2022-01-25,3,11.3,17.6,6.4,0.00,0.00,14.3,94,36,67,6.2,9.3
2022-01-26,0,11.1,17.1,6.3,0.00,0.00,12.3,90,34,63,6.4,9.0
2022-01-27,0,11.2,17.9,5.7,0.00,0.00,9.0,86,36,62,5.5,7.3
2022-01-28,0,11.8,19.2,5.7,0.00,0.00,10.9,82,24,53,5.8,8.0
2022-01-29,0,14.3,21.8,7.6,0.00,0.00,9.4,72,27,49,1.8,6.9
2022-01-30,0,15.4,23.5,8.8,0.00,0.00,14.2,63,20,41,5.8,9.0
2022-01-31,0,16.6,24.2,9.6,0.00,0.00,12.5,65,31,47,2.9,8.6
2022-02-01,0,17.8,25.5,11.1,0.00,0.00,17.3,84,25,54,5.1,10.5
2022-02-02,0,15.9,23.4,8.5,0.00,0.00,11.8,91,32,63,2.7,8.9
2022-02-03,1,15.2,20.6,10.4,0.00,0.00,29.3,88,39,61,6.4,16.4
2022-02-04,0,14.0,21.4,8.6,0.00,0.00,17.7,85,21,53,7.2,12.0
2022-02-05,0,13.3,21.0,7.7,0.00,0.00,10.9,93,21,58,3.2,7.5
2022-02-06,0,14.4,22.5,7.2,0.00,0.00,12.0,89,28,60,6.0,8.8
2022-02-07,0,16.5,24.8,9.5,0.00,0.00,11.2,85,27,57,5.5,8.2
2022-02-08,1,18.4,25.5,12.0,0.00,0.00,14.5,79,27,52,4.7,7.9
2022-02-09,51,16.7,22.5,12.6,0.40,0.40,14.9,88,41,64,5.5,9.3
2022-02-10,0,15.6,22.7,9.6,0.00,0.00,13.4,94,19,54,4.3,8.7
2022-02-11,0,15.8,23.1,9.8,0.00,0.00,13.5,77,22,48,6.1,10.2
2022-02-12,0,16.0,23.9,8.8,0.00,0.00,9.5,77,19,43,0.5,7.4
2022-02-13,0,16.7,24.1,10.4,0.00,0.00,11.4,63,22,41,3.5,7.6
2022-02-14,0,17.3,25.2,10.4,0.00,0.00,12.4,67,20,42,6.0,9.1
2022-02-15,1,18.0,25.8,11.1,0.00,0.00,12.6,67,20,41,6.7,8.8
2022-02-16,2,19.0,27.0,11.8,0.00,0.00,15.7,66,15,38,6.3,9.0
2022-02-17,2,19.3,26.8,11.9,0.00,0.00,14.8,65,17,38,1.5,9.2
2022-02-18,3,19.7,26.1,11.6,0.00,0.00,18.9,62,18,34,2.3,9.1
2022-02-19,0,20.1,27.5,13.1,0.00,0.00,18.9,60,14,31,1.9,10.3
2022-02-20,0,19.6,26.8,12.9,0.00,0.00,27.1,57,15,31,8.7,15.7
2022-02-21,0,20.2,28.1,12.6,0.00,0.00,14.6,53,12,32,6.9,10.3
2022-02-22,2,21.2,29.8,12.9,0.00,0.00,22.3,65,27,45,4.8,12.3
2022-02-23,3,22.0,29.3,16.4,0.00,0.00,15.0,69,15,36,2.1,9.3
2022-02-24,3,20.6,28.1,14.9,0.00,0.00,15.6,85,19,50,4.6,9.4
2022-02-25,1,20.4,27.5,14.1,0.00,0.00,16.2,74,26,45,6.1,10.7
2022-02-26,3,20.4,28.0,14.9,0.00,0.00,16.8,74,22,50,9.4,12.7
2022-02-27,0,19.3,26.3,13.6,0.00,0.00,18.2,91,25,56,7.4,12.9
2022-02-28,0,18.6,26.6,11.5,0.00,0.00,12.6,70,9,38,1.1,8.1
2022-03-01,0,19.7,27.6,12.6,0.00,0.00,13.7,65,20,40,3.4,7.4
2022-03-02,3,21.0,28.5,13.6,0.00,0.00,16.8,75,21,43,7.1,10.4
2022-03-03,1,21.5,28.7,15.4,0.00,0.00,17.9,71,19,44,8.1,13.3
2022-03-04,0,20.6,27.7,14.8,0.00,0.00,16.3,90,20,49,9.2,12.8
2022-03-05,2,20.7,28.8,13.6,0.00,0.00,13.7,88,15,47,8.5,11.1
2022-03-06,3,21.3,28.9,13.2,0.00,0.00,11.6,68,19,41,4.3,8.2
2022-03-07,3,22.8,29.9,16.7,0.00,0.00,15.8,67,19,43,8.0,11.6
2022-03-08,3,22.9,30.0,15.8,0.00,0.00,14.2,70,24,45,6.9,10.4
2022-03-09,51,23.6,30.8,17.9,0.50,0.50,17.7,62,22,43,2.6,7.7
2022-03-10,51,23.2,30.3,16.6,0.10,0.10,9.5,70,24,43,2.8,5.8
2022-03-11,0,24.0,31.0,17.0,0.00,0.00,15.6,68,19,38,1.5,9.6
2022-03-12,0,24.3,32.4,17.0,0.00,0.00,14.1,59,17,36,2.0,8.5
2022-03-13,0,26.0,34.5,17.6,0.00,0.00,15.8,57,17,33,4.4,8.9
2022-03-14,0,27.7,36.5,18.8,0.00,0.00,18.5,55,14,32,1.1,9.8
2022-03-15,3,29.1,37.8,19.7,0.00,0.00,22.4,48,12,24,6.2,12.9
2022-03-16,2,29.2,38.2,21.0,0.00,0.00,22.5,60,12,29,5.4,12.3
2022-03-17,1,30.1,38.8,22.1,0.00,0.00,17.4,43,12,26,7.4,11.2
2022-03-18,2,29.0,36.9,20.9,0.00,0.00,13.6,79,22,44,3.4,8.0
2022-03-19,0,29.4,38.0,21.3,0.00,0.00,18.0,77,9,36,5.8,10.7
2022-03-20,0,30.1,37.0,23.5,0.00,0.00,22.1,24,8,15,9.7,14.3
2022-03-21,3,29.9,37.5,23.1,0.00,0.00,16.6,29,10,17,9.2,12.9
2022-03-22,0,29.7,37.2,23.4,0.00,0.00,20.4,50,12,24,6.5,12.4
2022-03-23,3,28.7,36.1,21.3,0.00,0.00,17.0,41,14,25,4.2,10.0
2022-03-24,1,29.4,36.2,22.9,0.00,0.00,18.7,31,10,20,9.7,13.1
2022-03-25,0,28.8,36.2,21.3,0.00,0.00,24.4,40,8,20,3.6,12.0
2022-03-26,0,29.1,36.8,21.4,0.00,0.00,24.6,33,6,16,7.9,12.9
2022-03-27,0,29.8,38.0,20.5,0.00,0.00,17.9,27,6,13,5.0,10.9
2022-03-28,0,30.2,38.7,21.6,0.00,0.00,14.0,19,7,13,6.7,9.9
2022-03-29,0,30.9,39.3,20.5,0.00,0.00,14.5,24,7,13,4.5,10.1
2022-03-30,0,31.4,39.2,23.9,0.00,0.00,13.5,22,8,15,7.2,11.2
2022-03-31,0,31.5,39.5,23.8,0.00,0.00,21.0,28,6,14,8.9,13.7
2022-04-01,0,30.5,37.5,24.0,0.00,0.00,14.8,43,6,17,7.9,11.9
2022-04-02,0,30.2,38.0,21.0,0.00,0.00,13.2,25,7,13,4.0,9.7
2022-04-03,0,31.2,39.5,22.9,0.00,0.00,21.5,21,3,9,6.9,12.8
2022-04-04,0,30.9,39.2,23.0,0.00,0.00,21.9,14,5,9,8.2,13.7
2022-04-05,3,31.3,39.2,23.7,0.00,0.00,17.0,23,5,12,2.1,10.1
2022-04-06,3,31.3,39.6,22.6,0.00,0.00,18.5,23,4,10,5.4,10.3
2022-04-07,0,32.8,40.3,23.4,0.00,0.00,15.3,19,4,9,0.4,7.3
2022-04-08,0,33.1,41.5,23.8,0.00,0.00,18.7,15,4,8,3.1,11.4
2022-04-09,3,33.8,42.2,25.0,0.00,0.00,22.5,17,6,11,7.4,14.7
2022-04-10,3,33.7,41.7,26.6,0.00,0.00,17.6,19,6,12,4.9,12.5
2022-04-11,3,33.8,41.4,26.2,0.00,0.00,18.3,23,7,13,1.6,10.7
2022-04-12,3,32.5,39.7,27.5,0.00,0.00,19.7,21,8,15,6.6,12.9
2022-04-13,0,31.5,38.8,24.1,0.00,0.00,19.5,21,6,14,6.0,10.8
2022-04-14,3,32.2,39.2,25.0,0.00,0.00,19.2,32,8,17,4.4,12.2
2022-04-15,3,32.2,39.6,24.7,0.00,0.00,19.2,38,10,17,5.0,11.5
2022-04-16,1,32.7,39.9,25.5,0.00,0.00,19.4,20,4,10,1.9,12.1
2022-04-17,3,32.8,40.3,25.8,0.00,0.00,17.9,24,9,14,1.8,10.1
2022-04-18,2,33.3,41.4,26.5,0.00,0.00,18.2,29,7,17,6.6,12.5
2022-04-19,3,33.9,40.5,27.8,0.00,0.00,21.1,28,9,16,10.4,16.0
2022-04-20,3,33.7,40.2,26.8,0.00,0.00,17.4,24,10,15,6.9,12.5
2022-04-21,3,31.1,36.0,26.2,0.00,0.00,23.2,32,15,21,5.6,13.0
2022-04-22,3,31.1,38.3,23.9,0.00,0.00,15.9,42,10,22,4.9,9.6
2022-04-23,2,32.0,39.4,24.0,0.00,0.00,14.3,31,9,17,4.9,9.5
2022-04-24,3,32.7,39.7,25.8,0.00,0.00,18.2,24,8,14,4.4,11.2
2022-04-25,2,32.7,40.2,24.3,0.00,0.00,18.0,27,9,16,3.2,8.8
2022-04-26,3,33.3,40.5,26.6,0.00,0.00,16.4,30,9,18,0.5,9.7
2022-04-27,0,34.3,41.7,27.1,0.00,0.00,22.3,21,8,14,6.4,13.8
2022-04-28,1,34.4,42.3,26.1,0.00,0.00,19.8,22,8,14,5.0,11.9
2022-04-29,0,34.3,41.9,27.8,0.00,0.00,17.3,20,8,13,7.6,12.2
2022-04-30,2,34.4,41.3,27.8,0.00,0.00,14.1,23,11,15,5.2,10.3
2022-05-01,3,35.0,42.5,28.4,0.00,0.00,19.2,28,11,19,7.1,12.7
2022-05-02,2,35.0,42.1,28.0,0.00,0.00,24.5,30,10,19,5.8,16.6
2022-05-03,0,33.5,40.0,27.8,0.00,0.00,23.3,26,11,17,6.5,14.4
2022-05-04,2,32.9,39.0,26.6,0.00,0.00,20.6,29,12,20,5.2,12.1
2022-05-05,1,32.0,39.2,23.6,0.00,0.00,12.8,70,14,33,5.8,9.2
2022-05-06,2,32.8,39.5,25.9,0.00,0.00,15.2,37,13,24,1.5,6.2
2022-05-07,3,33.6,40.6,26.6,0.00,0.00,25.1,38,9,21,4.8,10.1
2022-05-08,1,34.7,42.2,26.0,0.00,0.00,27.3,31,8,17,2.5,13.8
2022-05-09,3,34.8,43.3,26.4,0.00,0.00,21.8,42,7,22,2.9,11.4
2022-05-10,3,34.6,44.0,27.2,0.00,0.00,26.6,59,7,27,2.8,10.3
2022-05-11,3,35.1,43.2,27.2,0.00,0.00,25.8,48,8,26,5.4,11.0
2022-05-12,1,36.0,43.9,28.9,0.00,0.00,20.7,46,7,20,5.2,11.1
2022-05-13,2,38.0,44.2,32.0,0.00,0.00,26.9,17,7,12,13.8,19.8
2022-05-14,1,37.3,43.9,30.9,0.00,0.00,28.2,20,7,13,8.5,18.2
2022-05-15,3,36.6,43.0,30.4,0.00,0.00,21.6,25,10,17,3.5,12.3
2022-05-16,0,34.8,40.2,31.0,0.00,0.00,21.7,22,6,14,7.2,15.8
2022-05-17,3,34.8,41.2,29.0,0.00,0.00,19.3,32,8,18,3.6,12.5
2022-05-18,2,34.6,41.5,26.2,0.00,0.00,17.5,23,9,15,2.3,8.2
2022-05-19,3,35.9,44.1,27.1,0.00,0.00,20.5,25,8,15,0.8,9.3
2022-05-20,1,36.9,43.3,30.6,0.00,0.00,24.5,21,10,15,7.2,16.0
2022-05-21,51,34.6,39.5,30.8,0.20,0.20,24.8,31,16,23,6.6,18.1
2022-05-22,1,33.9,39.8,27.8,0.00,0.00,22.7,56,15,33,10.8,16.7
2022-05-23,63,30.1,35.2,25.6,4.90,4.90,19.1,59,37,46,5.6,13.0
2022-05-24,51,28.6,37.0,22.0,0.10,0.10,21.3,78,24,55,8.7,11.4
2022-05-25,0,30.9,38.0,23.9,0.00,0.00,21.5,74,17,42,3.8,12.0
2022-05-26,1,32.3,39.7,24.5,0.00,0.00,19.8,63,17,35,3.6,10.4
2022-05-27,1,33.4,39.1,27.9,0.00,0.00,21.0,47,19,32,7.9,14.6
2022-05-28,2,33.6,39.5,28.5,0.00,0.00,24.7,54,22,39,10.8,17.5
2022-05-29,2,34.7,41.0,29.0,0.00,0.00,23.4,54,14,34,13.7,19.0
2022-05-30,3,34.2,40.6,28.6,0.00,0.00,26.3,55,14,33,8.0,16.9
2022-05-31,2,34.7,41.7,28.5,0.00,0.00,23.1,54,8,27,8.3,16.3
2022-06-01,3,35.0,41.0,28.8,0.00,0.00,20.9,33,13,20,5.6,12.4
2022-06-02,1,35.6,41.3,29.4,0.00,0.00,20.3,31,12,19,10.1,14.2
2022-06-03,3,35.9,42.1,29.9,0.00,0.00,17.9,27,11,19,5.8,12.0
2022-06-04,3,36.3,42.7,30.2,0.00,0.00,23.8,24,9,15,6.9,13.9
2022-06-05,0,35.2,41.3,29.4,0.00,0.00,23.6,27,8,14,9.5,17.2
2022-06-06,3,34.9,40.5,29.4,0.00,0.00,23.1,31,13,21,9.0,15.6
2022-06-07,3,36.1,42.0,31.9,0.00,0.00,28.2,36,12,20,11.5,20.6
2022-06-08,0,35.3,40.7,30.3,0.00,0.00,26.2,38,8,20,11.3,20.6
2022-06-09,3,34.9,41.0,31.0,0.00,0.00,20.7,42,13,26,6.6,13.4
2022-06-10,2,35.6,41.9,30.1,0.00,0.00,24.3,47,11,26,10.5,17.7
2022-06-11,2,35.3,41.1,30.0,0.00,0.00,26.4,35,14,25,9.1,16.8
2022-06-12,3,35.1,40.8,29.3,0.00,0.00,23.6,41,20,31,7.8,13.8
2022-06-13,3,34.8,39.5,30.9,0.00,0.00,21.8,53,23,35,4.4,12.2
2022-06-14,3,30.5,34.8,27.6,0.00,0.00,18.0,67,40,55,7.6,13.8
2022-06-15,51,32.8,39.0,28.3,0.30,0.30,23.4,64,30,48,8.5,14.8
2022-06-16,3,32.5,38.1,28.9,0.00,0.00,19.6,62,32,50,9.5,14.4
2022-06-17,3,31.5,36.8,26.9,0.00,0.00,19.4,69,34,52,2.9,12.1
2022-06-18,61,29.7,37.1,25.4,2.70,2.70,23.4,86,34,62,0.8,12.8
2022-06-19,63,26.7,32.0,23.5,15.30,15.30,26.6,90,54,75,1.1,11.0
2022-06-20,61,26.5,31.6,23.1,3.70,3.70,16.5,97,55,77,1.1,7.8
2022-06-21,53,27.2,32.5,22.7,1.70,1.70,15.0,92,51,71,3.3,8.4
2022-06-22,55,28.8,33.2,25.2,2.00,2.00,14.8,83,48,64,4.3,8.0
2022-06-23,2,30.5,35.8,26.0,0.00,0.00,13.3,72,25,50,8.0,10.8
2022-06-24,0,30.8,36.8,25.0,0.00,0.00,11.8,73,21,44,2.4,9.5
2022-06-25,3,32.1,37.9,25.2,0.00,0.00,13.8,55,22,35,4.8,8.1
2022-06-26,3,32.9,38.8,26.5,0.00,0.00,16.7,51,25,38,6.1,11.8
2022-06-27,3,33.5,38.2,28.8,0.00,0.00,14.8,66,35,50,6.6,9.8
2022-06-28,3,34.7,41.1,29.8,0.00,0.00,21.6,65,25,46,4.3,13.1
2022-06-29,51,34.4,39.8,30.3,0.20,0.20,24.5,64,30,46,4.1,16.4
2022-06-30,63,28.1,33.3,24.9,13.40,13.40,17.1,96,58,80,5.1,11.4
2022-07-01,63,26.1,31.4,24.0,30.90,30.90,10.9,97,61,87,2.6,5.8
2022-07-02,63,27.6,32.3,24.5,9.00,9.00,12.4,98,57,81,4.0,7.5
2022-07-03,53,27.3,32.1,24.2,2.10,2.10,10.0,98,61,84,1.6,5.7
2022-07-04,3,29.1,33.2,25.0,0.00,0.00,8.7,96,58,77,2.2,4.8
2022-07-05,61,30.3,34.4,24.4,2.50,2.50,16.4,97,55,72,3.9,10.3
2022-07-06,51,30.3,33.6,27.8,0.40,0.40,22.4,81,61,72,9.5,14.1
2022-07-07,61,29.5,33.7,26.3,4.20,4.20,18.4,92,58,75,2.6,11.2
2022-07-08,51,29.9,34.3,25.2,0.50,0.50,15.8,94,55,73,0.8,9.2
2022-07-09,63,28.9,33.9,24.9,5.70,5.70,18.0,94,58,77,1.3,6.9
2022-07-10,61,27.7,32.0,24.6,5.40,5.40,11.3,94,60,80,4.6,6.6
2022-07-11,51,29.2,33.3,25.5,0.10,0.10,10.4,88,58,75,1.1,5.7
2022-07-12,53,30.0,34.2,26.0,0.80,0.80,10.4,86,53,71,3.4,6.4
2022-07-13,63,29.6,33.4,25.5,5.20,5.20,12.3,92,55,72,3.0,7.2
2022-07-14,65,29.6,33.5,25.4,15.60,15.60,19.7,92,56,71,6.7,13.0
2022-07-15,63,29.6,32.9,26.6,5.80,5.80,21.9,79,58,68,8.0,16.1
2022-07-16,63,26.9,31.5,25.0,9.80,9.80,17.8,94,64,82,8.8,12.5
2022-07-17,55,27.8,32.2,24.1,3.20,3.20,13.4,99,64,83,2.7,7.4
2022-07-18,55,28.9,33.7,25.2,2.70,2.70,12.7,96,57,79,2.3,7.6
2022-07-19,61,29.8,34.2,25.2,3.90,3.90,7.5,96,56,77,1.3,5.4
2022-07-20,63,28.0,33.0,25.3,10.20,10.20,20.4,97,63,84,1.0,12.4
2022-07-21,61,27.3,31.2,24.2,2.80,2.80,14.8,99,64,83,2.9,8.3
2022-07-22,63,26.8,31.8,23.6,17.40,17.40,11.8,97,60,85,1.5,5.9
2022-07-23,63,25.3,27.6,24.0,24.80,24.80,12.9,97,80,92,3.0,7.5
2022-07-24,63,26.7,31.0,24.1,9.50,9.50,18.8,99,69,87,6.9,13.7
2022-07-25,63,25.9,30.2,23.9,16.30,16.30,16.5,98,68,88,3.3,9.6
2022-07-26,63,25.5,29.0,23.8,11.60,11.60,15.7,98,74,89,4.0,9.1
2022-07-27,53,26.3,30.1,23.5,2.50,2.50,17.6,98,66,85,3.3,9.1
2022-07-28,63,26.9,30.1,24.4,6.40,6.40,15.9,95,68,82,4.3,10.1
2022-07-29,51,27.5,30.8,24.6,0.40,0.40,15.8,89,63,77,4.7,10.3
2022-07-30,51,27.5,30.9,24.4,0.40,0.40,17.7,85,58,72,8.6,12.3
2022-07-31,55,26.6,29.5,24.4,3.50,3.50,22.9,90,69,79,6.3,12.9
2022-08-01,61,26.2,29.5,24.4,5.10,5.10,19.1,91,70,84,8.9,13.2
2022-08-02,53,27.2,31.2,24.1,1.30,1.30,16.5,94,64,81,3.9,10.1
2022-08-03,53,27.2,31.6,23.9,2.40,2.40,16.1,96,64,83,0.8,6.9
2022-08-04,53,27.5,31.2,24.8,2.00,2.00,12.6,99,67,84,0.8,4.7
2022-08-05,63,26.9,30.8,24.6,6.10,6.10,7.9,99,68,86,0.8,4.0
2022-08-06,3,27.8,31.6,24.0,0.00,0.00,7.5,98,62,81,1.8,4.3
2022-08-07,61,27.7,31.8,25.2,2.70,2.70,10.4,96,64,85,0.8,5.4
2022-08-08,51,27.8,31.2,24.8,0.80,0.80,11.6,96,66,82,3.3,8.0
2022-08-09,51,28.7,31.9,25.5,0.60,0.60,17.3,93,64,79,9.3,12.9
2022-08-10,51,29.2,32.8,25.8,0.20,0.20,22.1,91,58,73,10.9,18.0
2022-08-11,51,27.4,30.0,25.9,2.00,2.00,34.6,83,70,77,16.2,22.8
2022-08-12,61,26.2,29.0,24.5,5.40,5.40,24.3,94,72,85,9.6,16.7
2022-08-13,63,26.3,30.2,23.6,10.50,10.50,17.1,99,71,87,2.1,11.0
2022-08-14,61,26.4,30.6,24.3,2.90,2.90,15.8,94,63,84,3.1,8.6
2022-08-15,63,26.1,29.7,23.6,5.90,5.90,18.6,97,67,85,3.3,11.9
2022-08-16,63,24.5,27.8,23.5,19.70,19.70,29.9,97,76,91,17.7,22.5
2022-08-17,65,25.0,29.4,23.1,22.60,22.60,27.4,98,71,89,9.4,19.5
2022-08-18,51,26.3,29.8,22.9,0.90,0.90,19.5,96,65,81,6.4,12.7
2022-08-19,51,26.8,30.2,23.8,0.80,0.80,15.9,93,66,80,5.9,11.3
2022-08-20,51,27.3,31.0,23.9,0.60,0.60,19.1,91,58,77,2.4,7.5
2022-08-21,63,26.9,31.4,25.0,7.20,7.20,15.0,88,63,80,4.9,11.1
2022-08-22,63,26.2,30.5,24.2,26.40,26.40,22.5,92,65,84,1.4,15.0
2022-08-23,53,25.3,27.9,24.2,3.20,3.20,30.3,93,73,84,12.8,22.0
2022-08-24,51,25.8,29.2,22.8,0.50,0.50,20.1,94,64,80,8.3,15.5
2022-08-25,51,25.0,28.1,23.1,1.70,1.70,12.8,96,70,86,5.4,9.0
2022-08-26,51,26.5,30.2,23.8,0.30,0.30,15.3,91,60,76,6.9,11.1
2022-08-27,51,26.6,30.4,23.5,0.30,0.30,19.1,87,58,74,7.6,14.0
2022-08-28,3,26.3,30.5,23.1,0.00,0.00,16.2,87,57,73,6.3,12.1
2022-08-29,3,26.6,30.6,22.9,0.00,0.00,11.2,85,54,71,1.3,7.4
2022-08-30,51,27.5,32.5,23.6,1.00,1.00,9.3,84,49,71,1.3,5.4
2022-08-31,61,28.0,32.4,25.2,2.30,2.30,12.4,82,59,74,5.4,8.6
2022-09-01,51,28.6,32.9,25.4,0.10,0.10,13.0,85,51,72,3.5,8.6
2022-09-02,63,28.1,32.3,25.5,2.80,2.80,14.3,87,58,76,3.0,8.2
2022-09-03,3,28.3,32.1,24.9,0.00,0.00,16.4,88,54,71,8.8,12.7
2022-09-04,2,27.6,31.8,24.1,0.00,0.00,16.2,84,56,71,8.2,12.8
2022-09-05,51,26.7,30.9,22.9,0.10,0.10,14.1,88,56,72,6.2,9.2
2022-09-06,1,27.5,31.9,23.4,0.00,0.00,11.4,83,49,68,0.4,6.6
2022-09-07,2,28.4,32.8,24.3,0.00,0.00,10.9,80,45,64,4.1,7.7
2022-09-08,0,29.3,33.8,25.1,0.00,0.00,9.4,80,44,62,4.5,6.9
2022-09-09,51,29.1,33.0,25.0,0.30,0.30,10.1,79,51,66,5.7,7.7
2022-09-10,55,28.6,32.5,25.5,1.10,1.10,13.4,89,55,74,5.0,7.1
2022-09-11,51,28.2,31.7,25.0,0.30,0.30,14.1,94,57,75,4.0,8.8
2022-09-12,51,28.6,32.7,25.6,0.10,0.10,17.9,84,54,69,8.9,14.1
2022-09-13,53,27.5,31.4,25.1,2.70,2.70,21.9,82,58,72,11.4,16.5
2022-09-14,61,26.3,30.9,24.0,3.10,3.10,22.1,94,60,81,9.9,14.9
2022-09-15,61,26.6,31.7,23.6,2.80,2.80,14.1,96,56,80,5.7,10.3
2022-09-16,51,27.2,32.8,22.2,0.40,0.40,19.3,97,47,72,2.8,10.1
2022-09-17,3,27.6,31.9,23.9,0.00,0.00,20.6,86,53,69,8.4,13.8
2022-09-18,1,28.2,33.9,23.8,0.00,0.00,19.2,79,36,60,9.7,14.4
2022-09-19,3,28.9,34.2,24.5,0.00,0.00,17.0,76,36,56,5.6,13.7
2022-09-20,51,28.3,34.0,23.5,0.10,0.10,16.8,82,37,60,4.2,9.1
2022-09-21,53,27.0,33.8,23.6,2.40,2.40,19.2,96,38,73,1.9,9.3
2022-09-22,53,24.7,28.2,23.0,2.30,2.30,18.2,97,68,86,3.4,11.4
2022-09-23,63,24.1,27.7,22.8,34.70,34.70,11.8,96,76,91,5.6,8.7
2022-09-24,63,24.9,27.5,22.6,11.70,11.70,24.6,98,73,85,4.1,14.9
2022-09-25,51,26.3,30.2,23.5,0.20,0.20,20.3,82,63,72,0.4,12.4
2022-09-26,53,25.9,30.8,22.2,0.70,0.70,10.2,92,53,74,1.9,6.2
2022-09-27,1,26.3,31.5,22.2,0.00,0.00,12.7,92,44,69,4.0,7.7
2022-09-28,1,26.8,32.0,22.4,0.00,0.00,13.4,78,43,62,3.6,9.5
2022-09-29,1,26.9,32.0,22.8,0.00,0.00,14.5,74,41,61,4.4,9.7
2022-09-30,1,27.1,32.9,22.9,0.00,0.00,16.3,73,36,57,4.9,11.9
2022-10-01,1,27.3,33.1,23.1,0.00,0.00,17.6,69,32,52,6.5,11.9
2022-10-02,1,27.0,33.0,23.1,0.00,0.00,18.7,60,30,49,6.0,11.4
2022-10-03,1,27.1,32.9,23.1,0.00,0.00,18.5,59,30,47,5.2,11.7
2022-10-04,3,27.5,33.2,22.2,0.00,0.00,18.6,67,33,51,5.7,12.0
2022-10-05,3,27.3,32.3,23.6,0.00,0.00,14.8,90,49,64,5.9,11.5
2022-10-06,3,26.2,32.3,21.9,0.00,0.00,16.5,97,33,72,4.2,11.4
2022-10-07,61,24.0,26.5,21.8,9.10,9.10,14.0,96,68,82,6.4,9.4
2022-10-08,63,22.7,24.9,21.9,43.10,43.10,16.9,99,82,94,10.0,13.5
2022-10-09,63,23.2,26.1,21.5,15.20,15.20,11.1,99,78,91,1.6,5.1
2022-10-10,3,24.4,29.0,21.0,0.00,0.00,9.8,98,57,80,3.0,5.6
2022-10-11,51,23.9,28.3,20.4,0.50,0.50,11.8,98,55,80,4.1,7.2
2022-10-12,0,23.8,29.9,19.5,0.00,0.00,10.1,95,36,70,5.1,7.4
2022-10-13,0,23.4,29.5,17.8,0.00,0.00,12.1,86,38,62,0.7,6.9
2022-10-14,0,23.1,29.5,17.9,0.00,0.00,13.2,77,33,59,2.1,7.3
2022-10-15,0,23.1,29.5,17.7,0.00,0.00,11.3,81,34,60,0.4,5.5
2022-10-16,0,24.3,28.8,19.5,0.00,0.00,9.0,74,37,54,0.4,4.8
2022-10-17,0,23.9,29.1,19.4,0.00,0.00,9.2,66,38,53,1.8,6.3
2022-10-18,0,23.7,29.8,18.8,0.00,0.00,10.2,72,33,55,2.6,7.6
2022-10-19,0,23.6,29.9,18.8,0.00,0.00,12.0,67,35,54,4.2,8.2
2022-10-20,0,23.5,29.5,18.0,0.00,0.00,12.2,65,35,52,4.0,8.8
2022-10-21,0,23.7,30.0,18.5,0.00,0.00,10.7,61,29,46,3.6,7.9
2022-10-22,0,23.8,30.2,19.0,0.00,0.00,13.3,57,28,46,6.4,9.4
2022-10-23,0,22.8,29.2,17.1,0.00,0.00,14.0,63,30,47,1.6,8.8
2022-10-24,0,21.9,29.0,16.4,0.00,0.00,10.4,72,25,49,6.0,8.1
2022-10-25,0,22.7,29.7,16.2,0.00,0.00,15.4,58,26,42,3.1,8.6
2022-10-26,0,23.9,30.9,18.4,0.00,0.00,13.9,54,26,41,6.3,10.3
2022-10-27,0,24.1,31.2,18.6,0.00,0.00,11.3,59,25,44,4.9,9.0
2022-10-28,0,24.2,31.4,18.5,0.00,0.00,12.8,61,24,44,5.4,9.6
2022-10-29,0,23.3,30.5,17.4,0.00,0.00,12.5,85,20,48,3.5,7.1
2022-10-30,0,22.8,30.0,16.5,0.00,0.00,10.2,81,28,54,4.5,7.0
2022-10-31,0,23.9,30.0,19.1,0.00,0.00,9.4,70,31,49,1.1,5.6
2022-11-01,0,23.0,29.9,17.3,0.00,0.00,11.2,72,33,54,5.9,8.5
2022-11-02,0,24.4,31.9,18.8,0.00,0.00,17.7,66,19,43,8.5,11.7
2022-11-03,2,24.5,31.0,18.2,0.00,0.00,12.2,77,34,52,0.8,7.6
2022-11-04,0,24.7,32.2,18.6,0.00,0.00,12.4,65,26,47,2.5,7.5
2022-11-05,0,25.0,32.8,19.1,0.00,0.00,11.8,73,19,45,5.2,8.4
2022-11-06,3,25.2,31.4,19.5,0.00,0.00,9.5,79,23,46,2.0,5.8
2022-11-07,3,24.8,30.8,19.5,0.00,0.00,9.8,61,25,42,1.1,6.6
2022-11-08,51,22.8,28.2,19.0,0.40,0.40,13.3,73,35,54,3.1,7.7
2022-11-09,2,21.8,28.1,16.5,0.00,0.00,12.1,91,36,65,3.2,6.7
2022-11-10,1,21.8,28.2,16.6,0.00,0.00,10.7,93,32,63,2.8,6.5
2022-11-11,0,21.6,27.9,16.9,0.00,0.00,13.5,77,25,50,4.7,9.1
2022-11-12,0,20.5,27.0,15.6,0.00,0.00,13.9,70,29,49,5.4,8.3
2022-11-13,3,20.6,27.5,14.1,0.00,0.00,9.0,68,26,48,3.1,6.8
2022-11-14,0,20.2,26.8,14.4,0.00,0.00,11.7,74,34,56,5.8,8.4
2022-11-15,1,21.0,27.3,14.8,0.00,0.00,10.9,80,34,57,4.4,8.0
2022-11-16,0,20.3,26.1,16.3,0.00,0.00,13.3,80,30,50,7.2,10.6
2022-11-17,0,19.3,25.6,14.3,0.00,0.00,17.1,69,25,44,7.3,10.9
2022-11-18,0,18.6,25.1,12.6,0.00,0.00,10.7,70,28,45,1.1,7.0
2022-11-19,1,18.9,26.0,12.8,0.00,0.00,9.3,72,30,50,1.8,6.3
2022-11-20,0,18.6,26.1,12.8,0.00,0.00,9.0,72,25,48,5.1,7.3
2022-11-21,0,19.7,27.1,13.8,0.00,0.00,13.4,67,22,44,7.2,10.0
2022-11-22,0,19.0,26.0,12.7,0.00,0.00,9.6,62,24,43,4.2,7.8
2022-11-23,2,18.5,25.2,12.4,0.00,0.00,10.4,66,19,39,4.3,8.4
2022-11-24,0,17.8,25.1,10.9,0.00,0.00,9.6,51,21,36,6.2,7.6
2022-11-25,3,19.0,25.5,13.2,0.00,0.00,9.2,56,25,41,0.7,3.4
2022-11-26,0,18.4,26.1,11.2,0.00,0.00,9.6,69,21,44,3.0,6.8
2022-11-27,0,18.9,25.8,13.1,0.00,0.00,9.2,55,24,43,2.1,5.1
2022-11-28,0,18.9,24.9,12.6,0.00,0.00,8.6,75,32,52,1.6,5.3
2022-11-29,3,18.1,24.8,12.3,0.00,0.00,7.9,84,35,60,0.8,4.8
2022-11-30,3,17.7,24.9,12.1,0.00,0.00,8.1,85,29,61,0.7,4.9
2022-12-01,0,17.3,23.9,11.1,0.00,0.00,8.4,88,38,64,1.4,5.2
2022-12-02,0,17.5,23.4,13.6,0.00,0.00,9.4,77,38,61,2.8,6.1
2022-12-03,0,17.8,24.2,12.0,0.00,0.00,7.6,83,33,58,0.7,5.0
2022-12-04,2,17.1,24.3,12.1,0.00,0.00,9.0,87,31,61,1.8,4.8
2022-12-05,0,16.7,23.0,10.8,0.00,0.00,9.0,83,36,60,1.6,5.3
2022-12-06,0,16.1,23.5,10.1,0.00,0.00,9.5,91,24,58,2.3,6.3
2022-12-07,0,16.8,24.6,10.4,0.00,0.00,14.0,81,22,50,7.6,10.1
2022-12-08,0,17.1,25.8,10.9,0.00,0.00,12.5,75,22,50,4.3,7.4
2022-12-09,0,18.1,25.5,11.2,0.00,0.00,8.7,80,27,52,2.3,7.2
2022-12-10,0,17.8,25.4,11.2,0.00,0.00,10.5,84,31,59,3.3,7.3
2022-12-11,0,18.4,26.4,13.0,0.00,0.00,11.8,80,26,57,6.9,9.1
2022-12-12,0,18.7,26.2,13.6,0.00,0.00,13.1,72,26,49,6.5,9.3
2022-12-13,0,18.4,25.7,14.2,0.00,0.00,16.1,55,22,39,6.6,11.8
2022-12-14,3,17.4,24.8,12.6,0.00,0.00,15.3,66,22,44,7.0,11.2
2022-12-15,2,16.2,23.8,11.3,0.00,0.00,12.0,57,24,43,6.6,9.0
2022-12-16,1,15.7,23.6,9.2,0.00,0.00,8.6,65,28,46,3.1,6.9
2022-12-17,0,15.8,24.4,9.5,0.00,0.00,10.1,84,26,56,1.1,5.7
2022-12-18,2,16.9,23.9,11.6,0.00,0.00,8.1,82,32,61,1.8,5.3
2022-12-19,3,17.0,24.0,12.4,0.00,0.00,7.8,79,32,59,1.3,4.3
2022-12-20,2,16.6,24.1,10.2,0.00,0.00,9.6,84,27,60,1.5,4.2
2022-12-21,3,16.0,23.0,11.1,0.00,0.00,13.6,85,37,63,4.6,9.2
2022-12-22,0,15.3,22.5,10.8,0.00,0.00,14.3,87,36,60,8.2,10.1
2022-12-23,0,14.7,21.1,10.1,0.00,0.00,14.8,76,40,62,6.5,11.3
2022-12-24,2,14.0,20.5,9.3,0.00,0.00,15.3,81,30,55,8.6,12.0
2022-12-25,3,12.2,19.5,6.2,0.00,0.00,11.4,90,16,52,2.1,7.9
2022-12-26,3,11.8,19.8,5.6,0.00,0.00,9.6,82,25,57,4.9,6.8
2022-12-27,0,13.4,22.0,6.7,0.00,0.00,10.1,89,22,55,4.0,8.0
2022-12-28,0,14.9,22.9,8.4,0.00,0.00,13.2,64,21,43,7.1,9.1
2022-12-29,1,16.4,23.5,10.7,0.00,0.00,11.4,72,27,48,4.5,7.9
2022-12-30,2,17.2,24.5,11.7,0.00,0.00,16.9,79,33,55,4.4,10.9
2022-12-31,1,14.5,21.4,10.0,0.00,0.00,19.1,93,24,61,7.3,12.8
2023-01-01,0,12.9,19.5,7.6,0.00,0.00,9.8,86,28,59,2.1,6.4
2023-01-02,1,12.2,18.9,7.2,0.00,0.00,9.0,94,41,72,4.8,6.9
2023-01-03,3,11.9,19.1,6.9,0.00,0.00,10.6,94,33,69,4.7,7.2
2023-01-04,0,10.6,18.0,5.2,0.00,0.00,12.4,90,26,64,6.5,9.4
2023-01-05,2,9.6,18.5,3.3,0.00,0.00,9.4,99,26,72,4.0,6.6
2023-01-06,3,9.6,18.4,3.9,0.00,0.00,10.4,100,25,72,4.0,6.7
2023-01-07,3,11.3,20.6,4.3,0.00,0.00,8.6,100,26,69,0.0,4.8
2023-01-08,2,14.3,23.1,6.9,0.00,0.00,10.3,90,24,60,0.0,6.7
2023-01-09,3,15.7,23.6,8.9,0.00,0.00,10.1,88,40,69,2.6,6.6
2023-01-10,2,15.3,23.7,8.8,0.00,0.00,10.7,99,31,66,1.5,5.9
2023-01-11,1,15.6,23.1,9.2,0.00,0.00,14.8,89,45,65,6.1,9.2
2023-01-12,3,17.3,23.4,12.8,0.00,0.00,13.3,94,40,71,3.1,7.4
2023-01-13,3,17.1,23.2,12.9,0.00,0.00,17.1,95,30,66,1.1,8.8
2023-01-14,0,12.3,17.8,7.8,0.00,0.00,13.6,94,18,55,7.0,11.0
2023-01-15,1,9.8,16.6,3.9,0.00,0.00,11.0,74,24,47,6.0,8.4
2023-01-16,0,10.4,17.8,3.5,0.00,0.00,10.2,59,20,39,0.8,5.7
2023-01-17,0,10.7,18.1,3.8,0.00,0.00,8.6,72,20,44,0.5,4.4
2023-01-18,0,11.0,18.5,4.8,0.00,0.00,10.4,59,24,43,4.0,6.9
2023-01-19,3,12.7,19.9,6.6,0.00,0.00,11.8,65,27,47,1.4,8.4
2023-01-20,3,13.4,20.0,8.5,0.00,0.00,16.2,79,36,59,6.5,11.8
2023-01-21,2,14.5,21.1,8.6,0.00,0.00,13.8,86,37,61,5.1,9.5
2023-01-22,51,15.3,20.6,10.9,0.60,0.60,15.1,87,42,66,7.8,11.2
2023-01-23,51,15.7,21.8,10.1,0.60,0.60,14.8,89,47,70,3.9,9.2
2023-01-24,53,16.2,21.8,11.9,1.80,1.80,14.6,97,54,81,1.1,7.5
2023-01-25,3,14.6,20.8,10.8,0.00,0.00,14.8,100,36,70,6.0,9.8
2023-01-26,0,13.7,20.0,9.6,0.00,0.00,15.2,68,31,52,5.9,11.3
2023-01-27,0,12.1,20.7,6.1,0.00,0.00,14.1,74,21,50,7.6,9.6
2023-01-28,1,13.7,22.1,6.8,0.00,0.00,11.8,62,22,44,1.8,7.1
2023-01-29,63,14.5,18.2,12.2,13.80,13.80,21.3,95,45,78,3.8,10.1
2023-01-30,65,14.8,19.4,11.3,16.30,16.30,18.8,97,67,84,1.6,9.8
2023-01-31,3,14.3,20.5,10.1,0.00,0.00,13.0,100,37,77,4.8,9.7
2023-02-01,0,13.6,21.4,8.4,0.00,0.00,18.0,92,34,68,7.1,11.4
2023-02-02,0,15.1,23.3,8.2,0.00,0.00,12.4,81,34,57,5.3,9.0
2023-02-03,0,15.8,24.1,9.4,0.00,0.00,10.2,73,29,54,1.8,6.1
2023-02-04,0,17.2,24.6,10.8,0.00,0.00,11.8,68,31,51,5.5,8.2
2023-02-05,0,18.4,25.5,12.2,0.00,0.00,11.5,72,30,51,3.7,7.4
2023-02-06,1,18.7,26.1,11.9,0.00,0.00,13.7,90,31,58,5.7,9.7
2023-02-07,0,17.9,25.1,12.2,0.00,0.00,16.6,86,22,50,7.9,13.2
2023-02-08,0,17.4,25.2,11.1,0.00,0.00,11.5,71,23,46,2.3,8.1
2023-02-09,1,18.8,26.2,12.0,0.00,0.00,17.5,69,31,50,3.4,10.4
2023-02-10,1,20.4,28.1,14.6,0.00,0.00,20.1,69,23,47,7.6,11.7
2023-02-11,0,20.5,27.5,15.8,0.00,0.00,15.2,80,16,45,8.9,11.6
2023-02-12,0,17.6,24.7,11.4,0.00,0.00,21.9,58,14,32,4.0,12.7
2023-02-13,0,16.0,24.1,9.6,0.00,0.00,18.7,41,11,26,8.4,13.5
2023-02-14,0,18.7,27.0,11.9,0.00,0.00,12.8,35,17,26,5.4,9.9
2023-02-15,0,21.1,29.9,14.8,0.00,0.00,16.3,34,17,28,8.1,12.2
2023-02-16,2,21.7,31.0,14.9,0.00,0.00,10.7,67,19,39,1.1,7.0
2023-02-17,2,21.6,30.0,14.6,0.00,0.00,8.4,82,21,51,2.2,5.5
2023-02-18,0,21.5,30.2,14.4,0.00,0.00,9.8,89,25,57,0.4,6.0
2023-02-19,3,22.0,29.9,14.2,0.00,0.00,10.4,81,27,54,5.2,7.9
2023-02-20,3,23.5,31.8,17.4,0.00,0.00,14.5,68,17,44,6.9,10.1
2023-02-21,3,23.9,31.3,18.6,0.00,0.00,15.5,48,18,30,6.9,11.5
2023-02-22,3,23.1,30.2,17.3,0.00,0.00,13.5,66,21,39,6.5,9.0
2023-02-23,2,22.3,29.7,16.3,0.00,0.00,13.3,69,23,44,1.3,7.8
2023-02-24,3,22.4,28.5,16.6,0.00,0.00,12.9,53,25,38,3.1,7.5
2023-02-25,1,22.9,29.9,16.1,0.00,0.00,11.1,65,24,42,1.1,6.0
2023-02-26,3,22.5,29.6,14.9,0.00,0.00,10.4,71,23,45,2.5,7.1
2023-02-27,3,23.2,30.6,16.3,0.00,0.00,12.9,68,23,41,2.5,7.7
2023-02-28,1,22.9,30.0,16.6,0.00,0.00,16.9,68,21,43,6.1,9.3
2023-03-01,51,22.7,28.9,17.0,0.40,0.40,17.4,71,24,47,6.2,10.7
2023-03-02,2,23.8,31.0,17.1,0.00,0.00,16.2,68,20,42,4.3,8.4
2023-03-03,1,24.0,31.5,17.6,0.00,0.00,13.8,71,20,45,3.6,8.3
2023-03-04,3,23.6,31.1,19.1,0.00,0.00,14.3,65,22,46,2.8,8.9
2023-03-05,3,23.6,30.4,17.1,0.00,0.00,14.1,71,22,45,1.8,8.2
2023-03-06,3,23.0,30.1,16.6,0.00,0.00,12.8,71,18,43,3.1,6.5
2023-03-07,51,22.6,29.6,16.5,0.20,0.20,12.5,72,21,44,4.6,7.3
2023-03-08,55,21.2,25.5,17.2,1.40,1.40,12.0,57,32,46,1.1,6.2
2023-03-09,51,21.2,28.5,15.6,0.30,0.30,16.8,87,28,56,3.1,7.7
2023-03-10,0,22.4,29.5,15.9,0.00,0.00,11.8,83,21,47,1.6,6.4
2023-03-11,2,23.0,30.1,15.8,0.00,0.00,11.1,70,25,45,4.8,7.3
2023-03-12,3,25.3,31.7,19.3,0.00,0.00,9.2,52,24,38,2.1,5.3
2023-03-13,3,25.3,32.2,19.6,0.00,0.00,12.9,57,22,40,2.3,6.7
2023-03-14,2,24.7,32.7,18.0,0.00,0.00,14.8,71,20,40,3.3,9.1
2023-03-15,3,25.3,31.9,19.0,0.00,0.00,14.3,59,18,35,3.4,8.5
2023-03-16,55,24.4,30.6,20.8,1.20,1.20,15.1,50,24,38,0.8,6.0
2023-03-17,61,22.9,30.0,18.5,1.80,1.80,24.2,74,27,51,0.0,7.2
2023-03-18,51,21.5,27.7,15.9,1.00,1.00,16.1,96,35,64,1.8,7.6
2023-03-19,63,20.3,27.6,16.6,6.40,6.40,15.8,93,39,75,1.8,8.5
2023-03-20,63,18.9,24.6,15.6,9.10,9.10,13.1,99,40,77,2.2,6.2
2023-03-21,1,20.6,28.1,13.6,0.00,0.00,13.8,99,28,65,4.3,8.8
2023-03-22,3,20.4,28.3,14.7,0.00,0.00,14.0,94,31,68,3.7,7.7
2023-03-23,3,22.4,29.0,16.9,0.00,0.00,12.6,79,30,57,1.6,6.1
2023-03-24,51,23.0,29.5,18.1,0.50,0.50,15.2,78,34,59,3.6,7.7
2023-03-25,3,23.0,29.5,17.0,0.00,0.00,13.7,89,23,50,1.8,7.4
2023-03-26,51,22.7,28.7,17.8,0.10,0.10,14.2,70,27,51,1.9,8.3
2023-03-27,3,23.5,29.8,17.8,0.00,0.00,18.3,59,18,37,1.1,10.3
2023-03-28,3,24.1,31.4,16.6,0.00,0.00,12.6,64,14,35,4.3,8.5
2023-03-29,3,25.2,32.0,18.5,0.00,0.00,14.5,58,20,37,5.2,9.9
2023-03-30,61,23.4,31.3,17.9,6.30,6.30,23.5,89,24,50,1.5,10.3
2023-03-31,63,19.6,26.8,15.6,5.30,5.30,20.0,98,40,80,2.2,6.1
2023-04-01,51,21.1,27.7,15.1,0.10,0.10,14.8,100,35,67,1.9,6.7
2023-04-02,53,23.0,30.2,16.5,0.80,0.80,18.4,84,28,54,1.3,8.8
2023-04-03,1,25.6,32.3,18.0,0.00,0.00,26.4,61,18,37,2.6,13.5
2023-04-04,1,24.6,31.1,18.1,0.00,0.00,15.6,77,19,44,1.3,8.8
2023-04-05,1,25.2,32.5,19.2,0.00,0.00,12.8,63,18,39,2.6,8.0
2023-04-06,3,25.1,31.2,19.5,0.00,0.00,20.1,54,18,34,1.8,9.6
2023-04-07,3,26.7,33.6,20.4,0.00,0.00,15.2,44,11,26,2.1,10.9
2023-04-08,3,26.9,33.5,20.0,0.00,0.00,12.9,35,14,22,4.5,8.9
2023-04-09,0,27.1,34.3,20.0,0.00,0.00,15.5,33,7,20,0.7,7.5
2023-04-10,3,28.0,35.2,20.1,0.00,0.00,18.2,31,9,17,3.1,10.1
2023-04-11,3,29.2,37.1,21.7,0.00,0.00,15.1,34,11,21,2.5,7.6
2023-04-12,3,29.6,36.5,22.9,0.00,0.00,18.7,31,15,23,2.5,10.1
2023-04-13,3,30.2,36.9,23.6,0.00,0.00,12.3,38,16,24,3.7,8.1
2023-04-14,3,31.1,38.2,24.0,0.00,0.00,17.3,37,13,23,3.6,9.8
2023-04-15,2,31.6,38.8,24.1,0.00,0.00,14.8,33,12,22,5.4,9.7
2023-04-16,2,31.5,37.3,23.9,0.00,0.00,15.7,37,13,22,4.7,9.5
2023-04-17,2,31.4,38.2,24.7,0.00,0.00,18.6,34,14,23,6.8,12.2
2023-04-18,1,32.4,39.2,25.8,0.00,0.00,18.9,34,12,21,7.9,13.2
2023-04-19,3,31.4,37.2,25.8,0.00,0.00,26.9,43,14,24,1.9,15.8
2023-04-20,3,30.0,35.1,25.0,0.00,0.00,26.4,44,14,26,6.2,14.0
2023-04-21,3,29.4,35.7,22.1,0.00,0.00,21.0,31,4,15,1.6,10.9
2023-04-22,1,28.8,36.3,22.0,0.00,0.00,17.7,37,7,18,4.7,9.8
2023-04-23,51,26.4,32.7,22.0,0.40,0.40,25.8,33,12,23,1.5,14.8
2023-04-24,1,25.7,32.1,19.0,0.00,0.00,14.8,47,17,30,4.3,8.1
2023-04-25,3,26.7,33.5,20.1,0.00,0.00,13.4,53,17,32,7.9,10.8
2023-04-26,3,28.2,35.0,21.2,0.00,0.00,14.4,46,13,27,3.3,7.8
2023-04-27,51,28.5,35.5,22.4,0.10,0.10,20.3,65,16,36,3.4,9.7
2023-04-28,61,26.4,33.3,22.4,3.70,3.70,17.6,68,24,42,5.2,9.3
2023-04-29,51,25.2,30.1,21.5,0.60,0.60,21.9,67,33,50,1.4,10.3
2023-04-30,51,23.1,29.7,19.4,0.90,0.90,9.0,90,34,65,0.7,5.2
2023-05-01,63,22.2,28.2,18.4,11.30,11.30,15.1,98,42,76,1.5,5.4
2023-05-02,51,24.1,31.4,17.6,0.40,0.40,13.2,97,34,66,2.9,6.0
2023-05-03,63,24.1,31.6,19.0,8.20,8.20,28.7,94,34,66,4.3,9.2
2023-05-04,3,25.2,31.8,18.8,0.00,0.00,8.9,95,30,59,0.5,5.0
2023-05-05,51,27.7,35.0,19.7,0.10,0.10,12.1,77,23,46,0.4,6.7
2023-05-06,3,29.6,36.8,22.6,0.00,0.00,20.0,55,19,35,0.7,9.1
2023-05-07,3,30.6,38.1,22.0,0.00,0.00,19.5,53,12,29,1.4,10.4
2023-05-08,1,31.6,38.0,24.9,0.00,0.00,21.7,41,7,20,2.9,13.9
2023-05-09,0,31.5,39.0,24.5,0.00,0.00,19.3,30,6,14,3.7,12.3
2023-05-10,0,30.8,38.5,22.5,0.00,0.00,22.4,29,7,15,1.4,11.5
2023-05-11,0,31.6,40.2,23.5,0.00,0.00,16.9,27,6,15,4.8,9.3
2023-05-12,2,33.7,41.8,25.6,0.00,0.00,24.9,29,7,15,5.4,12.6
2023-05-13,2,35.3,43.0,27.3,0.00,0.00,20.6,19,7,13,7.0,13.5
2023-05-14,3,34.6,42.5,28.6,0.00,0.00,29.1,31,9,18,5.6,12.4
2023-05-15,2,33.5,40.5,26.2,0.00,0.00,22.2,39,7,22,4.1,15.4
2023-05-16,51,32.9,37.7,28.2,0.40,0.40,24.5,55,15,31,7.6,16.7
2023-05-17,3,33.4,39.5,27.6,0.00,0.00,21.1,48,16,28,3.1,12.5
2023-05-18,3,31.6,38.3,25.8,0.00,0.00,17.4,52,17,30,3.7,9.9
2023-05-19,0,32.5,39.5,25.5,0.00,0.00,18.4,53,11,27,1.8,11.2
2023-05-20,0,34.1,41.2,25.9,0.00,0.00,21.4,37,8,19,3.7,11.6
2023-05-21,3,35.8,42.1,30.5,0.00,0.00,22.0,27,11,19,0.8,16.2
2023-05-22,2,35.7,41.8,30.2,0.00,0.00,24.7,33,13,22,10.6,18.5
2023-05-23,3,35.1,41.3,30.2,0.00,0.00,19.7,35,16,26,2.6,15.5
2023-05-24,65,28.4,35.0,23.6,16.20,16.20,24.2,84,29,56,2.9,10.2
2023-05-25,63,28.2,34.4,23.3,5.60,5.60,21.3,76,37,57,3.2,12.3
2023-05-26,63,27.3,34.2,20.6,3.20,3.20,20.4,91,35,62,3.1,10.1
2023-05-27,63,27.2,33.0,20.8,5.20,5.20,18.4,86,43,63,2.6,9.6
2023-05-28,61,28.3,35.8,21.2,1.90,1.90,34.4,88,28,60,2.5,10.9
2023-05-29,51,27.3,32.6,23.1,0.40,0.40,23.0,79,39,59,5.1,9.4
2023-05-30,53,28.0,35.1,22.2,0.90,0.90,19.6,77,31,55,4.0,10.0
2023-05-31,51,26.3,31.8,20.5,0.10,0.10,19.9,89,37,59,6.5,12.9
2023-06-01,51,27.6,35.2,21.8,0.40,0.40,18.9,75,29,54,4.4,11.9
2023-06-02,51,27.5,33.3,20.8,0.30,0.30,19.1,95,39,62,1.0,9.2
2023-06-03,51,29.0,36.4,23.8,0.70,0.70,23.8,80,25,56,0.5,8.8
2023-06-04,3,29.2,35.3,23.0,0.00,0.00,14.1,72,29,49,1.6,8.0
2023-06-05,1,30.1,36.0,24.0,0.00,0.00,16.8,74,26,46,6.5,10.5
2023-06-06,1,31.1,38.0,24.6,0.00,0.00,25.5,55,20,38,2.3,10.7
2023-06-07,0,31.8,38.7,25.4,0.00,0.00,14.5,50,16,32,3.1,8.6
2023-06-08,53,31.9,36.7,26.7,0.80,0.80,26.2,51,31,39,0.5,10.8
2023-06-09,1,33.0,39.3,27.5,0.00,0.00,20.4,55,20,40,1.8,14.2
2023-06-10,1,33.3,39.0,28.6,0.00,0.00,25.6,54,20,40,10.2,17.1
2023-06-11,1,33.5,38.9,28.4,0.00,0.00,20.8,60,29,42,6.4,14.7
2023-06-12,1,34.2,39.4,29.5,0.00,0.00,22.0,48,24,34,12.3,17.5
2023-06-13,1,34.5,39.6,29.6,0.00,0.00,21.3,51,24,36,11.0,16.8
2023-06-14,0,33.5,38.2,29.9,0.00,0.00,25.3,52,28,41,11.8,19.6
2023-06-15,51,32.5,37.9,29.4,0.40,0.40,21.6,60,29,46,9.3,16.9
2023-06-16,51,30.5,34.4,26.9,0.60,0.60,18.6,74,40,55,5.2,12.5
2023-06-17,51,28.9,34.0,25.8,1.00,1.00,24.8,84,42,65,0.7,13.3
2023-06-18,63,26.6,29.4,24.4,19.00,19.00,32.1,94,62,79,13.9,22.5
2023-06-19,63,25.5,30.2,24.2,51.50,51.50,26.2,94,65,89,13.5,20.4
2023-06-20,65,26.8,32.4,23.4,38.60,38.60,22.1,94,63,82,4.9,14.0
2023-06-21,53,29.6,34.8,25.0,0.90,0.90,23.9,91,50,71,0.5,13.7
2023-06-22,3,30.8,35.2,26.5,0.00,0.00,23.5,80,45,64,4.3,16.8
2023-06-23,53,31.2,35.8,27.0,0.60,0.60,22.5,79,46,62,5.4,15.7
2023-06-24,55,31.4,37.3,27.2,1.00,1.00,21.4,78,41,61,1.1,11.9
2023-06-25,61,28.6,31.0,25.6,3.20,3.20,21.2,93,57,72,4.5,10.2
2023-06-26,61,27.8,33.3,25.0,3.40,3.40,10.4,92,51,78,1.8,6.4
2023-06-27,51,28.5,33.5,24.6,0.30,0.30,11.2,89,52,75,2.4,7.6
2023-06-28,61,28.9,33.7,24.8,2.60,2.60,11.5,91,56,74,0.5,5.6
2023-06-29,63,26.9,31.8,24.6,19.00,19.00,12.2,96,65,85,1.1,6.1
2023-06-30,65,27.3,33.2,24.5,29.40,29.40,12.3,98,54,84,0.8,6.7
2023-07-01,53,28.8,34.1,24.6,0.80,0.80,19.2,98,53,76,2.5,11.3
2023-07-02,51,29.3,34.2,25.1,0.10,0.10,23.3,88,53,72,6.7,12.9
2023-07-03,53,30.6,35.2,26.1,0.90,0.90,15.3,84,46,67,5.4,9.8
2023-07-04,61,30.1,36.3,26.0,2.60,2.60,25.6,92,42,72,5.3,11.3
2023-07-05,53,29.1,35.0,25.1,1.90,1.90,23.8,94,52,77,2.2,7.5
2023-07-06,51,29.1,33.7,25.5,0.40,0.40,13.8,92,56,75,1.9,6.5
2023-07-07,63,28.8,33.2,25.8,20.50,20.50,9.7,94,59,78,2.6,7.0
2023-07-08,65,27.7,32.1,25.1,22.60,22.60,13.1,97,63,84,1.5,6.7
2023-07-09,65,26.9,32.0,24.5,31.00,31.00,8.7,99,64,88,1.5,4.2
2023-07-10,65,26.7,30.4,24.3,22.50,22.50,8.6,99,74,89,0.5,4.2
2023-07-11,61,28.8,33.8,25.0,2.80,2.80,16.1,97,49,77,2.9,9.1
2023-07-12,51,29.6,34.0,25.1,0.10,0.10,12.8,97,50,74,4.0,8.0
2023-07-13,53,29.4,33.7,26.2,1.90,1.90,17.8,89,54,76,4.7,10.8
2023-07-14,51,28.9,33.2,26.2,0.50,0.50,20.5,92,58,77,3.3,11.4
2023-07-15,55,28.4,32.9,25.7,3.30,3.30,17.8,97,61,80,2.1,12.3
2023-07-16,63,26.5,30.4,24.7,30.90,30.90,15.4,97,69,90,3.7,8.8
2023-07-17,55,28.4,32.6,25.0,1.60,1.60,13.8,98,61,81,0.7,7.4
2023-07-18,61,28.1,32.3,25.0,4.20,4.20,11.5,94,64,83,2.6,6.5
2023-07-19,53,28.6,32.3,25.1,1.00,1.00,13.0,99,64,81,3.3,9.0
2023-07-20,51,30.1,34.2,26.4,0.20,0.20,14.2,93,56,76,4.8,10.0
2023-07-21,51,30.8,34.4,27.5,0.50,0.50,17.3,84,56,71,4.9,10.4
2023-07-22,3,30.3,34.0,26.7,0.00,0.00,22.0,87,57,72,5.8,16.8
2023-07-23,61,29.1,32.7,25.6,2.90,2.90,25.3,92,62,77,10.4,18.3
2023-07-24,53,29.3,33.2,26.4,2.40,2.40,17.4,90,60,78,3.6,9.6
2023-07-25,61,28.3,33.0,24.7,5.90,5.90,9.2,97,65,83,1.4,5.2
2023-07-26,63,28.0,32.0,24.8,8.70,8.70,9.0,97,63,83,0.8,4.7
2023-07-27,63,27.4,31.9,24.8,5.70,5.70,9.7,99,65,86,1.4,4.0
2023-07-28,63,27.7,31.7,25.2,4.40,4.40,17.1,96,65,84,4.3,9.1
2023-07-29,63,25.3,27.9,23.8,21.90,21.90,16.9,97,81,91,4.1,11.5
2023-07-30,61,26.7,30.8,23.8,6.00,6.00,17.5,96,67,83,6.5,12.0
2023-07-31,51,27.8,31.6,25.0,1.00,1.00,19.0,90,62,79,8.9,12.6
2023-08-01,53,28.4,32.4,24.9,1.40,1.40,16.0,93,61,78,8.0,12.6
2023-08-02,51,28.9,32.5,25.3,0.50,0.50,22.2,91,63,75,12.0,15.5
2023-08-03,3,28.6,32.3,25.5,0.00,0.00,21.3,88,54,72,5.7,13.4
2023-08-04,61,27.6,31.8,25.5,4.60,4.60,18.4,91,64,80,1.6,11.0
2023-08-05,51,29.1,32.2,26.0,0.10,0.10,17.9,82,58,71,6.9,12.1
2023-08-06,3,28.6,33.0,25.6,0.00,0.00,22.0,84,51,70,14.1,17.4
2023-08-07,51,27.7,31.4,24.9,0.10,0.10,23.7,85,56,72,16.2,18.8
2023-08-08,3,27.8,32.3,24.3,0.00,0.00,23.2,88,52,71,10.1,17.7
2023-08-09,3,27.9,32.3,24.5,0.00,0.00,21.0,89,49,70,7.6,14.8
2023-08-10,3,28.0,31.9,24.3,0.00,0.00,19.4,90,52,70,6.2,12.5
2023-08-11,3,28.4,32.7,24.6,0.00,0.00,15.2,84,47,67,7.3,11.8
2023-08-12,3,28.5,32.9,24.6,0.00,0.00,19.5,82,47,64,10.9,15.5
2023-08-13,3,27.7,31.8,25.1,0.00,0.00,19.6,83,55,70,9.2,14.4
2023-08-14,51,27.5,30.5,24.4,0.20,0.20,11.5,84,60,73,4.0,8.4
2023-08-15,53,28.1,33.0,24.5,2.10,2.10,11.4,93,52,74,2.8,6.8
2023-08-16,51,29.0,34.0,25.5,0.40,0.40,16.8,83,47,68,1.8,10.6
2023-08-17,3,29.4,33.8,25.5,0.00,0.00,18.2,79,49,64,5.4,13.6
2023-08-18,53,29.2,33.9,24.9,1.20,1.20,17.3,81,47,65,4.6,11.5
2023-08-19,53,29.1,33.0,26.1,1.10,1.10,14.8,83,57,70,4.6,10.0
2023-08-20,61,29.4,34.4,26.4,2.60,2.60,16.0,90,55,76,2.0,8.2
2023-08-21,51,29.6,34.2,25.9,1.00,1.00,11.9,95,58,78,1.5,5.3
2023-08-22,63,29.4,35.1,27.0,10.50,10.50,16.6,87,56,79,1.3,11.4
2023-08-23,51,28.1,31.0,26.1,0.30,0.30,20.7,86,62,71,9.8,16.1
2023-08-24,51,27.4,31.0,24.8,0.10,0.10,19.2,81,51,67,5.9,14.4
2023-08-25,3,27.4,31.3,24.4,0.00,0.00,17.8,80,51,67,5.2,13.3
2023-08-26,3,27.8,32.8,24.4,0.00,0.00,18.9,78,41,64,6.4,13.3
2023-08-27,2,27.6,32.3,23.2,0.00,0.00,20.5,76,43,60,11.5,14.7
2023-08-28,1,28.3,33.0,24.7,0.00,0.00,20.2,72,48,60,11.5,15.2
2023-08-29,1,28.4,32.8,24.1,0.00,0.00,19.3,75,46,61,6.2,11.8
2023-08-30,51,28.0,33.7,24.5,0.30,0.30,16.1,90,46,68,3.1,9.0
2023-08-31,1,29.5,34.5,24.4,0.00,0.00,18.6,88,39,59,2.5,9.8
2023-09-01,1,30.4,35.0,26.1,0.00,0.00,18.4,63,37,51,8.5,12.7
2023-09-02,0,30.4,35.2,26.5,0.00,0.00,21.3,62,36,49,9.9,14.9
2023-09-03,0,29.5,34.8,25.4,0.00,0.00,21.1,65,34,49,6.8,14.3
2023-09-04,2,30.2,34.9,25.6,0.00,0.00,21.2,67,36,49,9.7,14.5
2023-09-05,51,30.2,35.8,25.8,0.10,0.10,20.9,75,35,51,5.6,14.6
2023-09-06,51,28.9,34.8,25.2,0.10,0.10,18.7,91,43,69,3.9,11.0
2023-09-07,51,28.9,34.5,24.2,0.10,0.10,14.6,92,43,69,2.9,8.9
2023-09-08,51,29.3,34.2,25.7,0.30,0.30,17.4,88,47,69,5.9,12.2
2023-09-09,61,27.6,33.4,24.6,1.70,1.70,21.4,95,52,77,8.7,14.0
2023-09-10,53,27.7,33.8,24.4,1.80,1.80,19.7,94,49,75,4.4,11.6
2023-09-11,53,27.8,32.5,23.6,1.80,1.80,15.0,99,55,77,1.5,8.2
2023-09-12,51,28.5,32.5,24.5,0.70,0.70,14.4,89,54,71,2.5,8.3
2023-09-13,61,28.1,32.8,24.0,3.10,3.10,13.0,96,56,76,3.2,6.8
2023-09-14,65,28.1,33.2,25.4,37.00,37.00,13.5,96,55,78,2.7,7.6
2023-09-15,3,28.7,33.6,24.1,0.00,0.00,14.3,99,54,76,2.3,8.0
2023-09-16,61,27.5,29.9,24.9,3.60,3.60,28.1,92,68,81,13.0,20.4
2023-09-17,53,25.6,29.5,23.5,3.60,3.60,28.8,97,67,85,13.3,20.5
2023-09-18,51,25.4,29.2,22.7,1.80,1.80,27.2,90,65,79,8.4,17.7
2023-09-19,51,27.2,31.3,23.5,0.30,0.30,17.2,92,57,76,5.0,11.1
2023-09-20,51,28.4,32.4,24.2,0.10,0.10,8.2,91,58,73,3.8,6.2
2023-09-21,55,28.2,33.3,25.4,1.10,1.10,12.6,95,53,75,1.5,5.9
2023-09-22,51,28.1,33.0,24.7,0.60,0.60,12.5,95,54,75,1.8,7.4
2023-09-23,63,27.1,31.0,24.0,3.70,3.70,17.7,88,60,76,2.3,8.0
2023-09-24,51,27.9,33.5,24.4,0.50,0.50,19.3,87,46,70,1.0,7.6
2023-09-25,53,27.4,32.0,23.4,0.80,0.80,11.9,88,54,72,2.7,6.2
2023-09-26,51,27.6,32.5,23.9,0.30,0.30,9.9,93,53,72,1.6,5.3
2023-09-27,1,28.1,33.2,24.4,0.00,0.00,10.5,81,39,60,2.6,7.1
2023-09-28,3,27.3,33.8,22.1,0.00,0.00,9.7,60,27,45,3.8,7.0
2023-09-29,3,27.5,34.3,21.5,0.00,0.00,10.6,58,22,39,0.7,7.1
2023-09-30,3,27.8,35.2,21.5,0.00,0.00,13.4,66,21,42,5.0,8.5
2023-10-01,3,27.3,34.2,21.2,0.00,0.00,11.3,69,22,42,5.2,8.3
2023-10-02,3,27.6,35.2,20.9,0.00,0.00,14.3,55,20,35,1.5,7.9
2023-10-03,3,27.3,33.8,20.9,0.00,0.00,14.1,47,22,34,3.3,8.5
2023-10-04,0,27.0,34.7,20.4,0.00,0.00,16.6,52,17,32,5.2,10.1
2023-10-05,0,27.4,35.0,20.8,0.00,0.00,20.2,52,23,37,4.2,12.2
2023-10-06,0,28.3,35.2,23.0,0.00,0.00,19.6,55,23,39,7.9,15.6
2023-10-07,0,28.4,35.0,23.1,0.00,0.00,17.8,66,28,47,7.1,13.9
2023-10-08,0,28.6,34.7,23.5,0.00,0.00,19.2,67,32,49,9.0,14.5
2023-10-09,0,28.9,34.3,24.2,0.00,0.00,21.2,67,30,47,9.5,15.9
2023-10-10,1,28.5,33.6,23.5,0.00,0.00,15.5,71,34,49,7.9,12.1
2023-10-11,0,27.4,34.3,22.2,0.00,0.00,14.2,56,22,38,6.6,10.0
2023-10-12,0,27.2,34.2,20.1,0.00,0.00,13.0,56,25,38,4.0,8.7
2023-10-13,3,28.2,34.5,22.0,0.00,0.00,13.2,57,25,39,6.9,9.4
2023-10-14,3,28.5,34.2,22.1,0.00,0.00,11.6,56,24,37,1.3,7.6
2023-10-15,3,27.5,33.2,22.5,0.00,0.00,14.4,54,31,40,5.5,9.7
2023-10-16,51,25.7,32.7,21.0,0.20,0.20,18.7,72,26,45,4.4,11.6
2023-10-17,53,23.4,30.4,19.5,0.80,0.80,17.3,84,29,63,3.3,9.9
2023-10-18,51,23.8,30.0,19.0,0.10,0.10,11.1,84,22,50,3.1,6.7
2023-10-19,0,23.7,30.9,16.9,0.00,0.00,9.9,84,23,49,1.5,7.0
2023-10-20,1,24.7,31.2,19.1,0.00,0.00,11.4,70,23,45,1.8,7.9
2023-10-21,1,25.1,31.6,19.0,0.00,0.00,11.4,69,24,45,1.1,6.3
2023-10-22,1,25.2,32.0,19.8,0.00,0.00,12.8,62,24,42,4.1,8.1
2023-10-23,0,24.9,31.0,19.0,0.00,0.00,13.6,68,22,40,2.5,9.0
2023-10-24,1,24.2,30.8,18.0,0.00,0.00,14.4,76,24,41,1.6,8.3
2023-10-25,0,24.4,30.9,17.8,0.00,0.00,17.0,77,22,41,0.4,9.2
2023-10-26,0,24.0,31.2,18.1,0.00,0.00,19.2,67,18,38,6.6,10.3
2023-10-27,3,23.8,31.0,16.9,0.00,0.00,10.7,60,24,39,3.5,7.0
2023-10-28,3,24.7,30.8,19.2,0.00,0.00,9.4,54,26,41,3.1,7.1
2023-10-29,3,25.4,32.5,19.6,0.00,0.00,15.3,63,22,42,5.4,9.2
2023-10-30,3,25.1,32.2,19.5,0.00,0.00,10.0,76,23,43,1.6,7.2
2023-10-31,3,25.5,32.5,19.2,0.00,0.00,10.9,66,18,41,1.5,7.5
2023-11-01,1,24.7,31.4,19.1,0.00,0.00,10.0,73,23,47,5.4,7.8
2023-11-02,1,24.8,31.0,18.5,0.00,0.00,12.0,69,22,40,1.6,6.5
2023-11-03,1,24.9,31.4,18.4,0.00,0.00,16.2,73,20,37,2.3,9.2
2023-11-04,3,23.6,30.2,17.5,0.00,0.00,9.9,71,24,45,1.5,6.4
2023-11-05,1,24.5,30.8,19.0,0.00,0.00,14.3,64,25,39,1.9,8.5
2023-11-06,2,24.0,30.4,18.6,0.00,0.00,13.2,69,26,42,2.9,8.3
2023-11-07,1,24.1,31.1,17.5,0.00,0.00,10.5,65,23,41,4.2,6.9
2023-11-08,3,24.7,30.8,18.4,0.00,0.00,14.9,53,23,35,3.5,8.9
2023-11-09,3,24.7,30.8,18.8,0.00,0.00,10.7,66,24,39,3.0,6.6
2023-11-10,2,23.1,29.5,18.5,0.00,0.00,15.6,80,30,48,5.4,9.3
2023-11-11,3,20.2,26.5,15.0,0.00,0.00,11.8,99,35,68,2.9,7.6
2023-11-12,1,19.8,26.2,14.4,0.00,0.00,9.4,88,32,59,1.9,7.1
2023-11-13,3,20.4,26.2,14.5,0.00,0.00,8.6,84,36,57,3.8,6.7
2023-11-14,3,20.6,25.2,16.5,0.00,0.00,9.6,83,40,61,5.6,6.7
2023-11-15,0,19.8,26.2,14.2,0.00,0.00,8.9,88,28,57,0.4,5.8
2023-11-16,0,19.4,25.8,13.9,0.00,0.00,9.3,75,30,54,6.1,7.4
2023-11-17,3,19.3,25.2,14.1,0.00,0.00,9.7,88,31,59,1.8,6.1
2023-11-18,3,19.7,25.2,15.2,0.00,0.00,8.2,72,36,54,0.8,4.2
2023-11-19,0,19.3,26.2,14.1,0.00,0.00,9.2,78,34,56,4.0,6.8
2023-11-20,0,20.0,26.8,14.1,0.00,0.00,8.4,88,32,59,1.5,5.5
2023-11-21,3,19.8,26.8,14.4,0.00,0.00,13.7,86,30,59,5.1,8.3
2023-11-22,0,18.8,25.6,12.6,0.00,0.00,9.8,79,25,50,2.6,7.4
2023-11-23,0,19.3,26.1,12.6,0.00,0.00,9.9,80,25,48,4.2,7.1
2023-11-24,1,19.5,26.2,13.2,0.00,0.00,9.4,86,30,54,0.5,5.4
2023-11-25,3,18.9,25.5,13.3,0.00,0.00,9.9,90,31,61,6.6,8.2
2023-11-26,3,19.6,25.2,14.8,0.00,0.00,19.7,90,29,62,6.5,12.1
2023-11-27,61,18.1,21.9,15.3,2.50,2.50,17.4,88,50,71,2.1,9.3
2023-11-28,53,17.1,20.6,14.1,0.90,0.90,11.2,96,65,82,4.1,7.5
2023-11-29,51,17.8,23.2,13.9,0.30,0.30,8.9,95,47,77,5.9,7.3
2023-11-30,51,18.4,24.1,14.3,0.10,0.10,12.0,95,43,77,2.3,6.6
2023-12-01,1,18.0,24.0,14.1,0.00,0.00,11.8,97,47,79,5.3,7.8
2023-12-02,1,18.6,23.9,14.4,0.00,0.00,12.9,95,43,73,7.9,10.1
2023-12-03,53,18.1,23.1,15.0,1.10,1.10,13.0,95,52,76,5.4,10.4
2023-12-04,51,17.3,22.5,13.8,0.40,0.40,11.9,96,53,77,5.5,8.7
2023-12-05,0,17.1,22.9,13.2,0.00,0.00,12.1,87,42,65,6.4,9.9
2023-12-06,0,16.5,22.4,12.4,0.00,0.00,11.0,74,35,59,5.6,8.0
2023-12-07,0,17.3,23.4,12.9,0.00,0.00,11.6,78,38,57,1.1,7.9
2023-12-08,3,18.0,24.2,12.4,0.00,0.00,10.6,79,38,61,2.2,6.3
2023-12-09,0,17.9,24.1,12.4,0.00,0.00,11.2,83,33,55,1.1,4.3
2023-12-10,3,16.6,23.8,10.9,0.00,0.00,10.5,82,24,52,3.6,6.9
2023-12-11,0,16.0,23.0,10.6,0.00,0.00,11.0,83,37,60,4.1,8.3
2023-12-12,0,16.4,23.0,11.3,0.00,0.00,10.6,80,36,61,4.5,7.4
2023-12-13,3,16.7,23.4,10.8,0.00,0.00,9.0,85,33,60,3.4,6.7
2023-12-14,3,16.4,23.3,10.0,0.00,0.00,11.3,80,33,57,0.4,6.7
2023-12-15,1,16.8,22.5,11.9,0.00,0.00,10.4,74,37,55,2.5,6.6
2023-12-16,1,16.3,23.2,10.4,0.00,0.00,10.6,88,37,63,3.3,6.8
2023-12-17,2,16.4,23.7,10.0,0.00,0.00,14.9,89,26,57,1.6,6.2
2023-12-18,2,15.9,22.3,11.4,0.00,0.00,14.7,82,20,49,7.1,11.0
2023-12-19,3,14.8,22.0,9.2,0.00,0.00,11.0,76,27,51,5.4,8.6
2023-12-20,3,15.0,20.9,9.8,0.00,0.00,9.3,68,30,49,0.0,6.0
2023-12-21,3,15.5,22.9,9.6,0.00,0.00,9.4,68,27,51,1.8,5.8
2023-12-22,3,15.6,23.2,9.1,0.00,0.00,10.4,72,27,51,1.5,7.0
2023-12-23,51,16.2,23.2,11.4,0.10,0.10,12.8,92,36,64,5.4,8.1
2023-12-24,3,15.3,22.8,9.9,0.00,0.00,9.3,98,37,73,3.7,6.8
2023-12-25,3,16.1,24.0,9.9,0.00,0.00,9.5,93,32,65,2.2,6.0
2023-12-26,3,17.0,25.0,10.0,0.00,0.00,9.8,87,26,58,2.6,7.4
2023-12-27,3,16.3,24.5,9.9,0.00,0.00,12.1,87,23,61,3.4,7.8
2023-12-28,0,15.3,23.0,10.4,0.00,0.00,10.3,94,34,71,5.6,7.6
2023-12-29,3,13.9,21.5,9.9,0.00,0.00,11.5,100,38,80,6.0,8.5
2023-12-30,3,13.5,21.2,9.1,0.00,0.00,11.5,100,36,77,4.3,7.9
2023-12-31,1,13.5,21.2,8.8,0.00,0.00,11.3,99,45,78,5.4,8.5
2024-01-01,3,12.6,20.8,7.9,0.00,0.00,9.2,100,32,78,3.2,6.6
2024-01-02,3,11.6,18.8,7.2,0.00,0.00,8.4,100,55,86,3.7,6.0
2024-01-03,3,11.3,17.6,7.1,0.00,0.00,7.9,100,59,85,2.5,5.9
2024-01-04,3,10.9,17.9,6.2,0.00,0.00,8.4,100,54,84,1.8,5.1
2024-01-05,3,10.7,17.4,6.3,0.00,0.00,10.0,100,55,84,2.4,6.5
2024-01-06,0,10.7,17.6,6.1,0.00,0.00,9.7,98,57,82,2.5,6.2
2024-01-07,0,10.7,18.0,5.4,0.00,0.00,8.2,98,54,82,4.3,6.4
2024-01-08,0,12.4,19.4,6.9,0.00,0.00,11.3,97,61,84,5.9,8.6
2024-01-09,3,12.9,19.4,8.6,0.00,0.00,11.0,98,55,84,4.3,7.3
2024-01-10,3,11.2,19.2,6.1,0.00,0.00,10.4,100,37,75,3.6,7.4
2024-01-11,0,11.7,19.9,4.2,0.00,0.00,7.9,93,33,65,1.1,4.2
2024-01-12,1,13.5,21.0,6.3,0.00,0.00,9.2,91,38,64,0.5,5.3
2024-01-13,3,14.5,22.0,7.3,0.00,0.00,10.0,90,46,68,3.3,6.2
2024-01-14,3,14.8,22.2,8.4,0.00,0.00,8.9,95,40,72,0.0,5.1
2024-01-15,3,14.2,20.8,7.7,0.00,0.00,7.9,96,43,69,1.5,4.8
2024-01-16,3,14.0,20.7,6.7,0.00,0.00,11.7,95,42,68,1.8,6.4
2024-01-17,3,13.3,20.5,8.6,0.00,0.00,11.3,96,37,71,5.4,9.0
2024-01-18,3,12.6,20.5,6.9,0.00,0.00,10.1,99,45,77,0.5,5.8
2024-01-19,3,11.9,19.8,7.8,0.00,0.00,12.3,100,49,83,3.4,7.2
2024-01-20,3,10.9,18.9,6.2,0.00,0.00,9.4,100,38,79,3.0,6.4
2024-01-21,3,12.4,20.3,7.2,0.00,0.00,10.7,100,34,76,4.1,6.9
2024-01-22,3,12.5,20.2,6.7,0.00,0.00,10.1,100,39,76,5.4,7.7
2024-01-23,3,13.5,20.9,8.4,0.00,0.00,8.6,100,35,74,3.7,6.4
2024-01-24,1,13.9,20.6,8.5,0.00,0.00,10.7,97,35,71,1.5,6.2
2024-01-25,3,13.0,20.0,7.8,0.00,0.00,10.2,100,40,75,2.9,7.2
2024-01-26,3,13.5,21.5,6.4,0.00,0.00,10.8,100,40,73,3.3,7.2
2024-01-27,3,15.3,23.2,8.7,0.00,0.00,11.2,92,38,68,3.4,7.7
2024-01-28,3,16.7,23.7,10.3,0.00,0.00,13.7,89,38,65,2.5,9.0
2024-01-29,3,16.9,24.1,10.9,0.00,0.00,10.3,92,31,63,1.1,6.5
2024-01-30,3,16.8,23.3,11.0,0.00,0.00,9.6,93,43,71,3.3,6.0
2024-01-31,51,17.8,23.9,12.7,0.50,0.50,15.1,97,42,70,0.4,9.0
2024-02-01,1,17.7,25.2,11.7,0.00,0.00,16.8,97,26,65,5.6,10.6
2024-02-02,3,16.5,22.6,12.4,0.00,0.00,15.3,100,27,63,6.1,10.0
2024-02-03,53,16.5,22.9,10.1,0.90,0.90,11.9,83,36,60,1.0,7.7
2024-02-04,61,17.9,23.4,14.4,5.30,5.30,27.1,99,54,83,3.4,10.5
2024-02-05,3,16.2,21.5,11.9,0.00,0.00,12.3,100,37,73,3.8,8.4
2024-02-06,3,14.3,20.8,9.2,0.00,0.00,11.6,89,29,57,0.5,8.0
2024-02-07,3,15.0,21.2,10.9,0.00,0.00,14.4,65,30,50,1.8,9.3
2024-02-08,1,13.9,21.0,9.1,0.00,0.00,16.6,76,24,51,7.1,12.5
2024-02-09,0,14.0,21.5,7.3,0.00,0.00,11.0,68,24,44,2.9,7.8
2024-02-10,0,14.7,22.2,8.6,0.00,0.00,9.5,73,22,48,5.1,7.4
2024-02-11,0,14.8,22.6,9.1,0.00,0.00,9.8,89,25,57,0.8,5.8
2024-02-12,3,15.0,21.7,9.2,0.00,0.00,9.2,82,26,55,3.9,6.2
2024-02-13,3,16.5,23.4,10.4,0.00,0.00,11.2,88,32,57,0.8,6.7
2024-02-14,51,18.1,24.2,13.4,0.10,0.10,11.9,74,29,50,1.5,8.3
2024-02-15,0,17.4,25.0,10.9,0.00,0.00,10.4,88,25,49,1.1,6.5
2024-02-16,0,17.6,25.5,11.6,0.00,0.00,12.0,78,23,50,2.9,6.7
2024-02-17,0,19.6,26.9,11.4,0.00,0.00,9.7,72,19,38,2.0,7.2
2024-02-18,3,20.9,27.7,15.4,0.00,0.00,16.7,54,25,36,0.4,8.2
2024-02-19,0,21.0,30.4,13.1,0.00,0.00,29.5,75,21,49,6.6,13.5
2024-02-20,1,22.3,27.2,18.4,0.00,0.00,20.7,74,29,51,9.8,14.5
2024-02-21,3,20.1,26.0,14.3,0.00,0.00,13.2,57,20,36,2.6,7.4
2024-02-22,3,18.1,23.8,13.7,0.00,0.00,14.5,63,18,35,4.7,10.4
2024-02-23,0,17.1,24.0,11.8,0.00,0.00,17.6,55,18,35,4.3,10.4
2024-02-24,51,16.3,22.2,12.0,0.90,0.90,29.0,55,34,45,9.0,14.6
2024-02-25,3,17.8,24.2,11.9,0.00,0.00,22.7,55,20,36,9.4,13.7
2024-02-26,3,17.7,22.9,14.1,0.00,0.00,18.6,55,23,39,10.9,14.1
2024-02-27,51,18.0,25.0,13.1,0.10,0.10,17.9,64,28,47,6.6,11.6
2024-02-28,0,18.5,25.3,12.6,0.00,0.00,13.3,65,27,45,3.6,9.3
2024-02-29,1,19.7,27.4,12.4,0.00,0.00,10.0,73,27,49,4.6,7.7
2024-03-01,63,21.1,30.3,15.6,2.60,2.60,23.6,79,32,56,6.5,13.4
2024-03-02,53,20.0,24.8,15.8,1.60,1.60,17.4,93,48,67,5.2,11.5
2024-03-03,0,17.5,23.6,13.4,0.00,0.00,16.9,98,22,55,2.7,9.2
2024-03-04,0,15.9,22.4,10.6,0.00,0.00,13.4,47,14,30,2.2,8.8
2024-03-05,3,16.3,23.1,10.3,0.00,0.00,15.5,56,20,36,2.9,10.5
2024-03-06,51,17.4,24.4,11.6,0.40,0.40,11.4,48,16,32,3.8,8.5
2024-03-07,2,18.7,26.8,11.1,0.00,0.00,18.8,57,20,35,1.8,7.1
2024-03-08,0,19.6,26.5,13.1,0.00,0.00,18.4,67,24,42,5.4,9.0
2024-03-09,3,20.2,27.2,13.9,0.00,0.00,18.6,54,20,34,5.8,11.4
2024-03-10,3,21.0,28.7,13.5,0.00,0.00,10.1,58,20,37,2.4,7.3
2024-03-11,1,23.2,30.4,16.4,0.00,0.00,13.0,52,25,39,5.3,9.4
2024-03-12,1,23.4,31.2,16.1,0.00,0.00,14.0,62,18,38,0.7,8.9
2024-03-13,1,23.2,30.9,15.4,0.00,0.00,28.1,64,16,36,6.8,13.6
2024-03-14,0,22.6,29.6,15.6,0.00,0.00,16.5,67,20,39,6.0,9.1
2024-03-15,0,22.4,29.0,16.8,0.00,0.00,17.8,53,17,31,8.0,13.1
2024-03-16,3,21.1,28.1,15.2,0.00,0.00,13.7,50,18,28,3.1,8.8
2024-03-17,3,22.3,29.5,15.9,0.00,0.00,14.8,52,13,26,5.2,9.3
2024-03-18,0,23.1,30.2,15.6,0.00,0.00,16.2,53,11,28,2.5,9.6
2024-03-19,51,23.8,32.0,16.2,0.60,0.60,21.2,56,14,30,2.9,11.1
2024-03-20,3,23.6,31.1,17.0,0.00,0.00,12.0,51,15,31,2.9,8.1
2024-03-21,3,24.9,31.2,17.6,0.00,0.00,13.1,50,19,30,4.4,9.3
2024-03-22,3,26.0,35.2,17.8,0.00,0.00,14.5,59,10,31,6.6,10.4
2024-03-23,3,27.5,35.7,19.6,0.00,0.00,15.2,54,13,27,0.8,9.6
2024-03-24,3,27.5,34.5,20.4,0.00,0.00,21.7,44,18,29,2.3,9.8
2024-03-25,1,27.3,35.0,19.4,0.00,0.00,17.5,61,15,33,2.3,8.8
2024-03-26,3,29.2,36.5,21.5,0.00,0.00,17.6,55,15,28,1.3,7.5
2024-03-27,3,29.9,37.2,22.0,0.00,0.00,11.3,44,17,28,1.3,7.3
2024-03-28,3,30.4,38.4,23.3,0.00,0.00,19.8,48,15,28,6.1,9.4
2024-03-29,3,30.1,37.8,23.5,0.00,0.00,17.6,50,13,30,0.4,9.4
2024-03-30,3,29.2,35.8,22.6,0.00,0.00,21.4,33,12,21,4.6,15.2
2024-03-31,2,28.0,34.5,21.5,0.00,0.00,21.0,29,12,20,10.0,14.2
2024-04-01,3,26.7,33.5,20.0,0.00,0.00,22.5,55,10,27,3.3,13.6
2024-04-02,3,27.2,34.5,19.1,0.00,0.00,18.5,42,12,21,3.4,8.7
2024-04-03,3,28.1,35.5,20.7,0.00,0.00,14.0,30,14,20,5.4,9.4
2024-04-04,3,28.6,35.4,22.2,0.00,0.00,19.5,29,15,22,6.5,10.0
2024-04-05,3,28.5,33.5,24.1,0.00,0.00,17.4,29,14,22,5.9,10.8
2024-04-06,3,28.2,34.2,22.7,0.00,0.00,19.0,33,13,23,1.8,8.6
2024-04-07,0,28.9,35.8,21.9,0.00,0.00,18.1,27,7,15,6.5,12.2
2024-04-08,1,28.5,37.2,20.5,0.00,0.00,13.2,27,8,14,2.7,9.0
2024-04-09,3,29.7,37.3,22.6,0.00,0.00,15.5,23,8,13,4.6,9.7
2024-04-10,3,29.7,37.0,23.2,0.00,0.00,19.4,32,9,18,7.6,13.7
2024-04-11,3,29.3,36.8,21.5,0.00,0.00,13.7,46,13,28,5.0,9.0
2024-04-12,3,30.4,36.6,23.7,0.00,0.00,16.3,41,11,22,6.8,12.4
2024-04-13,3,28.9,36.2,22.2,0.00,0.00,18.2,65,16,36,6.2,10.9
2024-04-14,61,27.9,35.3,22.9,1.50,1.50,13.5,55,25,40,3.3,9.2
2024-04-15,3,29.3,35.1,24.2,0.00,0.00,23.1,58,21,36,2.6,10.1
2024-04-16,3,29.8,35.7,23.8,0.00,0.00,16.1,49,18,31,10.4,13.8
2024-04-17,3,29.5,36.5,23.0,0.00,0.00,26.3,48,13,28,8.9,14.9
2024-04-18,51,30.4,38.6,23.2,0.50,0.50,31.5,57,15,25,2.9,15.8
2024-04-19,3,31.0,37.5,24.5,0.00,0.00,28.6,47,13,24,6.9,17.5
2024-04-20,3,29.5,35.5,23.4,0.00,0.00,16.6,31,14,22,6.2,12.5
2024-04-21,3,29.3,35.4,23.0,0.00,0.00,13.3,40,18,27,6.8,9.4
2024-04-22,1,29.8,36.4,22.9,0.00,0.00,15.0,35,15,24,1.4,8.7
2024-04-23,1,30.7,37.0,24.0,0.00,0.00,18.1,33,11,20,3.3,10.6
2024-04-24,0,30.5,37.8,22.9,0.00,0.00,21.4,43,9,22,3.9,10.0
2024-04-25,2,31.2,38.3,24.1,0.00,0.00,13.4,27,8,17,2.1,8.0
2024-04-26,3,30.9,37.4,23.9,0.00,0.00,26.9,40,14,24,5.8,12.3
2024-04-27,3,30.5,36.3,25.2,0.00,0.00,24.2,51,9,25,5.9,14.9
2024-04-28,3,30.6,37.3,23.4,0.00,0.00,16.9,36,11,22,5.3,9.4
2024-04-29,1,30.6,37.3,23.2,0.00,0.00,24.9,36,14,22,4.2,14.2
2024-04-30,0,29.3,35.6,22.8,0.00,0.00,21.3,48,6,16,9.7,14.0
2024-05-01,0,27.8,33.5,21.9,0.00,0.00,21.2,36,8,17,11.4,16.2
2024-05-02,3,27.7,35.0,20.0,0.00,0.00,15.2,30,9,18,4.7,10.0
2024-05-03,3,30.9,37.8,22.4,0.00,0.00,13.4,27,7,14,5.5,9.5
2024-05-04,3,32.5,39.0,27.0,0.00,0.00,21.4,30,8,16,4.3,10.3
2024-05-05,3,33.1,39.2,26.6,0.00,0.00,18.7,35,14,22,8.7,14.1
2024-05-06,1,33.5,40.3,24.9,0.00,0.00,16.6,28,11,18,1.8,8.8
2024-05-07,3,35.0,41.6,27.8,0.00,0.00,19.1,26,10,16,3.7,9.4
2024-05-08,1,35.0,42.0,26.6,0.00,0.00,24.6,47,9,21,6.1,14.2
2024-05-09,2,34.5,42.2,26.2,0.00,0.00,21.0,55,8,27,3.6,13.0
2024-05-10,1,34.4,42.2,25.6,0.00,0.00,25.5,39,9,24,2.7,10.1
2024-05-11,51,33.3,39.0,27.8,0.10,0.10,18.6,36,16,25,1.3,10.4
2024-05-12,1,33.5,40.1,26.7,0.00,0.00,21.1,45,12,23,1.8,11.5
2024-05-13,51,32.6,38.3,27.3,0.20,0.20,23.7,40,15,26,3.1,9.1
2024-05-14,3,33.9,40.8,25.4,0.00,0.00,21.3,35,10,20,2.9,9.9
2024-05-15,3,34.5,42.5,26.4,0.00,0.00,16.4,39,6,15,0.5,7.2
2024-05-16,3,35.9,43.5,26.4,0.00,0.00,17.0,26,7,14,4.7,10.2
2024-05-17,3,36.2,43.5,27.6,0.00,0.00,16.6,25,9,15,2.3,8.6
2024-05-18,3,37.2,44.2,29.5,0.00,0.00,20.9,22,9,14,5.8,12.4
2024-05-19,2,37.1,43.8,29.5,0.00,0.00,17.4,19,9,14,5.0,9.4
2024-05-20,3,37.0,43.2,31.2,0.00,0.00,24.1,24,9,15,7.2,13.9
2024-05-21,3,37.3,43.4,31.5,0.00,0.00,21.3,25,9,16,7.3,14.4
2024-05-22,3,37.5,43.8,31.6,0.00,0.00,17.0,33,10,17,2.3,6.9
2024-05-23,3,36.8,44.7,30.3,0.00,0.00,22.4,44,10,25,3.3,14.5
2024-05-24,2,36.1,42.2,30.0,0.00,0.00,20.5,51,16,31,6.6,14.2
2024-05-25,2,37.2,44.3,29.6,0.00,0.00,22.7,44,11,25,4.1,11.6
2024-05-26,2,38.4,45.3,30.8,0.00,0.00,25.2,23,9,16,1.9,11.2
2024-05-27,0,38.3,46.2,31.6,0.00,0.00,20.6,28,6,14,5.7,13.4
2024-05-28,1,37.9,45.2,30.5,0.00,0.00,26.0,30,8,16,6.8,16.6
2024-05-29,0,38.3,45.8,32.1,0.00,0.00,24.9,40,7,23,14.7,20.0
2024-05-30,0,37.5,44.7,30.5,0.00,0.00,22.4,53,7,27,12.3,18.1
2024-05-31,3,37.5,44.3,31.5,0.00,0.00,23.1,38,9,19,9.4,17.7
2024-06-01,3,36.2,41.7,31.5,0.00,0.00,22.7,38,18,27,7.4,16.0
2024-06-02,51,33.2,40.2,28.4,0.20,0.20,24.3,51,20,35,5.0,13.4
2024-06-03,3,35.7,42.3,29.8,0.00,0.00,18.4,45,16,28,9.0,14.2
2024-06-04,2,36.8,42.5,31.4,0.00,0.00,21.9,34,12,21,5.2,16.4
2024-06-05,0,36.1,41.5,30.8,0.00,0.00,24.7,33,17,25,6.6,17.0
2024-06-06,2,35.4,41.5,29.7,0.00,0.00,20.6,40,17,26,0.7,10.6
2024-06-07,2,34.7,41.8,30.0,0.00,0.00,24.1,39,16,28,5.2,12.2
2024-06-08,3,34.1,40.3,28.1,0.00,0.00,23.6,47,16,30,3.9,10.9
2024-06-09,1,35.8,42.1,28.5,0.00,0.00,17.8,38,11,20,1.9,10.4
2024-06-10,3,36.3,42.3,29.5,0.00,0.00,20.1,23,12,17,4.1,10.1
2024-06-11,3,35.7,41.7,29.9,0.00,0.00,20.1,44,14,24,7.3,15.2
2024-06-12,3,36.2,41.8,30.5,0.00,0.00,21.3,41,13,26,11.8,16.8
2024-06-13,61,34.8,41.0,31.4,3.20,3.20,30.0,44,24,32,1.8,15.8
2024-06-14,3,34.8,39.4,29.6,0.00,0.00,24.1,50,21,30,7.2,16.0
2024-06-15,0,35.8,41.8,30.1,0.00,0.00,23.2,44,17,29,9.4,15.8
2024-06-16,1,36.3,41.7,31.1,0.00,0.00,21.5,42,22,32,12.2,17.3
2024-06-17,3,37.0,42.2,32.2,0.00,0.00,22.7,45,23,33,11.5,16.6
2024-06-18,3,36.9,41.5,32.6,0.00,0.00,26.7,43,26,34,14.8,20.8
2024-06-19,3,35.8,40.6,31.7,0.00,0.00,24.5,50,18,38,11.0,18.2
2024-06-20,53,32.7,38.1,28.5,0.90,0.90,22.7,67,35,48,5.5,12.6
2024-06-21,63,29.5,36.4,24.8,4.40,4.40,16.9,89,40,68,3.2,8.5
2024-06-22,3,31.7,37.0,26.5,0.00,0.00,14.1,86,28,54,2.5,7.4
2024-06-23,3,32.4,37.5,27.8,0.00,0.00,7.8,65,37,51,2.3,5.3
2024-06-24,61,31.9,37.1,29.0,2.10,2.10,15.6,71,41,57,1.8,6.9
2024-06-25,63,30.4,35.5,27.4,3.60,3.60,14.7,82,48,67,3.4,7.1
2024-06-26,61,30.6,36.0,27.0,2.70,2.70,14.4,90,48,71,1.4,6.4
2024-06-27,65,28.7,32.8,25.9,25.80,25.80,20.2,95,60,79,3.9,12.3
2024-06-28,61,28.3,32.8,25.2,10.10,10.10,13.3,96,59,80,2.4,7.8
2024-06-29,65,27.3,31.5,26.0,32.40,32.40,11.8,95,69,88,1.5,6.4
2024-06-30,55,29.0,33.3,25.2,2.00,2.00,16.8,96,59,77,4.3,10.5
2024-07-01,51,29.8,34.2,25.3,0.20,0.20,19.4,94,55,72,8.7,12.4
2024-07-02,55,30.1,34.5,25.9,1.20,1.20,18.1,85,55,68,4.3,12.1
2024-07-03,53,29.9,35.6,26.9,3.00,3.00,19.6,95,53,75,0.5,10.6
2024-07-04,65,27.3,30.4,25.2,34.00,34.00,13.4,97,71,88,1.8,7.6
2024-07-05,63,26.8,32.8,24.5,12.90,12.90,17.4,97,63,87,5.9,12.1
2024-07-06,61,27.5,32.7,24.5,4.30,4.30,17.3,96,64,83,2.6,9.2
2024-07-07,55,28.5,33.6,25.8,2.90,2.90,14.2,93,58,77,0.8,8.1
2024-07-08,63,27.2,31.2,23.6,12.10,12.10,10.4,97,68,84,2.1,6.9
2024-07-09,53,29.2,33.6,25.2,1.50,1.50,9.7,96,60,78,3.7,7.1
2024-07-10,63,29.3,32.8,25.2,10.10,10.10,11.7,95,64,80,2.7,6.4
2024-07-11,63,30.1,35.4,26.2,7.80,7.80,22.4,95,52,75,11.3,16.8
2024-07-12,61,28.4,33.5,25.4,4.50,4.50,19.5,93,62,80,5.8,13.9
2024-07-13,61,28.5,33.2,24.7,2.10,2.10,16.5,95,60,78,7.0,11.1
2024-07-14,51,29.2,33.7,25.5,0.70,0.70,14.4,90,57,74,5.4,8.7
2024-07-15,61,29.6,33.2,26.8,2.40,2.40,13.4,88,60,76,5.6,9.9
2024-07-16,51,29.8,33.5,26.3,0.80,0.80,16.7,94,60,77,8.5,13.6
2024-07-17,51,30.6,34.2,27.2,0.40,0.40,14.3,88,60,74,7.3,11.7
2024-07-18,63,29.8,33.5,26.2,5.40,5.40,9.5,97,62,79,2.0,6.1
2024-07-19,51,29.5,34.1,26.1,0.80,0.80,15.6,97,56,78,1.8,7.6
2024-07-20,51,29.9,34.6,25.4,0.30,0.30,11.0,97,55,76,1.1,7.1
2024-07-21,51,30.7,35.0,26.5,0.20,0.20,10.7,93,57,73,1.1,5.9
2024-07-22,63,30.4,34.0,25.9,8.80,8.80,12.0,94,61,74,1.3,5.0
2024-07-23,63,29.7,33.9,25.9,3.10,3.10,20.5,93,58,76,3.4,8.4
2024-07-24,65,28.5,33.5,25.3,17.70,17.70,19.8,98,62,83,1.1,10.6
2024-07-25,63,27.7,32.5,25.4,8.10,8.10,15.2,96,68,87,6.6,11.4
2024-07-26,63,28.1,31.6,25.4,14.00,14.00,14.7,94,69,84,6.1,11.6
2024-07-27,63,28.7,32.6,26.2,12.30,12.30,15.4,94,64,83,2.3,8.3
2024-07-28,63,29.1,32.5,25.6,7.10,7.10,14.3,97,67,82,5.2,10.6
2024-07-29,51,29.7,33.3,26.3,0.60,0.60,20.5,94,62,78,8.3,14.8
2024-07-30,51,29.7,33.0,27.0,1.00,1.00,13.7,90,63,79,6.3,10.5
2024-07-31,63,29.3,32.7,26.2,4.50,4.50,17.3,91,67,80,5.9,10.8
2024-08-01,63,26.2,27.7,24.5,22.00,22.00,15.5,95,83,89,8.4,12.6
2024-08-02,63,26.4,30.1,24.3,12.90,12.90,13.8,96,70,87,3.4,8.9
2024-08-03,51,27.2,30.8,24.5,0.90,0.90,13.8,96,67,83,4.2,10.3
2024-08-04,63,27.7,31.1,24.8,6.90,6.90,20.8,98,66,81,2.4,12.2
2024-08-05,61,25.8,29.4,24.0,10.50,10.50,28.2,95,69,87,14.9,21.7
2024-08-06,53,25.7,28.0,23.9,1.70,1.70,24.8,92,78,85,12.0,17.7
2024-08-07,53,26.4,29.0,24.2,2.00,2.00,20.2,93,73,82,9.8,14.8
2024-08-08,61,25.5,27.8,24.1,10.60,10.60,19.6,94,78,88,9.1,12.8
2024-08-09,55,25.7,29.0,23.8,4.50,4.50,14.7,97,72,87,7.4,10.7
2024-08-10,63,26.2,30.5,23.6,18.70,18.70,17.7,98,71,88,5.8,11.4
2024-08-11,63,25.7,28.9,23.8,21.90,21.90,16.0,98,80,91,1.8,8.3
2024-08-12,63,25.8,29.4,23.4,31.40,31.40,15.1,99,74,89,0.8,8.8
2024-08-13,63,26.2,30.5,23.5,20.60,20.60,18.4,98,70,87,6.5,11.4
2024-08-14,65,26.3,30.1,24.1,26.60,26.60,16.5,98,73,89,8.3,11.1
2024-08-15,65,26.1,29.1,24.5,40.90,40.90,14.8,98,78,91,6.3,10.5
2024-08-16,63,26.0,29.1,24.2,21.90,21.90,13.4,98,77,91,3.7,8.0
2024-08-17,51,27.1,30.6,23.9,0.40,0.40,12.2,100,66,83,1.8,7.3
2024-08-18,51,27.7,31.1,24.6,0.80,0.80,12.8,92,64,79,4.0,8.6
2024-08-19,51,27.6,31.0,24.8,0.10,0.10,15.6,88,66,78,3.7,9.5
2024-08-20,55,27.8,31.0,24.9,2.90,2.90,10.0,93,63,78,1.0,5.9
2024-08-21,55,27.5,31.2,24.8,5.80,5.80,10.9,97,66,84,2.2,5.0
2024-08-22,63,26.7,31.2,24.5,14.20,14.20,10.5,96,67,87,2.9,6.7
2024-08-23,65,26.9,31.3,24.1,9.00,9.00,10.3,97,68,86,3.0,5.8
2024-08-24,63,27.1,31.2,24.0,7.70,7.70,13.0,99,68,85,1.1,7.7
2024-08-25,65,26.4,30.0,24.0,10.60,10.60,24.4,96,70,84,7.3,18.8
2024-08-26,63,25.7,30.0,23.9,17.20,17.20,23.8,97,69,88,13.6,18.6
2024-08-27,61,25.8,29.4,23.2,7.40,7.40,21.5,99,65,84,5.6,14.8
2024-08-28,3,26.4,30.5,23.4,0.00,0.00,15.6,94,58,78,5.5,9.9
2024-08-29,51,26.1,29.1,23.0,1.00,1.00,17.5,94,71,82,7.6,12.0
2024-08-30,63,26.5,30.5,23.7,5.20,5.20,13.4,96,69,84,1.8,7.6
2024-08-31,63,26.6,30.9,23.6,6.20,6.20,9.9,95,69,84,1.8,6.4
2024-09-01,55,27.9,31.5,24.8,2.30,2.30,10.4,95,67,82,2.9,7.2
2024-09-02,63,27.0,30.4,24.9,5.80,5.80,11.6,98,71,87,1.6,7.9
2024-09-03,63,26.8,30.5,24.4,4.90,4.90,16.9,96,71,87,2.2,10.3
2024-09-04,53,26.0,29.4,23.5,2.00,2.00,9.1,99,72,88,0.5,5.8
2024-09-05,63,24.6,27.9,23.1,38.20,38.20,8.0,99,76,92,1.5,4.8
2024-09-06,65,25.6,29.5,23.5,25.00,25.00,5.7,99,71,89,1.3,3.1
2024-09-07,61,25.4,28.5,23.5,10.70,10.70,8.2,99,75,90,1.3,4.9
2024-09-08,63,24.9,27.9,23.0,7.60,7.60,13.2,99,75,90,3.9,8.1
2024-09-09,53,26.2,30.2,23.2,2.50,2.50,7.6,99,69,87,0.5,5.4
2024-09-10,61,26.3,30.4,23.8,5.20,5.20,12.6,97,72,87,0.5,5.0
2024-09-11,63,26.2,30.9,23.4,13.00,13.00,18.2,98,68,88,3.6,9.6
2024-09-12,61,27.0,30.5,25.2,3.50,3.50,25.5,94,64,83,5.5,16.3
2024-09-13,3,26.5,30.2,23.8,0.00,0.00,28.6,92,64,79,9.9,19.7
2024-09-14,51,25.3,29.5,22.0,0.50,0.50,20.5,93,61,78,6.2,11.8
2024-09-15,1,25.4,29.8,21.6,0.00,0.00,16.0,90,59,76,6.5,11.7
2024-09-16,0,25.5,31.0,21.4,0.00,0.00,15.2,86,49,72,6.7,11.8
2024-09-17,3,25.7,30.2,21.9,0.00,0.00,16.1,83,55,74,5.2,11.9
2024-09-18,51,25.8,29.9,22.9,1.00,1.00,23.0,91,59,76,7.1,14.7
2024-09-19,51,24.3,27.5,21.9,0.30,0.30,11.1,98,69,83,0.5,4.4
2024-09-20,51,25.5,29.0,21.9,0.90,0.90,5.4,99,68,84,0.5,3.0
2024-09-21,51,26.7,30.2,23.5,0.30,0.30,8.2,95,65,81,2.2,5.2
2024-09-22,2,27.9,32.2,23.9,0.00,0.00,7.9,91,54,74,1.4,5.1
2024-09-23,2,28.2,32.5,24.3,0.00,0.00,10.2,91,57,74,1.3,5.2
2024-09-24,3,28.7,33.1,24.9,0.00,0.00,6.9,86,53,73,2.1,5.2
2024-09-25,61,28.6,32.7,25.1,2.00,2.00,10.4,88,57,75,3.9,6.6
2024-09-26,51,27.5,31.0,24.3,0.20,0.20,14.2,95,65,80,6.1,11.2
2024-09-27,3,26.9,31.0,23.6,0.00,0.00,14.4,98,61,79,5.8,10.7
2024-09-28,3,26.1,31.2,23.0,0.00,0.00,17.1,94,53,78,4.0,9.7
2024-09-29,3,25.9,31.4,21.5,0.00,0.00,13.2,98,54,79,3.3,7.0
2024-09-30,2,27.3,32.3,22.2,0.00,0.00,12.5,94,49,72,1.8,7.2
2024-10-01,0,28.4,34.3,23.4,0.00,0.00,16.3,77,43,63,5.2,11.2
2024-10-02,0,29.2,34.6,25.6,0.00,0.00,24.5,73,39,58,6.5,16.9
2024-10-03,1,28.6,34.8,24.5,0.00,0.00,20.6,75,34,57,7.4,15.6
2024-10-04,0,27.5,33.6,23.5,0.00,0.00,17.8,72,41,60,7.0,12.5
2024-10-05,1,27.2,32.2,22.6,0.00,0.00,15.5,80,42,61,3.3,10.3
2024-10-06,2,27.2,32.5,22.6,0.00,0.00,12.2,76,42,60,2.4,8.2
2024-10-07,0,27.8,33.0,22.7,0.00,0.00,9.9,78,35,56,2.0,6.1
2024-10-08,1,27.5,33.3,21.5,0.00,0.00,9.9,73,30,50,4.0,6.3
2024-10-09,1,27.8,33.3,22.9,0.00,0.00,11.9,72,31,51,2.7,7.0
2024-10-10,3,26.9,32.0,22.6,0.00,0.00,11.2,73,43,58,0.0,5.8
2024-10-11,3,26.5,32.2,20.7,0.00,0.00,12.3,86,25,55,1.5,7.6
2024-10-12,3,26.5,31.7,21.7,0.00,0.00,9.4,81,35,57,4.5,7.0
2024-10-13,3,25.7,30.2,22.4,0.00,0.00,12.1,78,46,63,3.6,7.3
2024-10-14,3,26.1,31.8,20.6,0.00,0.00,9.4,86,38,59,0.2,4.9
2024-10-15,3,26.4,32.0,20.5,0.00,0.00,10.1,63,25,44,2.2,6.2
2024-10-16,3,26.5,32.8,19.8,0.00,0.00,9.6,61,26,42,2.5,7.3
2024-10-17,3,27.2,32.7,21.4,0.00,0.00,9.6,62,28,45,2.7,6.8
2024-10-18,0,26.8,32.8,21.2,0.00,0.00,9.9,61,31,48,4.2,7.1
2024-10-19,0,27.2,33.7,22.0,0.00,0.00,11.0,61,25,44,1.1,7.3
2024-10-20,1,26.9,33.0,21.6,0.00,0.00,10.6,58,25,45,2.7,7.6
2024-10-21,1,26.5,33.0,21.0,0.00,0.00,12.2,68,28,47,4.6,8.0
2024-10-22,1,26.2,31.9,21.0,0.00,0.00,8.7,68,31,50,2.7,5.8
2024-10-23,1,26.0,31.8,20.8,0.00,0.00,12.4,70,28,49,1.0,7.0
2024-10-24,0,25.5,31.9,20.2,0.00,0.00,18.2,73,29,50,7.3,11.6
2024-10-25,0,25.8,32.8,20.0,0.00,0.00,13.5,70,26,49,5.6,10.0
2024-10-26,0,26.5,33.3,20.7,0.00,0.00,13.4,65,28,49,3.5,8.0
2024-10-27,1,26.1,32.5,19.9,0.00,0.00,9.4,81,36,59,0.9,5.3
2024-10-28,0,25.7,32.1,20.5,0.00,0.00,11.2,89,40,64,5.7,8.1
2024-10-29,0,26.7,33.5,20.8,0.00,0.00,11.6,77,31,56,2.8,7.5
2024-10-30,0,27.8,34.7,22.6,0.00,0.00,12.9,61,20,39,3.1,9.9
2024-10-31,0,27.2,33.4,21.6,0.00,0.00,14.1,49,24,36,7.4,11.5
2024-11-01,0,26.1,32.5,19.9,0.00,0.00,15.4,63,27,44,4.4,9.6
2024-11-02,0,26.1,32.2,20.0,0.00,0.00,9.9,61,27,44,1.4,6.5
2024-11-03,0,25.5,32.3,20.1,0.00,0.00,11.5,59,24,42,3.3,7.9
2024-11-04,0,24.4,31.1,18.3,0.00,0.00,8.1,71,29,49,2.6,5.7
2024-11-05,0,24.2,30.5,18.1,0.00,0.00,9.2,74,35,53,2.4,6.4
2024-11-06,0,24.5,31.0,18.2,0.00,0.00,9.2,84,34,58,2.3,6.4
2024-11-07,0,24.6,31.5,18.5,0.00,0.00,9.3,82,33,58,1.7,6.2
2024-11-08,1,24.6,31.2,18.6,0.00,0.00,7.2,92,33,62,1.3,5.4
2024-11-09,0,24.5,31.5,18.6,0.00,0.00,9.6,88,26,56,4.3,7.2
2024-11-10,0,24.8,31.7,18.7,0.00,0.00,12.6,72,25,48,5.4,8.6
2024-11-11,0,24.6,31.1,18.9,0.00,0.00,11.3,85,27,52,3.1,7.7
2024-11-12,0,24.8,31.0,18.5,0.00,0.00,12.0,80,21,45,0.9,5.7
2024-11-13,0,24.7,30.6,19.4,0.00,0.00,9.5,61,23,40,0.9,5.2
2024-11-14,1,23.8,30.0,18.2,0.00,0.00,9.2,64,25,45,2.6,6.3
2024-11-15,2,23.6,29.5,17.6,0.00,0.00,10.1,66,26,45,0.4,4.2
2024-11-16,1,23.2,29.2,17.4,0.00,0.00,10.3,72,24,45,1.0,4.8
2024-11-17,0,22.7,28.8,17.3,0.00,0.00,12.4,63,21,39,0.6,7.9
2024-11-18,0,20.6,26.6,16.0,0.00,0.00,10.5,66,22,44,2.9,6.8
2024-11-19,0,19.9,25.9,14.5,0.00,0.00,7.3,66,25,46,0.4,3.2
2024-11-20,0,19.5,25.6,14.1,0.00,0.00,7.9,61,26,44,1.0,3.8
2024-11-21,0,19.5,25.5,14.6,0.00,0.00,7.8,64,23,44,0.6,2.7
2024-11-22,0,19.6,25.9,13.7,0.00,0.00,5.6,65,25,46,0.8,3.0
2024-11-23,0,20.0,25.8,14.2,0.00,0.00,6.7,67,29,48,1.5,4.7
2024-11-24,0,20.9,27.0,16.0,0.00,0.00,8.0,63,25,44,1.4,5.3
2024-11-25,0,21.0,27.0,15.9,0.00,0.00,12.8,57,20,38,5.7,8.8
2024-11-26,0,20.6,26.4,15.1,0.00,0.00,10.1,59,29,44,1.8,5.2
2024-11-27,0,20.5,26.9,14.6,0.00,0.00,11.8,73,29,50,0.8,5.0
2024-11-28,0,19.6,25.9,15.1,0.00,0.00,10.2,77,23,51,3.1,6.1
2024-11-29,0,18.2,24.2,13.5,0.00,0.00,8.4,66,30,49,1.4,5.1
2024-11-30,0,18.4,24.4,13.2,0.00,0.00,12.2,70,28,53,1.3,7.2
2024-12-01,0,19.3,25.1,14.2,0.00,0.00,10.5,72,34,55,4.6,7.0
2024-12-02,0,19.4,25.6,14.1,0.00,0.00,8.4,76,32,56,4.7,6.9
2024-12-03,0,19.7,26.4,14.4,0.00,0.00,9.9,71,26,51,3.1,6.6
2024-12-04,0,20.0,25.6,14.8,0.00,0.00,9.4,72,31,49,4.7,8.1
2024-12-05,0,19.1,24.5,14.1,0.00,0.00,9.3,55,17,36,3.3,6.9
2024-12-06,1,18.4,23.9,13.1,0.00,0.00,9.7,58,30,41,2.2,5.6
2024-12-07,0,17.7,24.0,11.4,0.00,0.00,8.1,67,27,49,0.9,4.6
2024-12-08,1,17.1,22.6,11.9,0.00,0.00,17.5,77,14,47,5.4,10.6
2024-12-09,0,14.8,20.4,9.9,0.00,0.00,13.9,66,22,43,4.8,9.2
2024-12-10,0,14.8,20.7,9.9,0.00,0.00,8.3,81,25,52,3.9,6.8
2024-12-11,2,14.5,21.5,8.6,0.00,0.00,6.2,60,15,37,0.9,3.4
2024-12-12,0,14.3,20.9,8.0,0.00,0.00,9.7,49,20,35,2.5,5.1
2024-12-13,2,15.1,20.8,10.4,0.00,0.00,12.6,57,19,35,6.7,10.3
2024-12-14,0,15.4,22.5,8.8,0.00,0.00,12.6,50,15,32,4.1,8.1
2024-12-15,0,15.5,22.8,9.4,0.00,0.00,8.2,62,16,34,2.6,5.6
2024-12-16,0,15.1,22.7,8.6,0.00,0.00,6.6,71,22,50,0.4,3.1
2024-12-17,0,14.8,22.2,8.1,0.00,0.00,8.7,85,29,59,0.5,4.5
2024-12-18,3,14.8,21.6,8.9,0.00,0.00,9.7,89,28,59,0.9,5.4
2024-12-19,0,14.3,20.7,9.2,0.00,0.00,12.6,88,43,71,5.4,10.0
2024-12-20,1,15.7,21.6,11.5,0.00,0.00,11.6,88,44,69,6.7,9.5
2024-12-21,3,16.0,22.9,10.3,0.00,0.00,10.4,84,28,61,3.6,7.0
2024-12-22,3,16.0,22.0,10.9,0.00,0.00,12.3,89,33,62,6.3,8.7
2024-12-23,51,15.1,18.3,12.8,1.20,1.20,13.6,91,52,70,6.9,10.4
2024-12-24,51,15.2,20.5,11.4,0.30,0.30,10.3,94,51,79,4.0,8.3
2024-12-25,51,15.0,20.4,10.9,0.10,0.10,11.4,99,50,78,7.0,8.7
2024-12-26,51,15.9,20.9,11.6,0.70,0.70,13.4,89,57,75,7.2,9.6
2024-12-27,65,16.1,19.0,14.4,37.80,37.80,11.9,100,84,93,3.4,7.9
2024-12-28,55,15.7,19.5,11.9,1.70,1.70,11.5,99,48,79,1.4,8.1
2024-12-29,0,12.8,18.2,8.9,0.00,0.00,10.3,91,50,76,5.0,7.8
2024-12-30,1,12.3,18.6,6.8,0.00,0.00,9.5,97,60,83,0.5,4.7
2024-12-31,3,11.2,17.1,7.3,0.00,0.00,6.2,100,62,88,2.2,3.9
2025-01-01,3,11.8,19.2,6.4,0.00,0.00,9.5,100,55,84,0.4,3.6
2025-01-02,3,14.7,22.4,9.2,0.00,0.00,9.7,93,37,74,0.8,4.3
2025-01-03,3,15.3,22.4,10.8,0.00,0.00,5.4,95,46,77,1.5,3.3
2025-01-04,0,15.9,22.4,10.7,0.00,0.00,9.5,90,56,78,3.5,6.1
2025-01-05,2,15.2,21.8,10.4,0.00,0.00,9.6,98,59,83,4.3,7.5
2025-01-06,55,14.6,20.8,11.1,1.90,1.90,10.7,98,55,82,2.7,8.3
2025-01-07,3,12.3,17.9,8.2,0.00,0.00,13.3,99,54,79,5.1,8.8
2025-01-08,0,12.7,18.9,7.3,0.00,0.00,10.8,80,43,65,1.2,6.4
2025-01-09,0,13.9,19.6,9.2,0.00,0.00,10.3,78,42,64,0.8,5.2
2025-01-10,0,13.5,19.8,9.0,0.00,0.00,14.2,87,45,71,6.0,9.7
2025-01-11,63,12.8,17.1,9.8,7.00,7.00,13.1,97,66,85,3.1,8.5
2025-01-12,51,12.1,17.2,8.9,0.20,0.20,12.8,100,66,88,2.3,5.7
2025-01-13,3,12.5,18.3,8.5,0.00,0.00,10.8,100,48,79,3.5,7.2
2025-01-14,3,13.0,18.7,8.4,0.00,0.00,10.1,93,48,76,2.9,6.8
2025-01-15,53,12.5,16.9,9.2,1.20,1.20,12.1,98,68,88,5.7,8.8
2025-01-16,3,14.1,19.4,10.6,0.00,0.00,8.5,94,51,79,4.6,6.8
2025-01-17,0,12.6,18.6,8.8,0.00,0.00,10.0,97,45,76,4.8,7.2
2025-01-18,3,13.2,19.8,6.8,0.00,0.00,7.8,89,58,76,3.5,5.5
2025-01-19,3,17.2,23.8,11.3,0.00,0.00,7.3,87,58,76,0.9,4.9
2025-01-20,0,18.9,24.4,14.6,0.00,0.00,9.4,93,53,78,1.0,3.6
2025-01-21,1,18.4,24.1,13.1,0.00,0.00,9.2,95,54,77,0.6,4.8
2025-01-22,51,17.7,22.9,12.8,0.60,0.60,11.2,92,49,71,4.2,7.8
2025-01-23,51,16.4,21.8,12.9,0.30,0.30,10.6,96,41,71,5.3,8.6
2025-01-24,0,15.0,20.9,10.6,0.00,0.00,10.9,75,34,56,4.2,7.6
2025-01-25,0,14.5,20.9,9.8,0.00,0.00,10.0,58,25,46,3.4,7.1
2025-01-26,0,14.9,22.2,8.9,0.00,0.00,7.7,66,22,46,1.3,3.9
2025-01-27,0,15.7,23.0,10.2,0.00,0.00,5.0,64,22,48,0.4,2.3
2025-01-28,0,16.7,24.3,9.1,0.00,0.00,7.1,68,20,46,0.6,4.0
2025-01-29,3,17.6,24.6,11.9,0.00,0.00,9.8,74,35,55,4.3,7.4
2025-01-30,0,18.5,26.3,12.7,0.00,0.00,10.3,81,19,51,1.5,5.1
2025-01-31,0,18.9,25.4,12.9,0.00,0.00,10.0,65,22,43,2.5,6.3
2025-02-01,1,17.9,24.1,12.9,0.00,0.00,9.3,87,35,65,0.2,5.2
2025-02-02,2,17.8,24.4,13.2,0.00,0.00,11.6,92,33,68,3.8,7.9
2025-02-03,2,17.5,23.4,11.9,0.00,0.00,10.8,84,37,62,6.8,9.3
2025-02-04,61,18.2,22.6,15.4,3.80,3.80,13.1,94,57,74,1.1,6.7
2025-02-05,0,16.0,21.7,11.8,0.00,0.00,12.3,88,29,54,4.8,8.6
2025-02-06,0,14.6,21.3,8.9,0.00,0.00,8.9,76,29,53,0.3,5.8
2025-02-07,3,15.0,21.2,10.0,0.00,0.00,11.0,62,28,47,5.0,8.0
2025-02-08,3,17.1,24.4,11.1,0.00,0.00,8.8,56,24,43,0.5,5.7
2025-02-09,3,17.8,23.6,12.7,0.00,0.00,6.7,63,27,47,0.5,3.4
2025-02-10,3,19.3,26.5,13.1,0.00,0.00,8.0,65,25,50,0.5,4.6
2025-02-11,3,20.1,27.0,14.0,0.00,0.00,7.5,70,24,51,0.4,4.4
2025-02-12,2,19.2,25.2,14.7,0.00,0.00,14.1,67,18,44,3.9,10.0
2025-02-13,0,18.4,24.5,13.4,0.00,0.00,12.1,60,21,40,4.8,8.5
2025-02-14,3,20.4,26.7,13.2,0.00,0.00,10.7,56,21,38,0.4,6.8
2025-02-15,3,21.8,29.5,15.8,0.00,0.00,16.1,66,22,46,3.4,9.3
2025-02-16,1,20.9,27.9,14.6,0.00,0.00,11.1,76,23,52,1.9,7.0
2025-02-17,3,21.4,27.4,16.5,0.00,0.00,11.8,75,33,55,7.5,10.2
2025-02-18,63,20.5,25.0,17.5,5.70,5.70,13.0,76,46,60,1.9,6.8
2025-02-19,61,20.2,26.4,15.6,1.60,1.60,13.2,84,36,62,3.3,7.5
2025-02-20,51,19.8,25.4,15.0,0.10,0.10,16.1,80,46,65,1.9,9.0
2025-02-21,2,19.3,25.6,14.2,0.00,0.00,15.9,88,19,48,2.4,10.2
2025-02-22,0,18.6,25.1,13.1,0.00,0.00,11.2,79,28,53,1.1,6.6
2025-02-23,0,19.8,26.0,14.2,0.00,0.00,9.9,67,26,47,0.2,6.0
2025-02-24,0,20.5,27.4,14.6,0.00,0.00,7.2,70,26,49,0.5,4.9
2025-02-25,3,21.8,28.7,15.4,0.00,0.00,9.4,75,27,50,4.0,6.9
2025-02-26,3,23.9,30.3,18.2,0.00,0.00,11.0,68,25,44,4.0,7.1
2025-02-27,3,23.2,28.8,19.5,0.00,0.00,13.2,73,32,52,3.4,9.3
2025-02-28,3,21.3,25.7,18.1,0.00,0.00,10.6,80,40,64,0.6,5.0
2025-03-01,51,22.0,27.6,16.8,0.10,0.10,14.2,79,36,62,2.1,6.8
2025-03-02,3,21.3,27.8,16.4,0.00,0.00,14.0,97,28,61,5.8,9.6
2025-03-03,1,22.5,29.8,15.6,0.00,0.00,20.3,61,23,40,3.6,9.0
2025-03-04,1,20.6,25.0,16.3,0.00,0.00,18.3,46,10,30,11.1,15.7
2025-03-05,0,18.4,24.7,12.0,0.00,0.00,19.0,56,15,32,11.9,15.1
2025-03-06,0,21.3,28.8,14.8,0.00,0.00,14.4,33,9,22,0.7,10.1
2025-03-07,0,24.0,31.0,16.9,0.00,0.00,13.2,38,14,25,0.9,6.2
2025-03-08,0,23.8,31.5,16.1,0.00,0.00,10.9,55,14,32,1.2,5.3
2025-03-09,3,24.3,31.4,17.9,0.00,0.00,12.6,44,18,31,4.3,8.9
2025-03-10,3,25.4,32.8,18.8,0.00,0.00,11.2,51,20,37,5.9,8.8
2025-03-11,3,27.2,35.0,19.4,0.00,0.00,12.7,55,15,33,1.6,7.3
2025-03-12,3,26.8,34.2,19.1,0.00,0.00,14.6,78,17,41,1.0,8.1
2025-03-13,3,26.8,33.7,21.8,0.00,0.00,17.8,56,23,39,0.9,7.2
2025-03-14,51,26.4,32.8,20.4,0.20,0.20,12.7,73,21,40,2.2,6.2
2025-03-15,3,25.6,33.1,19.4,0.00,0.00,19.6,64,16,38,5.7,10.7
2025-03-16,1,23.8,29.9,18.4,0.00,0.00,14.3,74,23,45,5.4,10.8
2025-03-17,2,23.3,28.9,17.0,0.00,0.00,12.8,64,20,35,2.3,9.5
2025-03-18,3,23.0,30.4,16.4,0.00,0.00,10.9,67,13,37,0.0,6.2
2025-03-19,1,24.2,31.0,17.6,0.00,0.00,10.9,46,15,30,2.7,7.1
2025-03-20,3,25.1,31.2,19.5,0.00,0.00,12.8,50,16,30,7.1,10.1
2025-03-21,1,25.7,32.2,19.1,0.00,0.00,12.7,46,15,27,2.6,8.9
2025-03-22,0,25.4,32.3,18.8,0.00,0.00,17.0,46,9,26,1.0,9.1
2025-03-23,0,25.3,33.1,17.3,0.00,0.00,11.5,52,11,28,1.8,5.6
2025-03-24,0,26.7,34.2,19.1,0.00,0.00,11.1,47,13,27,1.8,6.4
2025-03-25,0,28.4,36.1,20.4,0.00,0.00,11.5,45,10,24,0.4,6.3
2025-03-26,0,29.3,36.2,21.4,0.00,0.00,14.5,38,11,21,0.8,7.7
2025-03-27,1,29.6,35.3,24.2,0.00,0.00,19.3,34,18,23,5.4,12.9
2025-03-28,0,25.2,30.7,20.7,0.00,0.00,17.7,28,5,14,11.4,14.4
2025-03-29,3,23.6,30.4,17.1,0.00,0.00,16.5,20,7,14,6.3,12.3
2025-03-30,2,25.5,32.8,18.2,0.00,0.00,14.1,23,7,14,4.0,8.0
2025-03-31,0,26.7,34.3,19.4,0.00,0.00,11.3,27,7,16,2.4,6.9
2025-04-01,0,27.4,34.7,21.0,0.00,0.00,13.0,25,8,16,4.0,8.3
2025-04-02,0,27.5,34.5,20.0,0.00,0.00,11.2,27,9,16,4.8,8.6
2025-04-03,53,27.4,33.6,22.0,0.80,0.80,14.8,29,15,23,2.4,9.0
2025-04-04,2,29.5,37.2,22.0,0.00,0.00,13.8,39,9,22,2.7,8.3
2025-04-05,0,29.9,36.5,22.9,0.00,0.00,13.7,29,12,19,3.0,8.5
2025-04-06,2,31.0,38.8,23.2,0.00,0.00,14.3,39,11,22,0.7,5.6
2025-04-07,0,32.0,39.8,25.0,0.00,0.00,12.5,31,10,22,3.9,7.6
2025-04-08,2,32.5,39.8,25.2,0.00,0.00,11.1,34,12,22,4.1,7.5
2025-04-09,2,33.2,40.8,25.9,0.00,0.00,16.8,39,10,21,2.0,8.9
2025-04-10,2,33.3,40.0,26.5,0.00,0.00,15.5,32,8,17,3.5,10.0
2025-04-11,3,30.4,37.2,25.0,0.00,0.00,19.4,51,13,28,2.7,11.0
2025-04-12,3,28.1,36.0,21.5,0.00,0.00,15.0,72,18,41,0.4,8.3
2025-04-13,0,28.8,36.6,22.1,0.00,0.00,16.5,60,16,35,0.5,8.0
2025-04-14,0,30.1,36.5,23.1,0.00,0.00,10.8,50,18,31,4.3,7.2
2025-04-15,0,30.4,36.6,24.0,0.00,0.00,12.2,46,21,32,3.4,9.1
2025-04-16,1,31.7,38.2,25.5,0.00,0.00,11.7,46,17,31,3.2,7.7
2025-04-17,3,33.7,41.0,26.3,0.00,0.00,14.8,37,12,23,3.9,8.7
2025-04-18,1,35.3,41.9,27.0,0.00,0.00,17.4,38,9,20,0.9,10.6
2025-04-19,1,33.9,39.5,27.0,0.00,0.00,17.6,30,6,15,2.2,12.1
2025-04-20,1,33.5,39.2,27.5,0.00,0.00,15.0,32,13,21,6.8,11.2
2025-04-21,0,32.2,38.0,25.5,0.00,0.00,16.8,19,4,9,8.4,13.1
2025-04-22,0,32.1,38.5,25.0,0.00,0.00,14.8,14,4,7,6.4,11.7
2025-04-23,0,31.7,38.5,24.1,0.00,0.00,14.1,10,3,6,4.8,10.3
2025-04-24,0,32.6,39.8,25.1,0.00,0.00,17.5,11,6,8,4.9,10.7
2025-04-25,2,34.1,40.5,27.6,0.00,0.00,14.8,16,7,10,4.8,10.8
2025-04-26,3,33.1,40.0,27.6,0.00,0.00,17.2,28,9,15,0.4,8.2
2025-04-27,1,32.9,39.5,26.2,0.00,0.00,9.1,29,8,17,0.9,5.4
2025-04-28,0,33.5,40.7,27.0,0.00,0.00,16.3,24,5,13,1.9,10.4
2025-04-29,1,32.0,39.9,24.4,0.00,0.00,14.4,39,8,21,6.8,9.7
2025-04-30,55,31.9,39.3,25.0,1.10,1.10,13.1,52,15,29,5.6,9.1
2025-05-01,3,32.5,39.2,25.5,0.00,0.00,13.1,46,12,25,5.3,10.0
2025-05-02,3,30.1,35.7,25.5,0.00,0.00,20.4,54,25,38,2.9,12.0
2025-05-03,61,28.3,35.0,24.0,3.60,3.60,13.5,67,30,51,1.5,7.5
2025-05-04,3,29.6,35.8,23.9,0.00,0.00,10.4,62,21,41,1.3,6.3
2025-05-05,3,29.1,35.9,24.2,0.00,0.00,10.6,63,21,41,3.6,6.3
2025-05-06,51,26.2,33.0,21.8,0.60,0.60,13.7,81,33,60,1.3,4.5
2025-05-07,51,27.1,31.0,22.3,0.90,0.90,14.7,79,37,56,0.6,5.2
2025-05-08,55,26.8,31.7,23.0,1.90,1.90,9.3,83,41,60,0.0,4.8
2025-05-09,51,28.2,34.2,22.5,0.30,0.30,7.5,84,31,57,1.4,4.1
2025-05-10,3,29.7,35.8,24.1,0.00,0.00,12.2,72,31,50,3.6,7.4
2025-05-11,2,31.9,37.9,25.2,0.00,0.00,10.2,69,20,40,0.9,4.7
2025-05-12,1,32.4,38.4,26.0,0.00,0.00,12.8,52,21,31,1.3,8.2
2025-05-13,2,32.8,39.2,26.8,0.00,0.00,15.8,46,17,32,0.6,9.7
2025-05-14,0,33.4,39.7,26.3,0.00,0.00,16.1,47,13,29,2.0,10.2
2025-05-15,2,34.3,40.2,27.5,0.00,0.00,15.9,34,12,22,6.2,11.3
2025-05-16,1,35.2,41.1,28.4,0.00,0.00,15.7,34,13,22,4.7,11.4
2025-05-17,1,35.6,41.9,29.2,0.00,0.00,16.4,43,13,26,6.3,13.3
2025-05-18,1,35.6,42.0,29.6,0.00,0.00,20.2,48,13,27,8.7,14.0
2025-05-19,1,36.0,42.1,30.1,0.00,0.00,16.9,47,12,26,4.1,11.9
2025-05-20,1,36.3,42.0,30.2,0.00,0.00,19.4,41,9,21,9.3,14.9
2025-05-21,1,36.9,43.0,30.5,0.00,0.00,16.9,36,12,20,9.6,13.7
2025-05-22,1,34.4,41.2,27.5,0.00,0.00,15.3,61,14,34,0.2,8.9
2025-05-23,1,34.8,41.8,27.9,0.00,0.00,12.6,55,12,34,2.2,8.5
2025-05-24,1,34.4,40.6,28.4,0.00,0.00,16.4,53,20,37,8.7,12.3
2025-05-25,1,32.1,38.0,24.5,0.00,0.00,14.3,76,29,46,3.1,9.9
2025-05-26,1,32.4,38.5,25.2,0.00,0.00,13.7,73,29,48,4.4,10.0
2025-05-27,1,33.2,38.5,27.8,0.00,0.00,13.4,64,29,46,4.0,9.1
2025-05-28,3,34.5,40.5,28.7,0.00,0.00,13.2,58,23,41,2.1,7.8
2025-05-29,3,34.0,38.5,29.5,0.00,0.00,11.7,57,29,40,0.0,5.7
2025-05-30,51,33.2,38.3,30.0,0.30,0.30,20.7,53,22,35,3.1,8.6
2025-05-31,2,33.8,38.8,28.6,0.00,0.00,19.7,55,18,34,7.5,12.8
2025-06-01,2,32.8,38.2,28.9,0.00,0.00,18.3,56,18,38,4.7,13.2
2025-06-02,51,29.8,36.4,24.5,0.30,0.30,23.8,69,28,48,1.5,11.7
2025-06-03,63,24.9,28.4,22.8,8.80,8.80,12.6,94,55,75,1.9,6.8
2025-06-04,3,27.4,34.7,22.5,0.00,0.00,12.3,82,30,58,4.7,7.7
2025-06-05,0,28.4,34.8,22.6,0.00,0.00,7.8,67,31,49,1.0,5.0
2025-06-06,1,30.7,37.1,23.7,0.00,0.00,18.8,68,28,47,4.8,9.4
2025-06-07,1,33.7,40.0,26.5,0.00,0.00,16.7,63,19,37,1.1,9.9
2025-06-08,0,35.0,40.8,28.5,0.00,0.00,17.5,55,17,30,1.5,11.2
2025-06-09,0,35.9,41.7,29.8,0.00,0.00,18.0,28,14,20,12.4,15.8
2025-06-10,0,35.8,41.5,29.9,0.00,0.00,18.4,29,14,21,7.9,15.0
2025-06-11,1,36.2,42.5,30.0,0.00,0.00,17.5,35,15,24,7.1,13.4
2025-06-12,3,36.4,44.0,29.1,0.00,0.00,14.1,38,11,23,0.6,7.1
2025-06-13,1,36.0,41.7,30.3,0.00,0.00,12.7,51,24,37,4.6,8.5
2025-06-14,2,35.8,41.5,30.0,0.00,0.00,10.4,60,25,40,0.7,5.8
2025-06-15,51,33.1,39.5,29.6,0.80,0.80,12.5,62,31,48,3.6,6.8
2025-06-16,63,29.4,34.6,25.0,8.30,8.30,17.0,94,47,69,3.6,10.1
2025-06-17,65,28.7,35.8,24.5,23.80,23.80,16.3,96,43,75,1.5,8.9
2025-06-18,51,28.1,31.2,25.0,1.60,1.60,12.1,95,61,79,2.8,6.9
2025-06-19,55,28.7,33.3,25.3,1.90,1.90,8.5,94,54,77,1.4,4.9
2025-06-20,61,26.9,29.9,25.0,10.00,10.00,12.2,99,70,86,2.3,5.5
2025-06-21,61,27.9,32.8,24.4,4.10,4.10,8.9,99,62,83,1.5,5.3
2025-06-22,51,29.2,33.5,25.5,0.40,0.40,9.7,92,60,78,1.8,4.7
2025-06-23,61,28.7,34.9,25.6,3.50,3.50,12.9,95,54,80,2.7,7.7
2025-06-24,63,30.0,34.7,25.7,3.00,3.00,14.3,93,52,74,2.6,6.3
2025-06-25,63,28.8,33.3,24.8,4.60,4.60,15.3,96,59,80,1.5,7.1
2025-06-26,51,29.5,33.7,26.0,0.20,0.20,14.5,93,57,75,3.9,9.8
2025-06-27,63,28.6,33.1,25.8,5.20,5.20,9.9,92,60,79,3.2,7.0
2025-06-28,3,29.1,33.0,25.8,0.00,0.00,10.2,92,55,73,4.8,7.5
2025-06-29,61,28.6,33.2,25.2,3.40,3.40,10.2,90,60,77,1.7,6.3
2025-06-30,51,28.4,32.2,25.6,0.30,0.30,14.4,88,64,78,2.1,8.8
2025-07-01,65,27.6,31.9,25.6,19.80,19.80,13.3,91,67,83,2.7,7.5
2025-07-02,61,28.3,32.8,24.4,6.70,6.70,12.3,98,60,81,1.5,6.3
2025-07-03,55,28.3,32.3,24.6,4.90,4.90,10.1,99,62,83,2.3,6.4
2025-07-04,63,28.4,32.9,25.0,8.00,8.00,9.8,99,62,83,0.7,4.5
2025-07-05,61,27.7,32.5,24.9,4.30,4.30,11.9,96,65,84,1.5,6.2
2025-07-06,53,28.6,33.0,24.9,2.70,2.70,7.4,97,62,82,0.0,4.2
2025-07-07,53,28.5,32.2,24.7,2.50,2.50,9.6,99,66,81,0.6,5.4
2025-07-08,3,29.6,34.0,25.5,0.00,0.00,11.0,88,51,71,4.8,8.3
2025-07-09,63,28.9,32.8,26.1,8.40,8.40,11.9,87,60,74,1.6,7.1
2025-07-10,61,25.6,26.9,24.0,16.60,16.60,9.1,97,85,91,2.6,5.0
2025-07-11,63,26.9,31.1,24.2,8.80,8.80,10.7,99,68,86,2.8,6.1
2025-07-12,63,27.1,31.0,22.6,15.00,15.00,18.5,98,65,82,1.5,5.9
2025-07-13,63,26.9,31.1,23.9,4.60,4.60,11.4,94,62,83,1.1,6.9
2025-07-14,65,25.3,28.6,23.8,65.90,65.90,15.4,99,75,92,5.3,9.9
2025-07-15,63,26.6,31.1,23.2,15.70,15.70,16.6,99,63,83,3.1,11.6
2025-07-16,51,28.1,32.0,24.9,0.60,0.60,12.2,89,59,77,5.0,8.2
2025-07-17,61,27.0,30.1,24.8,6.30,6.30,9.5,96,69,86,0.3,4.8
2025-07-18,63,26.4,30.4,24.1,20.70,20.70,19.2,99,68,88,3.2,11.2
2025-07-19,55,26.1,29.4,23.7,4.80,4.80,24.2,99,70,86,5.9,15.5
2025-07-20,3,27.5,31.1,24.0,0.00,0.00,11.7,94,58,77,2.5,7.4
2025-07-21,53,28.0,30.5,25.2,1.10,1.10,7.5,89,68,80,1.9,5.3
2025-07-22,53,28.5,32.2,26.0,1.50,1.50,12.6,89,64,79,2.3,6.4
2025-07-23,63,27.4,30.4,25.7,7.30,7.30,13.5,95,73,86,3.5,8.9
2025-07-24,51,28.7,32.2,25.3,0.20,0.20,11.9,95,62,76,3.8,8.1
2025-07-25,51,29.3,33.3,25.6,0.40,0.40,11.9,83,57,72,3.3,8.4
2025-07-26,63,28.0,31.0,25.8,8.90,8.90,12.2,96,71,83,3.3,7.3
2025-07-27,63,28.3,32.5,24.9,11.70,11.70,12.7,95,62,82,2.0,8.2
2025-07-28,53,29.0,32.6,26.0,1.70,1.70,12.2,93,66,81,3.4,7.3
2025-07-29,61,28.0,32.2,25.9,4.40,4.40,15.9,97,64,83,0.0,7.6
2025-07-30,65,25.9,27.4,24.2,33.90,33.90,11.2,98,89,94,1.8,7.6
2025-07-31,63,25.4,27.9,23.9,17.80,17.80,14.2,98,83,92,8.7,10.9
2025-08-01,55,27.1,31.1,23.9,1.80,1.80,15.4,98,66,84,6.0,10.1
2025-08-02,51,28.1,31.6,24.9,0.40,0.40,14.4,90,59,77,6.4,10.0
2025-08-03,63,28.0,31.9,25.6,8.30,8.30,12.5,87,66,79,1.2,8.0
2025-08-04,51,28.2,31.8,25.2,0.30,0.30,13.6,85,62,76,4.2,9.5
2025-08-05,51,28.0,31.9,25.1,0.30,0.30,17.3,85,60,75,5.3,9.9
2025-08-06,51,27.7,31.6,24.2,0.40,0.40,14.3,85,58,74,5.8,9.1
2025-08-07,51,28.0,32.0,24.0,0.80,0.80,13.3,86,57,71,7.0,10.2
2025-08-08,51,28.4,32.5,24.4,0.10,0.10,13.3,80,54,69,5.4,9.6
2025-08-09,3,28.0,31.4,24.9,0.00,0.00,12.0,86,58,73,1.0,7.9
2025-08-10,51,28.1,31.9,25.0,0.10,0.10,13.1,84,59,74,2.5,8.1
2025-08-11,53,28.5,32.5,25.4,0.80,0.80,14.1,84,61,74,3.6,9.5
2025-08-12,3,28.9,32.5,25.5,0.00,0.00,13.1,80,55,70,4.3,9.4
2025-08-13,51,29.1,32.8,25.2,0.20,0.20,10.5,81,52,68,3.4,7.2
2025-08-14,65,27.2,29.5,25.6,11.20,11.20,8.4,94,73,84,0.6,4.5
2025-08-15,51,27.8,30.9,24.5,0.80,0.80,6.4,97,66,83,1.3,4.5
2025-08-16,61,28.2,31.0,25.5,2.50,2.50,13.6,98,67,82,3.2,5.9
2025-08-17,51,29.1,32.9,26.2,0.70,0.70,13.2,91,55,76,7.1,10.3
2025-08-18,61,28.6,32.9,24.9,3.00,3.00,15.5,95,56,78,8.1,11.4
2025-08-19,53,28.7,32.2,25.5,1.60,1.60,14.6,94,59,76,7.5,9.9
2025-08-20,51,29.2,33.0,25.5,0.50,0.50,17.0,91,51,71,7.1,12.8
2025-08-21,63,27.2,31.8,24.0,10.10,10.10,13.3,96,60,82,1.2,8.6
2025-08-22,65,25.7,29.9,24.0,31.10,31.10,13.1,96,73,90,2.4,8.0
2025-08-23,65,25.5,30.1,23.4,35.90,35.90,16.4,99,69,91,1.5,8.6
2025-08-24,63,25.1,28.8,22.9,35.10,35.10,7.2,100,75,92,0.4,3.9
2025-08-25,63,25.9,30.1,23.4,6.40,6.40,10.2,99,69,89,0.4,3.5
2025-08-26,63,26.8,31.6,23.2,7.80,7.80,7.3,100,63,86,0.9,3.7
2025-08-27,61,27.3,31.8,24.3,6.30,6.30,8.8,99,65,86,0.0,2.8
2025-08-28,51,28.2,32.2,24.9,0.20,0.20,6.9,97,61,82,0.3,2.7
2025-08-29,53,27.6,30.9,25.3,1.50,1.50,10.8,97,67,87,0.5,5.9
2025-08-30,65,27.8,31.8,23.9,12.60,12.60,13.9,99,63,83,2.6,8.2
2025-08-31,63,25.5,29.2,24.0,13.10,13.10,10.2,99,74,92,1.9,5.5
2025-09-01,63,24.5,27.2,22.4,26.30,26.30,16.6,99,78,92,4.7,10.1
2025-09-02,53,25.9,30.6,23.1,2.60,2.60,16.5,100,67,87,2.3,9.7
2025-09-03,61,25.6,29.5,22.8,5.40,5.40,10.4,99,66,88,0.9,6.2
2025-09-04,61,26.0,29.7,23.0,5.10,5.10,12.6,98,67,86,6.0,10.0
2025-09-05,63,25.7,29.9,23.6,8.90,8.90,17.7,97,67,87,9.2,14.0
2025-09-06,61,25.9,30.3,23.4,7.70,7.70,19.3,98,67,88,7.5,13.9
2025-09-07,53,26.0,30.4,23.4,1.20,1.20,14.8,99,65,86,7.8,10.4
2025-09-08,51,26.2,30.2,22.1,0.50,0.50,13.7,92,62,78,4.7,8.4
2025-09-09,0,26.9,30.9,23.1,0.00,0.00,8.5,91,56,75,4.0,6.9
2025-09-10,0,27.0,30.9,23.5,0.00,0.00,13.9,84,56,71,7.6,11.0
2025-09-11,3,26.5,30.4,23.0,0.00,0.00,13.3,86,55,72,4.1,10.7
2025-09-12,51,26.7,30.4,23.2,0.10,0.10,12.1,85,59,74,5.7,8.8
2025-09-13,3,27.4,31.6,23.3,0.00,0.00,10.8,83,51,69,2.5,7.3
2025-09-14,51,28.0,32.2,24.2,0.10,0.10,10.7,82,48,68,3.9,7.1
2025-09-15,51,28.1,32.0,24.4,0.10,0.10,11.4,81,49,67,3.8,9.0
2025-09-16,3,27.8,32.0,24.0,0.00,0.00,9.8,84,49,70,1.9,7.0
2025-09-17,51,28.2,32.0,24.2,0.10,0.10,10.9,82,52,69,1.5,6.8
2025-09-18,53,27.7,32.0,24.4,1.50,1.50,13.9,87,55,72,0.6,6.5
2025-09-19,51,28.6,33.3,24.5,0.30,0.30,9.6,87,45,68,4.4,7.0
2025-09-20,3,28.4,32.8,24.9,0.00,0.00,9.5,81,44,65,4.4,7.9
2025-09-21,2,28.5,33.7,24.0,0.00,0.00,11.2,82,38,62,5.5,9.3
2025-09-22,3,28.9,34.2,23.5,0.00,0.00,11.4,86,33,57,7.5,9.5
2025-09-23,1,28.9,34.0,24.2,0.00,0.00,12.1,82,36,58,8.1,10.2
2025-09-24,0,28.5,33.5,24.0,0.00,0.00,13.8,79,36,58,5.1,10.7
2025-09-25,3,28.8,34.2,23.9,0.00,0.00,14.2,79,35,56,6.9,10.8
2025-09-26,0,29.6,35.0,24.5,0.00,0.00,12.4,67,33,52,6.0,10.4
2025-09-27,3,29.8,35.2,25.5,0.00,0.00,15.9,74,37,56,8.0,10.6
2025-09-28,51,29.3,34.0,25.5,0.10,0.10,18.0,83,48,68,9.2,12.9
2025-09-29,53,28.4,33.0,24.0,2.50,2.50,13.7,93,54,73,6.8,10.3
2025-09-30,65,26.7,32.0,24.4,12.50,12.50,7.5,98,56,82,0.6,4.0
2025-10-01,63,25.2,29.0,23.4,7.00,7.00,9.7,97,66,87,1.0,4.1
2025-10-02,63,26.4,30.8,22.0,8.00,8.00,8.0,99,57,79,0.6,4.4
2025-10-03,63,26.2,30.6,23.5,2.90,2.90,14.6,97,57,82,3.6,7.0
2025-10-04,51,27.1,31.2,23.6,0.80,0.80,9.7,92,48,74,2.4,5.2
2025-10-05,51,26.6,31.3,22.6,0.30,0.30,12.6,94,48,72,5.1,9.4
2025-10-06,65,23.0,25.6,21.3,28.20,28.20,11.6,98,72,86,3.1,7.0
2025-10-07,53,23.1,27.6,19.5,2.00,2.00,12.3,99,50,79,6.5,9.2
2025-10-08,1,22.7,27.3,19.0,0.00,0.00,10.7,91,44,68,4.7,8.1
2025-10-09,0,22.9,28.0,18.6,0.00,0.00,8.5,79,39,63,4.5,6.6
2025-10-10,0,23.0,28.5,17.8,0.00,0.00,7.4,86,37,62,1.5,5.0
2025-10-11,0,23.6,29.0,18.6,0.00,0.00,11.3,79,32,56,0.8,5.8
2025-10-12,1,24.1,29.6,19.2,0.00,0.00,6.9,77,31,57,1.0,4.6
2025-10-13,0,24.6,30.5,19.7,0.00,0.00,5.0,68,26,49,0.4,2.9
2025-10-14,0,24.5,30.2,19.2,0.00,0.00,7.1,66,27,47,0.8,4.2
2025-10-15,0,25.0,30.5,19.9,0.00,0.00,7.0,64,27,44,0.7,3.4
2025-10-16,0,24.8,30.5,20.2,0.00,0.00,8.1,61,23,43,1.3,4.5
2025-10-17,0,24.6,30.7,19.1,0.00,0.00,6.3,65,28,48,1.2,3.7
2025-10-18,0,24.0,29.8,18.4,0.00,0.00,5.9,70,29,48,2.4,4.1
2025-10-19,0,24.6,29.6,19.5,0.00,0.00,8.2,65,35,51,1.7,5.1
2025-10-20,3,24.6,30.4,19.1,0.00,0.00,9.7,72,30,53,1.6,6.0
2025-10-21,51,24.6,30.0,20.4,0.20,0.20,12.7,78,36,60,1.3,4.8
2025-10-22,3,25.1,31.0,20.1,0.00,0.00,9.6,77,28,54,1.5,5.5
2025-10-23,0,24.7,30.5,20.1,0.00,0.00,10.7,60,25,44,4.3,8.0
2025-10-24,0,24.0,30.4,18.8,0.00,0.00,8.8,66,24,48,0.7,4.5
2025-10-25,0,24.1,30.3,18.5,0.00,0.00,10.0,66,27,44,1.0,6.0
2025-10-26,3,23.9,29.5,18.5,0.00,0.00,10.7,64,33,52,6.2,8.7
2025-10-27,53,20.7,23.4,18.1,6.30,6.30,14.2,95,59,75,7.4,10.5
2025-10-28,51,19.2,20.6,18.2,0.60,0.60,16.1,97,80,87,8.8,11.8
2025-10-29,53,21.3,25.3,18.0,0.80,0.80,13.6,90,54,74,6.3,9.2
2025-10-30,61,21.2,22.8,19.6,8.60,8.60,12.4,97,81,93,5.4,9.4
2025-10-31,51,22.4,25.5,19.9,1.50,1.50,7.6,100,72,88,0.4,3.1
2025-11-01,3,23.4,27.6,19.6,0.00,0.00,7.8,99,57,79,0.6,5.1
2025-11-02,3,22.7,28.3,18.4,0.00,0.00,6.8,81,36,61,2.1,4.4
2025-11-03,3,23.0,29.3,17.6,0.00,0.00,9.0,68,26,50,0.8,6.0
2025-11-04,63,22.3,26.0,19.9,2.60,2.60,11.1,95,48,72,0.8,6.0
2025-11-05,2,22.1,28.1,18.0,0.00,0.00,13.8,99,22,57,7.8,10.8
2025-11-06,0,19.7,25.6,15.3,0.00,0.00,10.9,68,21,48,4.0,8.5
2025-11-07,0,18.6,25.8,12.7,0.00,0.00,9.0,58,24,45,4.9,7.7
2025-11-08,0,18.8,26.0,12.4,0.00,0.00,9.9,63,24,46,1.1,6.2
2025-11-09,0,18.8,26.0,12.8,0.00,0.00,8.4,66,24,49,0.8,5.3
2025-11-10,3,19.1,26.1,13.7,0.00,0.00,8.7,60,25,47,1.4,5.0
2025-11-11,0,19.0,26.3,13.1,0.00,0.00,8.2,66,23,48,0.8,6.0
2025-11-12,0,19.5,26.2,13.6,0.00,0.00,7.7,63,26,48,1.3,4.5
2025-11-13,0,19.0,25.8,14.1,0.00,0.00,10.3,58,23,45,4.8,7.8
2025-11-14,0,18.2,25.5,12.7,0.00,0.00,7.2,62,22,47,0.2,4.5
2025-11-15,0,18.2,25.8,12.9,0.00,0.00,7.5,59,22,46,0.4,4.3
2025-11-16,0,18.3,25.6,12.4,0.00,0.00,8.2,59,24,46,1.2,4.5
2025-11-17,0,18.0,25.5,11.9,0.00,0.00,7.0,62,26,48,1.0,3.8
2025-11-18,0,18.0,25.4,12.5,0.00,0.00,6.0,68,30,54,1.8,3.8
2025-11-19,3,17.9,24.5,12.1,0.00,0.00,6.4,74,36,57,2.8,4.4
2025-11-20,0,18.4,24.6,13.6,0.00,0.00,5.3,76,40,63,0.2,3.1
2025-11-21,0,18.7,24.8,13.5,0.00,0.00,6.4,81,40,64,0.2,3.1
2025-11-22,0,19.0,25.1,14.6,0.00,0.00,5.6,78,36,62,0.5,3.4
2025-11-23,0,18.6,24.6,14.1,0.00,0.00,7.7,74,32,57,0.2,3.6
2025-11-24,0,17.4,24.0,12.0,0.00,0.00,7.6,75,31,58,2.8,5.4
2025-11-25,0,17.1,24.0,12.2,0.00,0.00,7.6,77,27,57,2.6,5.4
2025-11-26,0,16.8,23.5,11.4,0.00,0.00,10.4,67,33,54,5.2,7.6
2025-11-27,3,18.7,24.1,14.6,0.00,0.00,10.1,74,34,54,6.3,8.5
2025-11-28,53,19.2,25.4,15.0,1.10,1.10,8.1,77,44,64,0.8,4.7
2025-11-29,1,19.8,26.4,14.4,0.00,0.00,7.8,78,39,62,0.9,4.7
2025-11-30,3,19.1,24.7,15.1,0.00,0.00,10.6,77,45,66,0.7,4.6
2025-12-01,0,18.4,24.5,13.1,0.00,0.00,9.4,84,45,68,2.8,5.8
2025-12-02,1,19.2,24.9,15.6,0.00,0.00,11.8,85,29,59,2.8,8.1
2025-12-03,3,17.3,24.0,12.9,0.00,0.00,10.4,71,25,47,3.3,7.7
